nowcwd:d:\ws\Sui\orc-linux\src
start orclsp
ActorByThread[actor1] start working
ActorByThread[actor2] start working
ActorByThread[actor3] start working
ActorByThread[actor4] start working
ActorByThread[actor5] start working


ProjectScanActor::onStart. cwd:d:\ws\Sui\orc-linux\src   exe:D:\ws\oms_ts\orc-antlr\antlr4-cpp\demo\Windows\bin\vs-2022\x64\Debug DLL\orccd.exeroute. id:0, method:initialize, params:{
    "capabilities": {
        "general": {
            "markdown": {
                "parser": "marked",
                "version": "1.1.0"
            },
            "regularExpressions": {
                "engine": "ECMAScript",
                "version": "ES2020"
            }
        },
        "textDocument": {
            "callHierarchy": {
                "dynamicRegistration": true
            },
            "codeAction": {
                "codeActionLiteralSupport": {
                    "codeActionKind": {
                        "valueSet": [
                            "",
                            "quickfix",
                            "refactor",
                            "refactor.extract",
                            "refactor.inline",
                            "refactor.rewrite",
                            "source",
                            "source.organizeImports"
                        ]
                    }
                },
                "dataSupport": true,
                "disabledSupport": true,
                "dynamicRegistration": true,
                "honorsChangeAnnotations": false,
                "isPreferredSupport": true,
                "resolveSupport": {
                    "properties": [
                        "edit"
                    ]
                }
            },
            "codeLens": {
                "dynamicRegistration": true
            },
            "colorProvider": {
                "dynamicRegistration": true
            },
            "completion": {
                "completionItem": {
                    "commitCharactersSupport": true,
                    "deprecatedSupport": true,
                    "documentationFormat": [
                        "markdown",
                        "plaintext"
                    ],
                    "insertReplaceSupport": true,
                    "insertTextModeSupport": {
                        "valueSet": [
                            1,
                            2
                        ]
                    },
                    "preselectSupport": true,
                    "resolveSupport": {
                        "properties": [
                            "documentation",
                            "detail",
                            "additionalTextEdits"
                        ]
                    },
                    "snippetSupport": true,
                    "tagSupport": {
                        "valueSet": [
                            1
                        ]
                    }
                },
                "completionItemKind": {
                    "valueSet": [
                        1,
                        2,
                        3,
                        4,
                        5,
                        6,
                        7,
                        8,
                        9,
                        10,
                        11,
                        12,
                        13,
                        14,
                        15,
                        16,
                        17,
                        18,
                        19,
                        20,
                        21,
                        22,
                        23,
                        24,
                        25
                    ]
                },
                "contextSupport": true,
                "dynamicRegistration": true
            },
            "declaration": {
                "dynamicRegistration": true,
                "linkSupport": true
            },
            "definition": {
                "dynamicRegistration": true,
                "linkSupport": true
            },
            "documentHighlight": {
                "dynamicRegistration": true
            },
            "documentLink": {
                "dynamicRegistration": true,
                "tooltipSupport": true
            },
            "documentSymbol": {
                "dynamicRegistration": true,
                "hierarchicalDocumentSymbolSupport": true,
                "labelSupport": true,
                "symbolKind": {
                    "valueSet": [
                        1,
                        2,
                        3,
                        4,
                        5,
                        6,
                        7,
                        8,
                        9,
                        10,
                        11,
                        12,
                        13,
                        14,
                        15,
                        16,
                        17,
                        18,
                        19,
                        20,
                        21,
                        22,
                        23,
                        24,
                        25,
                        26
                    ]
                },
                "tagSupport": {
                    "valueSet": [
                        1
                    ]
                }
            },
            "foldingRange": {
                "dynamicRegistration": true,
                "lineFoldingOnly": true,
                "rangeLimit": 5000
            },
            "formatting": {
                "dynamicRegistration": true
            },
            "hover": {
                "contentFormat": [
                    "markdown",
                    "plaintext"
                ],
                "dynamicRegistration": true
            },
            "implementation": {
                "dynamicRegistration": true,
                "linkSupport": true
            },
            "linkedEditingRange": {
                "dynamicRegistration": true
            },
            "onTypeFormatting": {
                "dynamicRegistration": true
            },
            "publishDiagnostics": {
                "codeDescriptionSupport": true,
                "dataSupport": true,
                "relatedInformation": true,
                "tagSupport": {
                    "valueSet": [
                        1,
                        2
                    ]
                },
                "versionSupport": false
            },
            "rangeFormatting": {
                "dynamicRegistration": true
            },
            "references": {
                "dynamicRegistration": true
            },
            "rename": {
                "dynamicRegistration": true,
                "honorsChangeAnnotations": true,
                "prepareSupport": true,
                "prepareSupportDefaultBehavior": 1
            },
            "selectionRange": {
                "dynamicRegistration": true
            },
            "semanticTokens": {
                "dynamicRegistration": true,
                "formats": [
                    "relative"
                ],
                "multilineTokenSupport": false,
                "overlappingTokenSupport": false,
                "requests": {
                    "full": {
                        "delta": true
                    },
                    "range": true
                },
                "tokenModifiers": [
                    "declaration",
                    "definition",
                    "readonly",
                    "static",
                    "deprecated",
                    "abstract",
                    "async",
                    "modification",
                    "documentation",
                    "defaultLibrary"
                ],
                "tokenTypes": [
                    "namespace",
                    "type",
                    "class",
                    "enum",
                    "interface",
                    "struct",
                    "typeParameter",
                    "parameter",
                    "variable",
                    "property",
                    "enumMember",
                    "event",
                    "function",
                    "method",
                    "macro",
                    "keyword",
                    "modifier",
                    "comment",
                    "string",
                    "number",
                    "regexp",
                    "operator"
                ]
            },
            "signatureHelp": {
                "contextSupport": true,
                "dynamicRegistration": true,
                "signatureInformation": {
                    "activeParameterSupport": true,
                    "documentationFormat": [
                        "markdown",
                        "plaintext"
                    ],
                    "parameterInformation": {
                        "labelOffsetSupport": true
                    }
                }
            },
            "synchronization": {
                "didSave": true,
                "dynamicRegistration": true,
                "willSave": true,
                "willSaveWaitUntil": true
            },
            "typeDefinition": {
                "dynamicRegistration": true,
                "linkSupport": true
            }
        },
        "window": {
            "showDocument": {
                "support": true
            },
            "showMessage": {
                "messageActionItem": {
                    "additionalPropertiesSupport": true
                }
            },
            "workDoneProgress": true
        },
        "workspace": {
            "applyEdit": true,
            "codeLens": {
                "refreshSupport": true
            },
            "configuration": true,
            "didChangeConfiguration": {
                "dynamicRegistration": true
            },
            "didChangeWatchedFiles": {
                "dynamicRegistration": true
            },
            "executeCommand": {
                "dynamicRegistration": true
            },
            "fileOperations": {
                "didCreate": true,
                "didDelete": true,
                "didRename": true,
                "dynamicRegistration": true,
                "willCreate": true,
                "willDelete": true,
                "willRename": true
            },
            "semanticTokens": {
                "refreshSupport": true
            },
            "symbol": {
                "dynamicRegistration": true,
                "symbolKind": {
                    "valueSet": [
                        1,
                        2,
                        3,
                        4,
                        5,
                        6,
                        7,
                        8,
                        9,
                        10,
                        11,
                        12,
                        13,
                        14,
                        15,
                        16,
                        17,
                        18,
                        19,
                        20,
                        21,
                        22,
                        23,
                        24,
                        25,
                        26
                    ]
                },
                "tagSupport": {
                    "valueSet": [
                        1
                    ]
                }
            },
            "workspaceEdit": {
                "changeAnnotationSupport": {
                    "groupsOnLabel": true
                },
                "documentChanges": true,
                "failureHandling": "textOnlyTransactional",
                "normalizesLineEndings": true,
                "resourceOperations": [
                    "create",
                    "rename",
                    "delete"
                ]
            },
            "workspaceFolders": true
        }
    },
    "clientInfo": {
        "name": "Visual Studio Code",
        "version": "1.104.1"
    },
    "locale": "en-us",
    "processId": 22636,
    "rootPath": "d:\\ws\\Sui\\orc-linux",
    "rootUri": "file:///d%3A/ws/Sui/orc-linux",
    "trace": "off",
    "workspaceFolders": [
        {
            "name": "orc-linux",
            "uri": "file:///d%3A/ws/Sui/orc-linux"
        }
    ]
}

response:Content-Length: 976

{"id":0,"jsonrpc":"2.0","result":{"capabilities":{"callHierarchyProvider":{},"codeActionProvider":{},"colorProvider":{},"completion":{},"completionProvider":{"allCommitCharacters":["import","include","class","extends","extension","from","while","switch","default","break","return","continue","type"],"completionItem":{"labelDetailsSupport":true},"resolveProvider":false,"triggerCharacters":[".",">"]},"declarationProvider":{},"definitionProvider":{},"diagnosticProvider":{"interFileDependencies":true,"workspaceDiagnostics":true},"documentHighlightProvider":{},"documentLinkProvider":{},"documentSymbolProvider":{},"executeCommandProvider":{"commands":["orclsp.import","orclsp.importUri","orclsp.say"]},"formatting":{},"hoverProvider":{},"implementationProvider":{},"referencesProvider":{},"textDocumentSync":{"change":1,"openClose":true,"save":true,"willSave":true},"typeDefinitionProvider":{},"typeHierarchyProvider":{}},"serverInfo":{"name":"orcc -lsp","version":"0.0.2"}}}
route. id:0, method:initialized, params:{}

ProjectScanActor::loadSubtreeabs:d:\ws\Sui\orc-linux\src/./Json\Json.orc  uri:file:///d%3A/ws/Sui/orc-linux/src/Json/Json.orc
route. id:0, method:textDocument/didOpen, params:{
    "textDocument": {
        "languageId": "orc",
        "text": "#include <stdio.h>\r\n// #include \"./NanovgEntry.h\"\r\n#include <stdio.h>\r\n\r\n// #include \"UrgcDll/urgc_api.h\"\r\n#include \"../UrgcDll/urgc_api.h\"\r\n#include \"Orc/Orc.h\"\r\n// import * from \"./Orc/Time.orc\"\r\n// import * from \"./Orc/Thread.orc\"\r\n// import * from \"./Orc/String.orc\"\r\n\r\n\r\n \r\n// import * from \"./Orc/Mutex.orc\"\r\n// import * from \"./Orc/Math.orc\"\r\n// import * from \"./Orc/List.orc\"\r\n// import * from \"./Orc/Map.orc\"\r\n// import * from \"./Orc/Path.orc\"\r\n// import * from \"./Sui/Dialog/Toast.orc\"\r\n// import * from \"./Sui/Core/Vec2.orc\"\r\n// import * from \"./Sui/Core/Rect.orc\"\r\n// import * from \"./Sui/Core/Radius.orc\"\r\n// import * from \"./Sui/Core/Inset.orc\"\r\n// import * from \"./Sui/Core/Global.orc\"\r\n// import * from \"./Sui/Core/Event.orc\"\r\n// import * from \"./Sui/Core/Emitter.orc\"\r\n// import * from \"./Sui/Core/Edge.orc\"\r\n// import * from \"./Sui/Core/Cursor.orc\"\r\n// import * from \"./Sui/Core/Color.orc\"\r\n// import * from \"./Sui/Core/Clipboard.orc\"\r\n// import * from \"./Sui/Core/Border.orc\"\r\n// import * from \"./Sui/Core/Screen.orc\"\r\n// import * from \"./Sui/Core/Timer.orc\"\r\n\r\nextern void windowInit()\r\nextern void testWindow();\r\n\r\n\r\nvoid initMain(){\r\n    urgc_start_process_thread();\r\n}\r\n\r\nint main(){\r\n    initMain()\r\n\r\n\r\n    windowInit();\r\n    testWindow()\r\n\r\n    // testVec2()\r\n    // // testToast()\r\n    // testRect()\r\n    // testRadius();\r\n    // testInset()\r\n    // testGlobal()\r\n    // testEvent()\r\n    // testEmitter()\r\n    // testEdge()\r\n    // testCursor()\r\n    // testColor()\r\n    // testClipboard()\r\n    // testBorder()\r\n    // testScreen()\r\n    // testTimer();\r\n\r\n\r\n    // testWindow();\r\n\r\n    // int ok = glewInit();\r\n    // printf(\"test Main ctx:%d\\n\", ctx)\r\n    // getchar();\r\n    // printf(\"glewINit:%d\\n\", ok);\r\n    printf(\"glewINit:%d\\n\", 1);\r\n    getchar();\r\n    return 0\r\n}\r\n",
        "uri": "file:///d%3A/ws/Sui/orc-linux/src/Test.orc",
        "version": 1
    }
}
=========>didOpen. tid:25256
route. id:1, method:textDocument/documentColor, params:{
    "textDocument": {
        "uri": "file:///d%3A/ws/Sui/orc-linux/src/Test.orc"
    }
}

response:Content-Length: 36

{"id":1,"jsonrpc":"2.0","result":{}}
route. id:2, method:textDocument/codeAction, params:{
    "context": {
        "diagnostics": []
    },
    "range": {
        "end": {
            "character": 0,
            "line": 0
        },
        "start": {
            "character": 0,
            "line": 0
        }
    },
    "textDocument": {
        "uri": "file:///d%3A/ws/Sui/orc-linux/src/Test.orc"
    }
}
codeAction succ

response:Content-Length: 380

{"id":2,"jsonrpc":"2.0","result":[{"command":{"arguments":[{"context":{"diagnostics":[],"only":[],"triggerKind":0},"range":{"end":{"character":0,"line":0},"start":{"character":0,"line":0}},"textDocument":{"uri":"file:///d:/ws/Sui/orc-linux/src/Test.orc"}}],"command":"orclsp.import","title":"orclsp.import"},"diagnostics":[],"isPrefered":true,"kind":"refactor","title":"import"}]}
route. id:3, method:textDocument/documentSymbol, params:{
    "textDocument": {
        "uri": "file:///d%3A/ws/Sui/orc-linux/src/Test.orc"
    }
}
ent:file:///d:/ws/Sui/orc-linux/src/Test.orc 
thread:32904 ent:orc file:///d:/ws/Sui/orc-linux/src/Test.orc 1801 1
create new TextDocumentSymbolInfo for uri file:///d:/ws/Sui/orc-linux/src/Test.orc. 
buildSymbolSpace_byTextDocument. uri:file:///d:/ws/Sui/orc-linux/src/Test.orc, absPath:d:/ws/Sui/orc-linux/src/Test.orc
buildSymbolSpace_byTextDocument. mk parser
route. id:4, method:textDocument/documentLink, params:{
    "textDocument": {
        "uri": "file:///d%3A/ws/Sui/orc-linux/src/Test.orc"
    }
}

response:Content-Length: 36

{"id":4,"jsonrpc":"2.0","result":{}}
buildSymbolSpace_byTextDocument. program
buildSymbolSpace_byTextDocument. mkSpace
buildSymbolSpace_byTextDocument. init symbol builder v isitor
buildSymbolSpace_byTextDocument. SymbolBuilderVisitor.visit
buildSymbolSpace_byTextDocument  for uri file:///d:/ws/Sui/orc-linux/src/Test.orc. version:%d 
updateTextDocumentSymbolInfo succ
buildDocumentSymbols. start
buildSymbolInfomations_bySymbols. start
buildSymbolInfomations_bySymbols. sym.name:windowInit ret:0
buildSymbolInfomations_bySymbols. sym.name:testWindow ret:1
buildSymbolInfomations_bySymbols. sym.name:initMain ret:2
buildSymbolInfomations_bySymbols. sym.name:main ret:3
buildDocumentSymbols. cnt:4

response:Content-Length: 913

{"id":3,"jsonrpc":"2.0","result":[{"children":[],"detail":"","kind":12,"name":"windowInit","range":{"end":{"character":22,"line":34},"start":{"character":12,"line":34}},"selectionRange":{"end":{"character":22,"line":34},"start":{"character":12,"line":34}}},{"children":[],"detail":"","kind":12,"name":"testWindow","range":{"end":{"character":22,"line":35},"start":{"character":12,"line":35}},"selectionRange":{"end":{"character":22,"line":35},"start":{"character":12,"line":35}}},{"children":[],"detail":"","kind":12,"name":"initMain","range":{"end":{"character":13,"line":38},"start":{"character":5,"line":38}},"selectionRange":{"end":{"character":13,"line":38},"start":{"character":5,"line":38}}},{"children":[],"detail":"","kind":12,"name":"main","range":{"end":{"character":8,"line":42},"start":{"character":4,"line":42}},"selectionRange":{"end":{"character":8,"line":42},"start":{"character":4,"line":42}}}]}
route. id:5, method:textDocument/documentSymbol, params:{
    "textDocument": {
        "uri": "file:///d%3A/ws/Sui/orc-linux/src/Test.orc"
    }
}
ent:file:///d:/ws/Sui/orc-linux/src/Test.orc 
buildDocumentSymbols. start
buildSymbolInfomations_bySymbols. start
buildSymbolInfomations_bySymbols. sym.name:windowInit ret:0
buildSymbolInfomations_bySymbols. sym.name:testWindow ret:1
buildSymbolInfomations_bySymbols. sym.name:initMain ret:2
buildSymbolInfomations_bySymbols. sym.name:main ret:3
buildDocumentSymbols. cnt:4

response:Content-Length: 913

{"id":5,"jsonrpc":"2.0","result":[{"children":[],"detail":"","kind":12,"name":"windowInit","range":{"end":{"character":22,"line":34},"start":{"character":12,"line":34}},"selectionRange":{"end":{"character":22,"line":34},"start":{"character":12,"line":34}}},{"children":[],"detail":"","kind":12,"name":"testWindow","range":{"end":{"character":22,"line":35},"start":{"character":12,"line":35}},"selectionRange":{"end":{"character":22,"line":35},"start":{"character":12,"line":35}}},{"children":[],"detail":"","kind":12,"name":"initMain","range":{"end":{"character":13,"line":38},"start":{"character":5,"line":38}},"selectionRange":{"end":{"character":13,"line":38},"start":{"character":5,"line":38}}},{"children":[],"detail":"","kind":12,"name":"main","range":{"end":{"character":8,"line":42},"start":{"character":4,"line":42}},"selectionRange":{"end":{"character":8,"line":42},"start":{"character":4,"line":42}}}]}
route. id:0, method:textDocument/didClose, params:{
    "textDocument": {
        "uri": "file:///d%3A/ws/Sui/orc-linux/src/Test.orc"
    }
}

response:Content-Length: 36

{"id":0,"jsonrpc":"2.0","result":{}}
route. id:0, method:$/cancelRequest, params:{
    "id": 5
}

response:Content-Length: 36

{"id":0,"jsonrpc":"2.0","result":{}}

server=>client notification:Content-Length: 157

{"jsonrpc":"2.0","method":"textDocument/publishDiagnostics","params":{"diagnostics":[],"uri":"file:///d:/ws/Sui/orc-linux/src/Test.orc","version":672330464}}

pushGlobalSymbol. name=Json  type=class uri=file:///d%3A/ws/Sui/orc-linux/src/Json/Json.orc

pushGlobalSymbol. name=Json_mkNull  type=function uri=file:///d%3A/ws/Sui/orc-linux/src/Json/Json.orc

pushGlobalSymbol. name=Json_mkNumber  type=function uri=file:///d%3A/ws/Sui/orc-linux/src/Json/Json.orc

pushGlobalSymbol. name=Json_mkBool  type=function uri=file:///d%3A/ws/Sui/orc-linux/src/Json/Json.orc

pushGlobalSymbol. name=Json_mkStringByCstr  type=function uri=file:///d%3A/ws/Sui/orc-linux/src/Json/Json.orc

pushGlobalSymbol. name=Json_mkString  type=function uri=file:///d%3A/ws/Sui/orc-linux/src/Json/Json.orc

pushGlobalSymbol. name=Json_mkArray  type=function uri=file:///d%3A/ws/Sui/orc-linux/src/Json/Json.orc

pushGlobalSymbol. name=Json_mkObject  type=function uri=file:///d%3A/ws/Sui/orc-linux/src/Json/Json.orc

pushGlobalSymbol. name=Json_parse  type=function uri=file:///d%3A/ws/Sui/orc-linux/src/Json/Json.orc

pushGlobalSymbol. name=Json_toJsonNumberArrayByInts  type=function uri=file:///d%3A/ws/Sui/orc-linux/src/Json/Json.orc

pushGlobalSymbol. name=Json_toJsonNumberArrayByFloats  type=function uri=file:///d%3A/ws/Sui/orc-linux/src/Json/Json.orc

pushGlobalSymbol. name=Json_toJsonByMetaStruct  type=function uri=file:///d%3A/ws/Sui/orc-linux/src/Json/Json.orc

pushGlobalSymbol. name=Json_toJson  type=function uri=file:///d%3A/ws/Sui/orc-linux/src/Json/Json.orc

pushGlobalSymbol. name=Json_toJsonArray  type=function uri=file:///d%3A/ws/Sui/orc-linux/src/Json/Json.orc

pushGlobalSymbol. name=Json_setPrimitive  type=function uri=file:///d%3A/ws/Sui/orc-linux/src/Json/Json.orc

pushGlobalSymbol. name=Json_setStructField  type=function uri=file:///d%3A/ws/Sui/orc-linux/src/Json/Json.orc

pushGlobalSymbol. name=Json_setStructByJsonObject  type=function uri=file:///d%3A/ws/Sui/orc-linux/src/Json/Json.orc

pushGlobalSymbol. name=Json_parseByPathCstr  type=function uri=file:///d%3A/ws/Sui/orc-linux/src/Json/Json.orc

pushGlobalSymbol. name=testJson  type=function uri=file:///d%3A/ws/Sui/orc-linux/src/Json/Json.orc
abs:d:\ws\Sui\orc-linux\src/./Main.orc  uri:file:///d%3A/ws/Sui/orc-linux/src/Main.orc

pushGlobalSymbol. name=windowInit  type=function uri=file:///d%3A/ws/Sui/orc-linux/src/Main.orc

pushGlobalSymbol. name=initMain  type=function uri=file:///d%3A/ws/Sui/orc-linux/src/Main.orc

pushGlobalSymbol. name=main  type=function uri=file:///d%3A/ws/Sui/orc-linux/src/Main.orc
abs:d:\ws\Sui\orc-linux\src/./Orc\List.orc  uri:file:///d%3A/ws/Sui/orc-linux/src/Orc/List.orc

pushGlobalSymbol. name=List  type=class uri=file:///d%3A/ws/Sui/orc-linux/src/Orc/List.orc

pushGlobalSymbol. name=_getPointerSize  type=function uri=file:///d%3A/ws/Sui/orc-linux/src/Orc/List.orc

pushGlobalSymbol. name=PointerArray  type=class uri=file:///d%3A/ws/Sui/orc-linux/src/Orc/List.orc

pushGlobalSymbol. name=List_test  type=function uri=file:///d%3A/ws/Sui/orc-linux/src/Orc/List.orc
abs:d:\ws\Sui\orc-linux\src/./Orc\Map.orc  uri:file:///d%3A/ws/Sui/orc-linux/src/Orc/Map.orc

pushGlobalSymbol. name=Map  type=class uri=file:///d%3A/ws/Sui/orc-linux/src/Orc/Map.orc

pushGlobalSymbol. name=Map_test  type=function uri=file:///d%3A/ws/Sui/orc-linux/src/Orc/Map.orc
abs:d:\ws\Sui\orc-linux\src/./Orc\Math.orc  uri:file:///d%3A/ws/Sui/orc-linux/src/Orc/Math.orc

pushGlobalSymbol. name=absInt  type=function uri=file:///d%3A/ws/Sui/orc-linux/src/Orc/Math.orc

pushGlobalSymbol. name=normalFloat  type=function uri=file:///d%3A/ws/Sui/orc-linux/src/Orc/Math.orc

pushGlobalSymbol. name=absFloat  type=function uri=file:///d%3A/ws/Sui/orc-linux/src/Orc/Math.orc

pushGlobalSymbol. name=minInt  type=function uri=file:///d%3A/ws/Sui/orc-linux/src/Orc/Math.orc

pushGlobalSymbol. name=maxInt  type=function uri=file:///d%3A/ws/Sui/orc-linux/src/Orc/Math.orc

pushGlobalSymbol. name=calcRatio  type=function uri=file:///d%3A/ws/Sui/orc-linux/src/Orc/Math.orc

pushGlobalSymbol. name=lerpFloat  type=function uri=file:///d%3A/ws/Sui/orc-linux/src/Orc/Math.orc

pushGlobalSymbol. name=minFloat  type=function uri=file:///d%3A/ws/Sui/orc-linux/src/Orc/Math.orc

pushGlobalSymbol. name=maxFloat3  type=function uri=file:///d%3A/ws/Sui/orc-linux/src/Orc/Math.orc

pushGlobalSymbol. name=maxFloat  type=function uri=file:///d%3A/ws/Sui/orc-linux/src/Orc/Math.orc

pushGlobalSymbol. name=minDouble  type=function uri=file:///d%3A/ws/Sui/orc-linux/src/Orc/Math.orc

pushGlobalSymbol. name=maxDouble  type=function uri=file:///d%3A/ws/Sui/orc-linux/src/Orc/Math.orc

pushGlobalSymbol. name=clampInt  type=function uri=file:///d%3A/ws/Sui/orc-linux/src/Orc/Math.orc

pushGlobalSymbol. name=clampFloat  type=function uri=file:///d%3A/ws/Sui/orc-linux/src/Orc/Math.orc

pushGlobalSymbol. name=isNaN  type=function uri=file:///d%3A/ws/Sui/orc-linux/src/Orc/Math.orc

pushGlobalSymbol. name=floorFloat  type=function uri=file:///d%3A/ws/Sui/orc-linux/src/Orc/Math.orc

pushGlobalSymbol. name=Math_test  type=function uri=file:///d%3A/ws/Sui/orc-linux/src/Orc/Math.orc

pushGlobalSymbol. name=EPSILON  type=var uri=file:///d%3A/ws/Sui/orc-linux/src/Orc/Math.orc

pushGlobalSymbol. name=eqFloat  type=function uri=file:///d%3A/ws/Sui/orc-linux/src/Orc/Math.orc

pushGlobalSymbol. name=LN2  type=var uri=file:///d%3A/ws/Sui/orc-linux/src/Orc/Math.orc

pushGlobalSymbol. name=PI  type=var uri=file:///d%3A/ws/Sui/orc-linux/src/Orc/Math.orc

pushGlobalSymbol. name=toRad  type=function uri=file:///d%3A/ws/Sui/orc-linux/src/Orc/Math.orc

pushGlobalSymbol. name=toDeg  type=function uri=file:///d%3A/ws/Sui/orc-linux/src/Orc/Math.orc

pushGlobalSymbol. name=doubleSize  type=function uri=file:///d%3A/ws/Sui/orc-linux/src/Orc/Math.orc

pushGlobalSymbol. name=floatSize  type=function uri=file:///d%3A/ws/Sui/orc-linux/src/Orc/Math.orc

pushGlobalSymbol. name=shortSize  type=function uri=file:///d%3A/ws/Sui/orc-linux/src/Orc/Math.orc

pushGlobalSymbol. name=intSize  type=function uri=file:///d%3A/ws/Sui/orc-linux/src/Orc/Math.orc

pushGlobalSymbol. name=longSize  type=function uri=file:///d%3A/ws/Sui/orc-linux/src/Orc/Math.orc

pushGlobalSymbol. name=longLongSize  type=function uri=file:///d%3A/ws/Sui/orc-linux/src/Orc/Math.orc

pushGlobalSymbol. name=pointerSize  type=function uri=file:///d%3A/ws/Sui/orc-linux/src/Orc/Math.orc

pushGlobalSymbol. name=randRange  type=function uri=file:///d%3A/ws/Sui/orc-linux/src/Orc/Math.orc

pushGlobalSymbol. name=rand01f  type=function uri=file:///d%3A/ws/Sui/orc-linux/src/Orc/Math.orc

pushGlobalSymbol. name=random  type=function uri=file:///d%3A/ws/Sui/orc-linux/src/Orc/Math.orc

pushGlobalSymbol. name=randRangef  type=function uri=file:///d%3A/ws/Sui/orc-linux/src/Orc/Math.orc

pushGlobalSymbol. name=randRadiusf  type=function uri=file:///d%3A/ws/Sui/orc-linux/src/Orc/Math.orc

pushGlobalSymbol. name=euclideanModulo  type=function uri=file:///d%3A/ws/Sui/orc-linux/src/Orc/Math.orc

pushGlobalSymbol. name=mapLinear  type=function uri=file:///d%3A/ws/Sui/orc-linux/src/Orc/Math.orc

pushGlobalSymbol. name=inverseLerp  type=function uri=file:///d%3A/ws/Sui/orc-linux/src/Orc/Math.orc

pushGlobalSymbol. name=damp  type=function uri=file:///d%3A/ws/Sui/orc-linux/src/Orc/Math.orc

pushGlobalSymbol. name=pingpong  type=function uri=file:///d%3A/ws/Sui/orc-linux/src/Orc/Math.orc

pushGlobalSymbol. name=smoothstep  type=function uri=file:///d%3A/ws/Sui/orc-linux/src/Orc/Math.orc

pushGlobalSymbol. name=smootherstep  type=function uri=file:///d%3A/ws/Sui/orc-linux/src/Orc/Math.orc

pushGlobalSymbol. name=isPowerOfTwo  type=function uri=file:///d%3A/ws/Sui/orc-linux/src/Orc/Math.orc

pushGlobalSymbol. name=ceilPowerOfTwo  type=function uri=file:///d%3A/ws/Sui/orc-linux/src/Orc/Math.orc

pushGlobalSymbol. name=floorPowerOfTwo  type=function uri=file:///d%3A/ws/Sui/orc-linux/src/Orc/Math.orc
abs:d:\ws\Sui\orc-linux\src/./Orc\Mutex.orc  uri:file:///d%3A/ws/Sui/orc-linux/src/Orc/Mutex.orc

pushGlobalSymbol. name=Mutex  type=class uri=file:///d%3A/ws/Sui/orc-linux/src/Orc/Mutex.orc
abs:d:\ws\Sui\orc-linux\src/./Orc\Number.orc  uri:file:///d%3A/ws/Sui/orc-linux/src/Orc/Number.orc

pushGlobalSymbol. name=Number  type=class uri=file:///d%3A/ws/Sui/orc-linux/src/Orc/Number.orc

pushGlobalSymbol. name=Integer  type=class uri=file:///d%3A/ws/Sui/orc-linux/src/Orc/Number.orc

pushGlobalSymbol. name=Boolean  type=class uri=file:///d%3A/ws/Sui/orc-linux/src/Orc/Number.orc

pushGlobalSymbol. name=Float  type=class uri=file:///d%3A/ws/Sui/orc-linux/src/Orc/Number.orc

pushGlobalSymbol. name=Double  type=class uri=file:///d%3A/ws/Sui/orc-linux/src/Orc/Number.orc

pushGlobalSymbol. name=StructObj  type=class uri=file:///d%3A/ws/Sui/orc-linux/src/Orc/Number.orc

pushGlobalSymbol. name=mkStructObj  type=function uri=file:///d%3A/ws/Sui/orc-linux/src/Orc/Number.orc

pushGlobalSymbol. name=mkInteger  type=function uri=file:///d%3A/ws/Sui/orc-linux/src/Orc/Number.orc

pushGlobalSymbol. name=mkBoolean  type=function uri=file:///d%3A/ws/Sui/orc-linux/src/Orc/Number.orc

pushGlobalSymbol. name=mkDouble  type=function uri=file:///d%3A/ws/Sui/orc-linux/src/Orc/Number.orc

pushGlobalSymbol. name=mkFloat  type=function uri=file:///d%3A/ws/Sui/orc-linux/src/Orc/Number.orc

pushGlobalSymbol. name=Orc_setField  type=function uri=file:///d%3A/ws/Sui/orc-linux/src/Orc/Number.orc
abs:d:\ws\Sui\orc-linux\src/./Orc\Path.orc  uri:file:///d%3A/ws/Sui/orc-linux/src/Orc/Path.orc

pushGlobalSymbol. name=Path_basename  type=function uri=file:///d%3A/ws/Sui/orc-linux/src/Orc/Path.orc

pushGlobalSymbol. name=Path_dirname  type=function uri=file:///d%3A/ws/Sui/orc-linux/src/Orc/Path.orc

pushGlobalSymbol. name=Path_relPathToCwd  type=function uri=file:///d%3A/ws/Sui/orc-linux/src/Orc/Path.orc

pushGlobalSymbol. name=Path_relPathToDir  type=function uri=file:///d%3A/ws/Sui/orc-linux/src/Orc/Path.orc

pushGlobalSymbol. name=Path_relPathToFile  type=function uri=file:///d%3A/ws/Sui/orc-linux/src/Orc/Path.orc

pushGlobalSymbol. name=Path_splitString  type=function uri=file:///d%3A/ws/Sui/orc-linux/src/Orc/Path.orc

pushGlobalSymbol. name=Path_isAbsolute  type=function uri=file:///d%3A/ws/Sui/orc-linux/src/Orc/Path.orc

pushGlobalSymbol. name=Path_toAbsolute  type=function uri=file:///d%3A/ws/Sui/orc-linux/src/Orc/Path.orc

pushGlobalSymbol. name=Path_normal  type=function uri=file:///d%3A/ws/Sui/orc-linux/src/Orc/Path.orc

pushGlobalSymbol. name=Path_withBasename  type=function uri=file:///d%3A/ws/Sui/orc-linux/src/Orc/Path.orc

pushGlobalSymbol. name=Path_withLastExt  type=function uri=file:///d%3A/ws/Sui/orc-linux/src/Orc/Path.orc

pushGlobalSymbol. name=Path_withExt  type=function uri=file:///d%3A/ws/Sui/orc-linux/src/Orc/Path.orc

pushGlobalSymbol. name=Path_filename  type=function uri=file:///d%3A/ws/Sui/orc-linux/src/Orc/Path.orc

pushGlobalSymbol. name=Path_pureFilename  type=function uri=file:///d%3A/ws/Sui/orc-linux/src/Orc/Path.orc

pushGlobalSymbol. name=Path_ext  type=function uri=file:///d%3A/ws/Sui/orc-linux/src/Orc/Path.orc

pushGlobalSymbol. name=Path_fullExt  type=function uri=file:///d%3A/ws/Sui/orc-linux/src/Orc/Path.orc

pushGlobalSymbol. name=Path_isFile  type=function uri=file:///d%3A/ws/Sui/orc-linux/src/Orc/Path.orc

pushGlobalSymbol. name=Path_isDirectory  type=function uri=file:///d%3A/ws/Sui/orc-linux/src/Orc/Path.orc

pushGlobalSymbol. name=Path_mkdirs  type=function uri=file:///d%3A/ws/Sui/orc-linux/src/Orc/Path.orc

pushGlobalSymbol. name=Path_exists  type=function uri=file:///d%3A/ws/Sui/orc-linux/src/Orc/Path.orc

pushGlobalSymbol. name=Path_mkdirsByFilePath  type=function uri=file:///d%3A/ws/Sui/orc-linux/src/Orc/Path.orc

pushGlobalSymbol. name=Path_append  type=function uri=file:///d%3A/ws/Sui/orc-linux/src/Orc/Path.orc

pushGlobalSymbol. name=Path_copyToDir  type=function uri=file:///d%3A/ws/Sui/orc-linux/src/Orc/Path.orc

pushGlobalSymbol. name=Path_moveToDir  type=function uri=file:///d%3A/ws/Sui/orc-linux/src/Orc/Path.orc

pushGlobalSymbol. name=Path_mtimeMs  type=function uri=file:///d%3A/ws/Sui/orc-linux/src/Orc/Path.orc

pushGlobalSymbol. name=Path_mtimeStr  type=function uri=file:///d%3A/ws/Sui/orc-linux/src/Orc/Path.orc

pushGlobalSymbol. name=Path_copyTo  type=function uri=file:///d%3A/ws/Sui/orc-linux/src/Orc/Path.orc

pushGlobalSymbol. name=Path_rename  type=function uri=file:///d%3A/ws/Sui/orc-linux/src/Orc/Path.orc

pushGlobalSymbol. name=Path_remove  type=function uri=file:///d%3A/ws/Sui/orc-linux/src/Orc/Path.orc

pushGlobalSymbol. name=Path_removeDir  type=function uri=file:///d%3A/ws/Sui/orc-linux/src/Orc/Path.orc

pushGlobalSymbol. name=Path_removeDirs  type=function uri=file:///d%3A/ws/Sui/orc-linux/src/Orc/Path.orc

pushGlobalSymbol. name=Path_removeFile  type=function uri=file:///d%3A/ws/Sui/orc-linux/src/Orc/Path.orc

pushGlobalSymbol. name=Path_touch  type=function uri=file:///d%3A/ws/Sui/orc-linux/src/Orc/Path.orc

pushGlobalSymbol. name=Path_fopen  type=function uri=file:///d%3A/ws/Sui/orc-linux/src/Orc/Path.orc

pushGlobalSymbol. name=Path_list  type=function uri=file:///d%3A/ws/Sui/orc-linux/src/Orc/Path.orc

pushGlobalSymbol. name=Path_listSubtree  type=function uri=file:///d%3A/ws/Sui/orc-linux/src/Orc/Path.orc

pushGlobalSymbol. name=Path_listSubtree_toList  type=function uri=file:///d%3A/ws/Sui/orc-linux/src/Orc/Path.orc

pushGlobalSymbol. name=Path_getcwd  type=function uri=file:///d%3A/ws/Sui/orc-linux/src/Orc/Path.orc

pushGlobalSymbol. name=Path_setcwd  type=function uri=file:///d%3A/ws/Sui/orc-linux/src/Orc/Path.orc

pushGlobalSymbol. name=Path_getExecutionPath  type=function uri=file:///d%3A/ws/Sui/orc-linux/src/Orc/Path.orc

pushGlobalSymbol. name=Path_resolveFromExecutionDir  type=function uri=file:///d%3A/ws/Sui/orc-linux/src/Orc/Path.orc

pushGlobalSymbol. name=Path_readText  type=function uri=file:///d%3A/ws/Sui/orc-linux/src/Orc/Path.orc

pushGlobalSymbol. name=Path_writeText  type=function uri=file:///d%3A/ws/Sui/orc-linux/src/Orc/Path.orc

pushGlobalSymbol. name=Path_isUsualImage  type=function uri=file:///d%3A/ws/Sui/orc-linux/src/Orc/Path.orc

pushGlobalSymbol. name=Path_resolveRelativeFromFile  type=function uri=file:///d%3A/ws/Sui/orc-linux/src/Orc/Path.orc

pushGlobalSymbol. name=testPath  type=function uri=file:///d%3A/ws/Sui/orc-linux/src/Orc/Path.orc
abs:d:\ws\Sui\orc-linux\src/./Orc\ScopeData.orc  uri:file:///d%3A/ws/Sui/orc-linux/src/Orc/ScopeData.orc

pushGlobalSymbol. name=ScopeData  type=struct uri=file:///d%3A/ws/Sui/orc-linux/src/Orc/ScopeData.orc

pushGlobalSymbol. name=mkScopeData  type=function uri=file:///d%3A/ws/Sui/orc-linux/src/Orc/ScopeData.orc
abs:d:\ws\Sui\orc-linux\src/./Orc\String.orc  uri:file:///d%3A/ws/Sui/orc-linux/src/Orc/String.orc

pushGlobalSymbol. name=String  type=class uri=file:///d%3A/ws/Sui/orc-linux/src/Orc/String.orc

pushGlobalSymbol. name=strByWcs  type=function uri=file:///d%3A/ws/Sui/orc-linux/src/Orc/String.orc

pushGlobalSymbol. name=utf8RuneLength  type=function uri=file:///d%3A/ws/Sui/orc-linux/src/Orc/String.orc

pushGlobalSymbol. name=utf8CharLen  type=function uri=file:///d%3A/ws/Sui/orc-linux/src/Orc/String.orc

pushGlobalSymbol. name=utf8NumberCharLen  type=function uri=file:///d%3A/ws/Sui/orc-linux/src/Orc/String.orc

pushGlobalSymbol. name=String_toActiveCodePage  type=function uri=file:///d%3A/ws/Sui/orc-linux/src/Orc/String.orc

pushGlobalSymbol. name=String_join  type=function uri=file:///d%3A/ws/Sui/orc-linux/src/Orc/String.orc

pushGlobalSymbol. name=String_startsWith  type=function uri=file:///d%3A/ws/Sui/orc-linux/src/Orc/String.orc

pushGlobalSymbol. name=String_endsWithIgnoreCase  type=function uri=file:///d%3A/ws/Sui/orc-linux/src/Orc/String.orc

pushGlobalSymbol. name=String_endsWith  type=function uri=file:///d%3A/ws/Sui/orc-linux/src/Orc/String.orc

pushGlobalSymbol. name=strEq  type=function uri=file:///d%3A/ws/Sui/orc-linux/src/Orc/String.orc

pushGlobalSymbol. name=str  type=function uri=file:///d%3A/ws/Sui/orc-linux/src/Orc/String.orc

pushGlobalSymbol. name=PrintStyle  type=struct uri=file:///d%3A/ws/Sui/orc-linux/src/Orc/String.orc

pushGlobalSymbol. name=PrintStyle__exit__  type=function uri=file:///d%3A/ws/Sui/orc-linux/src/Orc/String.orc

pushGlobalSymbol. name=mkPrintStyle  type=function uri=file:///d%3A/ws/Sui/orc-linux/src/Orc/String.orc

pushGlobalSymbol. name=PrintStyle_exit  type=function uri=file:///d%3A/ws/Sui/orc-linux/src/Orc/String.orc

pushGlobalSymbol. name=testOk  type=function uri=file:///d%3A/ws/Sui/orc-linux/src/Orc/String.orc

pushGlobalSymbol. name=String_md5  type=function uri=file:///d%3A/ws/Sui/orc-linux/src/Orc/String.orc

pushGlobalSymbol. name=testStr  type=function uri=file:///d%3A/ws/Sui/orc-linux/src/Orc/String.orc
abs:d:\ws\Sui\orc-linux\src/./Orc\Thread.orc  uri:file:///d%3A/ws/Sui/orc-linux/src/Orc/Thread.orc

pushGlobalSymbol. name=Thread  type=class uri=file:///d%3A/ws/Sui/orc-linux/src/Orc/Thread.orc

pushGlobalSymbol. name=testThread  type=function uri=file:///d%3A/ws/Sui/orc-linux/src/Orc/Thread.orc
abs:d:\ws\Sui\orc-linux\src/./Orc\Time.orc  uri:file:///d%3A/ws/Sui/orc-linux/src/Orc/Time.orc

pushGlobalSymbol. name=Time_sleepMs  type=function uri=file:///d%3A/ws/Sui/orc-linux/src/Orc/Time.orc

pushGlobalSymbol. name=Time_unixMs  type=function uri=file:///d%3A/ws/Sui/orc-linux/src/Orc/Time.orc

pushGlobalSymbol. name=Time_sleepSec  type=function uri=file:///d%3A/ws/Sui/orc-linux/src/Orc/Time.orc

pushGlobalSymbol. name=Time_unixSec  type=function uri=file:///d%3A/ws/Sui/orc-linux/src/Orc/Time.orc

pushGlobalSymbol. name=Time_test  type=function uri=file:///d%3A/ws/Sui/orc-linux/src/Orc/Time.orc
abs:d:\ws\Sui\orc-linux\src/./Test.orc  uri:file:///d%3A/ws/Sui/orc-linux/src/Test.orc
route. id:0, method:textDocument/didOpen, params:{
    "textDocument": {
        "languageId": "orc",
        "text": "#include <stdio.h>\r\n\r\n// #include \"./NanovgEntry.h\"\r\n\r\n#include \"../UrgcDll/urgc_api.h\"\r\n#include \"Orc/Orc.h\"\r\nimport * from \"./Sui/Core/App.orc\"\r\nimport * from \"./Sui/Core/Window.orc\"\r\nimport * from \"./Sui/Core/View.orc\"\r\nimport * from \"./Sui/View/ViewBuilder.orc\"\r\nimport * from \"./Sui/View/ImageView.orc\"\r\nimport * from \"./Sui/View/TextView.orc\"\r\nimport * from \"./Sui/View/EditText.orc\"\r\nimport * from \"./Sui/View/Button.orc\"\r\nimport * from \"./Sui/Layout/LayoutLinear.orc\"\r\nimport * from \"./Sui/Layout/LayoutGrid.orc\"\r\nimport * from \"./Sui/Layout/RowWrap.orc\"\r\nimport * from \"./Sui/Layout/LayoutAlign.orc\"\r\nimport * from \"./Sui/Dialog/Toast.orc\"\r\n// import * from \"./Orc/Thread.orc\"\r\nimport * from \"./Orc/String.orc\"\r\n\r\n \r\n\r\n// import * from \"./Orc/Mutex.orc\"\r\n// import * from \"./Orc/Math.orc\"\r\n// import * from \"./Orc/List.orc\"\r\n// import * from \"./Orc/Map.orc\"\r\n// import * from \"./Orc/Path.orc\"\r\n// import * from \"./Sui/Dialog/Toast.orc\"\r\n// import * from \"./Sui/Core/Vec2.orc\"\r\n// import * from \"./Sui/Core/Rect.orc\"\r\n// import * from \"./Sui/Core/Radius.orc\"\r\n// import * from \"./Sui/Core/Inset.orc\"\r\n// import * from \"./Sui/Core/Global.orc\"\r\n// import * from \"./Sui/Core/Event.orc\"\r\n// import * from \"./Sui/Core/Emitter.orc\"\r\n// import * from \"./Sui/Core/Edge.orc\"\r\n// import * from \"./Sui/Core/Cursor.orc\"\r\n// import * from \"./Sui/Core/Color.orc\"\r\n// import * from \"./Sui/Core/Clipboard.orc\"\r\n// import * from \"./Sui/Core/Border.orc\"\r\n// import * from \"./Sui/Core/Screen.orc\"\r\n// import * from \"./Sui/Core/Timer.orc\"\r\n\r\nextern void windowInit()\r\n// extern void testWindow();\r\n\r\n\r\nvoid initMain(){\r\n    // urgc_start_process_thread();\r\n}\r\n\r\n\r\nint main(){\r\n    if (1){\r\n        printf(\"return \\n\")\r\n        return 0;\r\n    }\r\n    initMain()\r\n    windowInit();\r\n\r\n    printf(\"app used0\\n\")\r\n    App@ app = App_use()\r\n    printf(\"app used\\n\")\r\n    \r\n\r\n    // testWindow()\r\n\r\n    if 1 {\r\n        Window@ win = new Window()\r\n        // win.show();\r\n        win. {\r\n            LayoutLinear@ ll = new LayoutLinear()\r\n            win.rootView = ll\r\n            ll.{\r\n                //layoutLinear(o, 0).{\r\n                    o.width = 400\r\n                    o.height = 400\r\n                    o.backgroundColor = 0x93000000\r\n\r\n                    mkDrawButton(o, 0).{\r\n                        o.text = str(\"submit\")\r\n                        o.onClick = ^void(){\r\n                            // Toast_make(\"click\")\r\n                            app.eachWindow(^void (Window *win){\r\n                                win.rootView.printLayoutTimes(0)\r\n                            })\r\n                        }\r\n                    }\r\n                    mkView(o, 0).{\r\n                        o.backgroundColor = 0xffff0000\r\n                        o.width = 100\r\n                        o.height = 100\r\n                        o.margin.setAll(10)\r\n                    }\r\n                    mkEditText(o, 0).{\r\n                        // o.setText(str(\"hi there buzi buzi\"))\r\n                        // o.width = 200\r\n                        o.color = 0xff000000\r\n                        o.height = 40\r\n                        o.backgroundColor = 0x99999999\r\n                    }\r\n                    mkImageView(o, 0).{\r\n                        o.setSrc(str(\"./asset/SpongeBob.png\"))\r\n                    }\r\n                    mkTextView(o, 0).{\r\n                        o.setText(str(\"hi there buzi buzi\"))\r\n                        // o.width = 200\r\n                        // o.height = 40\r\n                        o.backgroundColor = 0x13ff0000\r\n                    }\r\n                    layoutLinear(o, 0).{\r\n                        o.direction.set(\"column\")\r\n                        o.backgroundColor = 0x33112233\r\n                        mkView(o, 0).{\r\n                            o.backgroundColor = 0xff00ff00\r\n                            o.width = 80\r\n                            o.height = 80\r\n                            o.margin.setAll(10)\r\n                        }\r\n                        mkView(o, 0).{\r\n                            o.backgroundColor = 0xff0000ff\r\n                            o.width = 60\r\n                            o.height = 160\r\n                            o.margin.setAll(10)\r\n                        }\r\n                    }\r\n                    mkLayoutGrid(o, 0).{\r\n                        o.width = 200\r\n                        o.height = 200\r\n                        o.backgroundColor = 0x33330000\r\n\r\n                        mkView(o, 0).{\r\n                            o.backgroundColor = 0xff0000ff\r\n                            o.width = 60\r\n                            o.height = 60\r\n                            o.margin.setAll(10)\r\n                        }\r\n                        mkView(o, 0).{\r\n                            o.backgroundColor = 0xff0000ff\r\n                            o.width = 60\r\n                            o.height = 60\r\n                            o.margin.setAll(10)\r\n                        }\r\n                        mkView(o, 0).{\r\n                            o.backgroundColor = 0xff0000ff\r\n                            o.width = 60\r\n                            o.height = 60\r\n                            o.margin.setAll(10)\r\n                        }\r\n                        mkView(o, 0).{\r\n                            o.backgroundColor = 0xff0000ff\r\n                            o.width = 60\r\n                            o.height = 60\r\n                            o.margin.setAll(10)\r\n                        }\r\n                    }\r\n                    mkRowWrap(o, 0).{\r\n                        o.width = 200\r\n                        o.height = 200\r\n                        o.backgroundColor = 0x33009900\r\n\r\n                        mkView(o, 0).{\r\n                            o.backgroundColor = 0xff0000ff\r\n                            o.width = 60\r\n                            o.height = 60\r\n                            o.margin.setAll(10)\r\n                        }\r\n                        mkView(o, 0).{\r\n                            o.backgroundColor = 0xff0000ff\r\n                            o.width = 60\r\n                            o.height = 60\r\n                            o.margin.setAll(10)\r\n                        }\r\n                        mkView(o, 0).{\r\n                            o.backgroundColor = 0xff0000ff\r\n                            o.width = 60\r\n                            o.height = 60\r\n                            o.margin.setAll(10)\r\n                        }\r\n                        mkView(o, 0).{\r\n                            o.backgroundColor = 0xff0000ff\r\n                            o.width = 60\r\n                            o.height = 60\r\n                            o.margin.setAll(10)\r\n                        }\r\n                    }\r\n                    layoutAlign(o, 0).{\r\n                        o.width = 200\r\n                        o.height = 200\r\n                        o.backgroundColor = 0x33009900\r\n\r\n                        mkView(o, 0).{\r\n                            o.backgroundColor = 0xfffff06f\r\n                            o.width = 60\r\n                            o.height = 60\r\n                            o.margin.setAll(10)\r\n\r\n                            layoutAlignCell(o, 0).{\r\n                                o.setBottomRight()\r\n                            }\r\n                        }\r\n                        mkView(o, 0).{\r\n                            o.backgroundColor = 0xff6000ff\r\n                            o.width = 60\r\n                            o.height = 60\r\n                            o.margin.setAll(10)\r\n\r\n                            layoutAlignCell(o, 0).{\r\n                                o.setBottomCenter()\r\n                            }\r\n                        }\r\n                        mkView(o, 0).{\r\n                            o.backgroundColor = 0xff00ffff\r\n                            o.width = 60\r\n                            o.height = 60\r\n                            o.margin.setAll(10)\r\n\r\n                            layoutAlignCell(o, 0).{\r\n                                o.setCenter()\r\n                            }\r\n                        }\r\n                        mkView(o, 0).{\r\n                            o.backgroundColor = 0xffff00ff\r\n                            o.width = 60\r\n                            o.height = 60\r\n                            o.margin.setAll(10)\r\n\r\n                            layoutAlignPositionCell(o, 0).{\r\n                                o.left = nan\r\n                                o.right = -60\r\n                                o.top = 3\r\n                            }\r\n                        }\r\n                        mkView(o, 0).{\r\n                            o.backgroundColor = 0xff6f009f\r\n\r\n                            layoutAlignPositionCell(o, 0).{\r\n                                o.left = 10\r\n                                o.right = 150\r\n                                o.top = 30\r\n                                o.bottom = 30\r\n                            }\r\n                        }\r\n                    }\r\n                //}\r\n            }\r\n\r\n\r\n            o.setTitle(\"orc机器人\")\r\n            o.setSize(840, 480)\r\n            o.setPos(400, 200)\r\n            o.show()\r\n        }\r\n\r\n    }\r\n\r\n\r\n\r\n    app.runEventLoop()\r\n\r\n    // testApp()\r\n    // testWindow()\r\n\r\n    // testVec2()\r\n    // // testToast()\r\n    // testRect()\r\n    // testRadius();\r\n    // testInset()\r\n    // testGlobal()\r\n    // testEvent()\r\n    // testEmitter()\r\n    // testEdge()\r\n    // testCursor()\r\n    // testColor()\r\n    // testClipboard()\r\n    // testBorder()\r\n    // testScreen()\r\n    // testTimer();\r\n\r\n\r\n    // testWindow();\r\n\r\n    // int ok = glewInit();\r\n    // printf(\"test Main ctx:%d\\n\", ctx)\r\n    // getchar();\r\n    // printf(\"glewINit:%d\\n\", ok);\r\n    printf(\"glewINit:%d\\n\", 1);\r\n    getchar();\r\n    return 0\r\n}\r\n\r\n",
        "uri": "file:///d%3A/ws/Sui/orc-linux/src/Main.orc",
        "version": 1
    }
}
=========>didOpen. tid:25256
route. id:6, method:textDocument/documentColor, params:{
    "textDocument": {
        "uri": "file:///d%3A/ws/Sui/orc-linux/src/Main.orc"
    }
}

response:Content-Length: 36

{"id":6,"jsonrpc":"2.0","result":{}}
route. id:7, method:textDocument/codeAction, params:{
    "context": {
        "diagnostics": []
    },
    "range": {
        "end": {
            "character": 0,
            "line": 0
        },
        "start": {
            "character": 0,
            "line": 0
        }
    },
    "textDocument": {
        "uri": "file:///d%3A/ws/Sui/orc-linux/src/Main.orc"
    }
}
codeAction succ

response:Content-Length: 380

{"id":7,"jsonrpc":"2.0","result":[{"command":{"arguments":[{"context":{"diagnostics":[],"only":[],"triggerKind":0},"range":{"end":{"character":0,"line":0},"start":{"character":0,"line":0}},"textDocument":{"uri":"file:///d:/ws/Sui/orc-linux/src/Main.orc"}}],"command":"orclsp.import","title":"orclsp.import"},"diagnostics":[],"isPrefered":true,"kind":"refactor","title":"import"}]}
route. id:8, method:textDocument/documentSymbol, params:{
    "textDocument": {
        "uri": "file:///d%3A/ws/Sui/orc-linux/src/Main.orc"
    }
}
ent:file:///d:/ws/Sui/orc-linux/src/Main.orc 
thread:32904 ent:orc file:///d:/ws/Sui/orc-linux/src/Main.orc 9846 1
route. id:9, method:textDocument/documentLink, params:{
    "textDocument": {
        "uri": "file:///d%3A/ws/Sui/orc-linux/src/Main.orc"
    }
}
create new TextDocumentSymbolInfo for uri file:///d:/ws/Sui/orc-linux/src/Main.orc. 

response:Content-Length: 36

{"id":9,"jsonrpc":"2.0","result":{}}
buildSymbolSpace_byTextDocument. uri:file:///d:/ws/Sui/orc-linux/src/Main.orc, absPath:d:/ws/Sui/orc-linux/src/Main.orc
buildSymbolSpace_byTextDocument. mk parser
buildSymbolSpace_byTextDocument. program
buildSymbolSpace_byTextDocument. mkSpace
buildSymbolSpace_byTextDocument. init symbol builder v isitor
route. id:10, method:textDocument/documentSymbol, params:{
    "textDocument": {
        "uri": "file:///d%3A/ws/Sui/orc-linux/src/Main.orc"
    }
}
ent:file:///d:/ws/Sui/orc-linux/src/Main.orc 
buildSymbolSpace_byTextDocument. SymbolBuilderVisitor.visit
buildSymbolSpace_byTextDocument  for uri file:///d:/ws/Sui/orc-linux/src/Main.orc. version:%d 
updateTextDocumentSymbolInfo succ
buildDocumentSymbols. start
buildSymbolInfomations_bySymbols. start
buildSymbolInfomations_bySymbols. sym.name:windowInit ret:0
buildSymbolInfomations_bySymbols. sym.name:initMain ret:1
buildSymbolInfomations_bySymbols. sym.name:main ret:2
buildDocumentSymbols. cnt:3

response:Content-Length: 690

{"id":8,"jsonrpc":"2.0","result":[{"children":[],"detail":"","kind":12,"name":"windowInit","range":{"end":{"character":22,"line":45},"start":{"character":12,"line":45}},"selectionRange":{"end":{"character":22,"line":45},"start":{"character":12,"line":45}}},{"children":[],"detail":"","kind":12,"name":"initMain","range":{"end":{"character":13,"line":49},"start":{"character":5,"line":49}},"selectionRange":{"end":{"character":13,"line":49},"start":{"character":5,"line":49}}},{"children":[],"detail":"","kind":12,"name":"main","range":{"end":{"character":8,"line":54},"start":{"character":4,"line":54}},"selectionRange":{"end":{"character":8,"line":54},"start":{"character":4,"line":54}}}]}
buildDocumentSymbols. start
buildSymbolInfomations_bySymbols. start
buildSymbolInfomations_bySymbols. sym.name:windowInit ret:0
buildSymbolInfomations_bySymbols. sym.name:initMain ret:1
buildSymbolInfomations_bySymbols. sym.name:main ret:2
buildDocumentSymbols. cnt:3

response:Content-Length: 691

{"id":10,"jsonrpc":"2.0","result":[{"children":[],"detail":"","kind":12,"name":"windowInit","range":{"end":{"character":22,"line":45},"start":{"character":12,"line":45}},"selectionRange":{"end":{"character":22,"line":45},"start":{"character":12,"line":45}}},{"children":[],"detail":"","kind":12,"name":"initMain","range":{"end":{"character":13,"line":49},"start":{"character":5,"line":49}},"selectionRange":{"end":{"character":13,"line":49},"start":{"character":5,"line":49}}},{"children":[],"detail":"","kind":12,"name":"main","range":{"end":{"character":8,"line":54},"start":{"character":4,"line":54}},"selectionRange":{"end":{"character":8,"line":54},"start":{"character":4,"line":54}}}]}
route. id:11, method:textDocument/documentHighlight, params:{
    "position": {
        "character": 42,
        "line": 15
    },
    "textDocument": {
        "uri": "file:///d%3A/ws/Sui/orc-linux/src/Main.orc"
    }
}

response:Content-Length: 37

{"id":11,"jsonrpc":"2.0","result":{}}
route. id:12, method:textDocument/codeAction, params:{
    "context": {
        "diagnostics": []
    },
    "range": {
        "end": {
            "character": 42,
            "line": 15
        },
        "start": {
            "character": 42,
            "line": 15
        }
    },
    "textDocument": {
        "uri": "file:///d%3A/ws/Sui/orc-linux/src/Main.orc"
    }
}
codeAction succ

response:Content-Length: 385

{"id":12,"jsonrpc":"2.0","result":[{"command":{"arguments":[{"context":{"diagnostics":[],"only":[],"triggerKind":0},"range":{"end":{"character":42,"line":15},"start":{"character":42,"line":15}},"textDocument":{"uri":"file:///d:/ws/Sui/orc-linux/src/Main.orc"}}],"command":"orclsp.import","title":"orclsp.import"},"diagnostics":[],"isPrefered":true,"kind":"refactor","title":"import"}]}
route. id:13, method:textDocument/codeAction, params:{
    "context": {
        "diagnostics": []
    },
    "range": {
        "end": {
            "character": 32,
            "line": 6
        },
        "start": {
            "character": 32,
            "line": 6
        }
    },
    "textDocument": {
        "uri": "file:///d%3A/ws/Sui/orc-linux/src/Main.orc"
    }
}
codeAction succ

response:Content-Length: 383

{"id":13,"jsonrpc":"2.0","result":[{"command":{"arguments":[{"context":{"diagnostics":[],"only":[],"triggerKind":0},"range":{"end":{"character":32,"line":6},"start":{"character":32,"line":6}},"textDocument":{"uri":"file:///d:/ws/Sui/orc-linux/src/Main.orc"}}],"command":"orclsp.import","title":"orclsp.import"},"diagnostics":[],"isPrefered":true,"kind":"refactor","title":"import"}]}

server=>client notification:Content-Length: 149

{"jsonrpc":"2.0","method":"textDocument/publishDiagnostics","params":{"diagnostics":[],"uri":"file:///d:/ws/Sui/orc-linux/src/Main.orc","version":8}}
route. id:0, method:textDocument/didChange, params:{
    "contentChanges": [
        {
            "text": "#include <stdio.h>\r\n\r\n// #include \"./NanovgEntry.h\"\r\n\r\n#include \"../UrgcDll/urgc_api.h\"\r\n#include \"Orc/Orc.h\"\r\nimport * from \"./Sui/Core/Window.orc\"\r\nimport * from \"./Sui/Core/View.orc\"\r\nimport * from \"./Sui/View/ViewBuilder.orc\"\r\nimport * from \"./Sui/View/ImageView.orc\"\r\nimport * from \"./Sui/View/TextView.orc\"\r\nimport * from \"./Sui/View/EditText.orc\"\r\nimport * from \"./Sui/View/Button.orc\"\r\nimport * from \"./Sui/Layout/LayoutLinear.orc\"\r\nimport * from \"./Sui/Layout/LayoutGrid.orc\"\r\nimport * from \"./Sui/Layout/RowWrap.orc\"\r\nimport * from \"./Sui/Layout/LayoutAlign.orc\"\r\nimport * from \"./Sui/Dialog/Toast.orc\"\r\n// import * from \"./Orc/Thread.orc\"\r\nimport * from \"./Orc/String.orc\"\r\n\r\n \r\n\r\n// import * from \"./Orc/Mutex.orc\"\r\n// import * from \"./Orc/Math.orc\"\r\n// import * from \"./Orc/List.orc\"\r\n// import * from \"./Orc/Map.orc\"\r\n// import * from \"./Orc/Path.orc\"\r\n// import * from \"./Sui/Dialog/Toast.orc\"\r\n// import * from \"./Sui/Core/Vec2.orc\"\r\n// import * from \"./Sui/Core/Rect.orc\"\r\n// import * from \"./Sui/Core/Radius.orc\"\r\n// import * from \"./Sui/Core/Inset.orc\"\r\n// import * from \"./Sui/Core/Global.orc\"\r\n// import * from \"./Sui/Core/Event.orc\"\r\n// import * from \"./Sui/Core/Emitter.orc\"\r\n// import * from \"./Sui/Core/Edge.orc\"\r\n// import * from \"./Sui/Core/Cursor.orc\"\r\n// import * from \"./Sui/Core/Color.orc\"\r\n// import * from \"./Sui/Core/Clipboard.orc\"\r\n// import * from \"./Sui/Core/Border.orc\"\r\n// import * from \"./Sui/Core/Screen.orc\"\r\n// import * from \"./Sui/Core/Timer.orc\"\r\n\r\nextern void windowInit()\r\n// extern void testWindow();\r\n\r\n\r\nvoid initMain(){\r\n    // urgc_start_process_thread();\r\n}\r\n\r\n\r\nint main(){\r\n    if (1){\r\n        printf(\"return \\n\")\r\n        return 0;\r\n    }\r\n    initMain()\r\n    windowInit();\r\n\r\n    printf(\"app used0\\n\")\r\n    App@ app = App_use()\r\n    printf(\"app used\\n\")\r\n    \r\n\r\n    // testWindow()\r\n\r\n    if 1 {\r\n        Window@ win = new Window()\r\n        // win.show();\r\n        win. {\r\n            LayoutLinear@ ll = new LayoutLinear()\r\n            win.rootView = ll\r\n            ll.{\r\n                //layoutLinear(o, 0).{\r\n                    o.width = 400\r\n                    o.height = 400\r\n                    o.backgroundColor = 0x93000000\r\n\r\n                    mkDrawButton(o, 0).{\r\n                        o.text = str(\"submit\")\r\n                        o.onClick = ^void(){\r\n                            // Toast_make(\"click\")\r\n                            app.eachWindow(^void (Window *win){\r\n                                win.rootView.printLayoutTimes(0)\r\n                            })\r\n                        }\r\n                    }\r\n                    mkView(o, 0).{\r\n                        o.backgroundColor = 0xffff0000\r\n                        o.width = 100\r\n                        o.height = 100\r\n                        o.margin.setAll(10)\r\n                    }\r\n                    mkEditText(o, 0).{\r\n                        // o.setText(str(\"hi there buzi buzi\"))\r\n                        // o.width = 200\r\n                        o.color = 0xff000000\r\n                        o.height = 40\r\n                        o.backgroundColor = 0x99999999\r\n                    }\r\n                    mkImageView(o, 0).{\r\n                        o.setSrc(str(\"./asset/SpongeBob.png\"))\r\n                    }\r\n                    mkTextView(o, 0).{\r\n                        o.setText(str(\"hi there buzi buzi\"))\r\n                        // o.width = 200\r\n                        // o.height = 40\r\n                        o.backgroundColor = 0x13ff0000\r\n                    }\r\n                    layoutLinear(o, 0).{\r\n                        o.direction.set(\"column\")\r\n                        o.backgroundColor = 0x33112233\r\n                        mkView(o, 0).{\r\n                            o.backgroundColor = 0xff00ff00\r\n                            o.width = 80\r\n                            o.height = 80\r\n                            o.margin.setAll(10)\r\n                        }\r\n                        mkView(o, 0).{\r\n                            o.backgroundColor = 0xff0000ff\r\n                            o.width = 60\r\n                            o.height = 160\r\n                            o.margin.setAll(10)\r\n                        }\r\n                    }\r\n                    mkLayoutGrid(o, 0).{\r\n                        o.width = 200\r\n                        o.height = 200\r\n                        o.backgroundColor = 0x33330000\r\n\r\n                        mkView(o, 0).{\r\n                            o.backgroundColor = 0xff0000ff\r\n                            o.width = 60\r\n                            o.height = 60\r\n                            o.margin.setAll(10)\r\n                        }\r\n                        mkView(o, 0).{\r\n                            o.backgroundColor = 0xff0000ff\r\n                            o.width = 60\r\n                            o.height = 60\r\n                            o.margin.setAll(10)\r\n                        }\r\n                        mkView(o, 0).{\r\n                            o.backgroundColor = 0xff0000ff\r\n                            o.width = 60\r\n                            o.height = 60\r\n                            o.margin.setAll(10)\r\n                        }\r\n                        mkView(o, 0).{\r\n                            o.backgroundColor = 0xff0000ff\r\n                            o.width = 60\r\n                            o.height = 60\r\n                            o.margin.setAll(10)\r\n                        }\r\n                    }\r\n                    mkRowWrap(o, 0).{\r\n                        o.width = 200\r\n                        o.height = 200\r\n                        o.backgroundColor = 0x33009900\r\n\r\n                        mkView(o, 0).{\r\n                            o.backgroundColor = 0xff0000ff\r\n                            o.width = 60\r\n                            o.height = 60\r\n                            o.margin.setAll(10)\r\n                        }\r\n                        mkView(o, 0).{\r\n                            o.backgroundColor = 0xff0000ff\r\n                            o.width = 60\r\n                            o.height = 60\r\n                            o.margin.setAll(10)\r\n                        }\r\n                        mkView(o, 0).{\r\n                            o.backgroundColor = 0xff0000ff\r\n                            o.width = 60\r\n                            o.height = 60\r\n                            o.margin.setAll(10)\r\n                        }\r\n                        mkView(o, 0).{\r\n                            o.backgroundColor = 0xff0000ff\r\n                            o.width = 60\r\n                            o.height = 60\r\n                            o.margin.setAll(10)\r\n                        }\r\n                    }\r\n                    layoutAlign(o, 0).{\r\n                        o.width = 200\r\n                        o.height = 200\r\n                        o.backgroundColor = 0x33009900\r\n\r\n                        mkView(o, 0).{\r\n                            o.backgroundColor = 0xfffff06f\r\n                            o.width = 60\r\n                            o.height = 60\r\n                            o.margin.setAll(10)\r\n\r\n                            layoutAlignCell(o, 0).{\r\n                                o.setBottomRight()\r\n                            }\r\n                        }\r\n                        mkView(o, 0).{\r\n                            o.backgroundColor = 0xff6000ff\r\n                            o.width = 60\r\n                            o.height = 60\r\n                            o.margin.setAll(10)\r\n\r\n                            layoutAlignCell(o, 0).{\r\n                                o.setBottomCenter()\r\n                            }\r\n                        }\r\n                        mkView(o, 0).{\r\n                            o.backgroundColor = 0xff00ffff\r\n                            o.width = 60\r\n                            o.height = 60\r\n                            o.margin.setAll(10)\r\n\r\n                            layoutAlignCell(o, 0).{\r\n                                o.setCenter()\r\n                            }\r\n                        }\r\n                        mkView(o, 0).{\r\n                            o.backgroundColor = 0xffff00ff\r\n                            o.width = 60\r\n                            o.height = 60\r\n                            o.margin.setAll(10)\r\n\r\n                            layoutAlignPositionCell(o, 0).{\r\n                                o.left = nan\r\n                                o.right = -60\r\n                                o.top = 3\r\n                            }\r\n                        }\r\n                        mkView(o, 0).{\r\n                            o.backgroundColor = 0xff6f009f\r\n\r\n                            layoutAlignPositionCell(o, 0).{\r\n                                o.left = 10\r\n                                o.right = 150\r\n                                o.top = 30\r\n                                o.bottom = 30\r\n                            }\r\n                        }\r\n                    }\r\n                //}\r\n            }\r\n\r\n\r\n            o.setTitle(\"orc机器人\")\r\n            o.setSize(840, 480)\r\n            o.setPos(400, 200)\r\n            o.show()\r\n        }\r\n\r\n    }\r\n\r\n\r\n\r\n    app.runEventLoop()\r\n\r\n    // testApp()\r\n    // testWindow()\r\n\r\n    // testVec2()\r\n    // // testToast()\r\n    // testRect()\r\n    // testRadius();\r\n    // testInset()\r\n    // testGlobal()\r\n    // testEvent()\r\n    // testEmitter()\r\n    // testEdge()\r\n    // testCursor()\r\n    // testColor()\r\n    // testClipboard()\r\n    // testBorder()\r\n    // testScreen()\r\n    // testTimer();\r\n\r\n\r\n    // testWindow();\r\n\r\n    // int ok = glewInit();\r\n    // printf(\"test Main ctx:%d\\n\", ctx)\r\n    // getchar();\r\n    // printf(\"glewINit:%d\\n\", ok);\r\n    printf(\"glewINit:%d\\n\", 1);\r\n    getchar();\r\n    return 0\r\n}\r\n\r\n"
        }
    ],
    "textDocument": {
        "uri": "file:///d%3A/ws/Sui/orc-linux/src/Main.orc",
        "version": 2
    }
}
didChange:file:///d:/ws/Sui/orc-linux/src/Main.orc 9810 2 
route. id:14, method:textDocument/documentHighlight, params:{
    "position": {
        "character": 0,
        "line": 6
    },
    "textDocument": {
        "uri": "file:///d%3A/ws/Sui/orc-linux/src/Main.orc"
    }
}

response:Content-Length: 37

{"id":14,"jsonrpc":"2.0","result":{}}
buildSymbolSpace_byTextDocument. uri:file:///d:/ws/Sui/orc-linux/src/Main.orc, absPath:d:/ws/Sui/orc-linux/src/Main.orc
buildSymbolSpace_byTextDocument. mk parser
route. id:0, method:textDocument/didChange, params:{
    "contentChanges": [
        {
            "text": "#include <stdio.h>\r\n\r\n// #include \"./NanovgEntry.h\"\r\n\r\n#include \"../UrgcDll/urgc_api.h\"\r\n#include \"Orc/Orc.h\"\r\nimport * from \"./Sui/Core/View.orc\"\r\nimport * from \"./Sui/View/ViewBuilder.orc\"\r\nimport * from \"./Sui/View/ImageView.orc\"\r\nimport * from \"./Sui/View/TextView.orc\"\r\nimport * from \"./Sui/View/EditText.orc\"\r\nimport * from \"./Sui/View/Button.orc\"\r\nimport * from \"./Sui/Layout/LayoutLinear.orc\"\r\nimport * from \"./Sui/Layout/LayoutGrid.orc\"\r\nimport * from \"./Sui/Layout/RowWrap.orc\"\r\nimport * from \"./Sui/Layout/LayoutAlign.orc\"\r\nimport * from \"./Sui/Dialog/Toast.orc\"\r\n// import * from \"./Orc/Thread.orc\"\r\nimport * from \"./Orc/String.orc\"\r\n\r\n \r\n\r\n// import * from \"./Orc/Mutex.orc\"\r\n// import * from \"./Orc/Math.orc\"\r\n// import * from \"./Orc/List.orc\"\r\n// import * from \"./Orc/Map.orc\"\r\n// import * from \"./Orc/Path.orc\"\r\n// import * from \"./Sui/Dialog/Toast.orc\"\r\n// import * from \"./Sui/Core/Vec2.orc\"\r\n// import * from \"./Sui/Core/Rect.orc\"\r\n// import * from \"./Sui/Core/Radius.orc\"\r\n// import * from \"./Sui/Core/Inset.orc\"\r\n// import * from \"./Sui/Core/Global.orc\"\r\n// import * from \"./Sui/Core/Event.orc\"\r\n// import * from \"./Sui/Core/Emitter.orc\"\r\n// import * from \"./Sui/Core/Edge.orc\"\r\n// import * from \"./Sui/Core/Cursor.orc\"\r\n// import * from \"./Sui/Core/Color.orc\"\r\n// import * from \"./Sui/Core/Clipboard.orc\"\r\n// import * from \"./Sui/Core/Border.orc\"\r\n// import * from \"./Sui/Core/Screen.orc\"\r\n// import * from \"./Sui/Core/Timer.orc\"\r\n\r\nextern void windowInit()\r\n// extern void testWindow();\r\n\r\n\r\nvoid initMain(){\r\n    // urgc_start_process_thread();\r\n}\r\n\r\n\r\nint main(){\r\n    if (1){\r\n        printf(\"return \\n\")\r\n        return 0;\r\n    }\r\n    initMain()\r\n    windowInit();\r\n\r\n    printf(\"app used0\\n\")\r\n    App@ app = App_use()\r\n    printf(\"app used\\n\")\r\n    \r\n\r\n    // testWindow()\r\n\r\n    if 1 {\r\n        Window@ win = new Window()\r\n        // win.show();\r\n        win. {\r\n            LayoutLinear@ ll = new LayoutLinear()\r\n            win.rootView = ll\r\n            ll.{\r\n                //layoutLinear(o, 0).{\r\n                    o.width = 400\r\n                    o.height = 400\r\n                    o.backgroundColor = 0x93000000\r\n\r\n                    mkDrawButton(o, 0).{\r\n                        o.text = str(\"submit\")\r\n                        o.onClick = ^void(){\r\n                            // Toast_make(\"click\")\r\n                            app.eachWindow(^void (Window *win){\r\n                                win.rootView.printLayoutTimes(0)\r\n                            })\r\n                        }\r\n                    }\r\n                    mkView(o, 0).{\r\n                        o.backgroundColor = 0xffff0000\r\n                        o.width = 100\r\n                        o.height = 100\r\n                        o.margin.setAll(10)\r\n                    }\r\n                    mkEditText(o, 0).{\r\n                        // o.setText(str(\"hi there buzi buzi\"))\r\n                        // o.width = 200\r\n                        o.color = 0xff000000\r\n                        o.height = 40\r\n                        o.backgroundColor = 0x99999999\r\n                    }\r\n                    mkImageView(o, 0).{\r\n                        o.setSrc(str(\"./asset/SpongeBob.png\"))\r\n                    }\r\n                    mkTextView(o, 0).{\r\n                        o.setText(str(\"hi there buzi buzi\"))\r\n                        // o.width = 200\r\n                        // o.height = 40\r\n                        o.backgroundColor = 0x13ff0000\r\n                    }\r\n                    layoutLinear(o, 0).{\r\n                        o.direction.set(\"column\")\r\n                        o.backgroundColor = 0x33112233\r\n                        mkView(o, 0).{\r\n                            o.backgroundColor = 0xff00ff00\r\n                            o.width = 80\r\n                            o.height = 80\r\n                            o.margin.setAll(10)\r\n                        }\r\n                        mkView(o, 0).{\r\n                            o.backgroundColor = 0xff0000ff\r\n                            o.width = 60\r\n                            o.height = 160\r\n                            o.margin.setAll(10)\r\n                        }\r\n                    }\r\n                    mkLayoutGrid(o, 0).{\r\n                        o.width = 200\r\n                        o.height = 200\r\n                        o.backgroundColor = 0x33330000\r\n\r\n                        mkView(o, 0).{\r\n                            o.backgroundColor = 0xff0000ff\r\n                            o.width = 60\r\n                            o.height = 60\r\n                            o.margin.setAll(10)\r\n                        }\r\n                        mkView(o, 0).{\r\n                            o.backgroundColor = 0xff0000ff\r\n                            o.width = 60\r\n                            o.height = 60\r\n                            o.margin.setAll(10)\r\n                        }\r\n                        mkView(o, 0).{\r\n                            o.backgroundColor = 0xff0000ff\r\n                            o.width = 60\r\n                            o.height = 60\r\n                            o.margin.setAll(10)\r\n                        }\r\n                        mkView(o, 0).{\r\n                            o.backgroundColor = 0xff0000ff\r\n                            o.width = 60\r\n                            o.height = 60\r\n                            o.margin.setAll(10)\r\n                        }\r\n                    }\r\n                    mkRowWrap(o, 0).{\r\n                        o.width = 200\r\n                        o.height = 200\r\n                        o.backgroundColor = 0x33009900\r\n\r\n                        mkView(o, 0).{\r\n                            o.backgroundColor = 0xff0000ff\r\n                            o.width = 60\r\n                            o.height = 60\r\n                            o.margin.setAll(10)\r\n                        }\r\n                        mkView(o, 0).{\r\n                            o.backgroundColor = 0xff0000ff\r\n                            o.width = 60\r\n                            o.height = 60\r\n                            o.margin.setAll(10)\r\n                        }\r\n                        mkView(o, 0).{\r\n                            o.backgroundColor = 0xff0000ff\r\n                            o.width = 60\r\n                            o.height = 60\r\n                            o.margin.setAll(10)\r\n                        }\r\n                        mkView(o, 0).{\r\n                            o.backgroundColor = 0xff0000ff\r\n                            o.width = 60\r\n                            o.height = 60\r\n                            o.margin.setAll(10)\r\n                        }\r\n                    }\r\n                    layoutAlign(o, 0).{\r\n                        o.width = 200\r\n                        o.height = 200\r\n                        o.backgroundColor = 0x33009900\r\n\r\n                        mkView(o, 0).{\r\n                            o.backgroundColor = 0xfffff06f\r\n                            o.width = 60\r\n                            o.height = 60\r\n                            o.margin.setAll(10)\r\n\r\n                            layoutAlignCell(o, 0).{\r\n                                o.setBottomRight()\r\n                            }\r\n                        }\r\n                        mkView(o, 0).{\r\n                            o.backgroundColor = 0xff6000ff\r\n                            o.width = 60\r\n                            o.height = 60\r\n                            o.margin.setAll(10)\r\n\r\n                            layoutAlignCell(o, 0).{\r\n                                o.setBottomCenter()\r\n                            }\r\n                        }\r\n                        mkView(o, 0).{\r\n                            o.backgroundColor = 0xff00ffff\r\n                            o.width = 60\r\n                            o.height = 60\r\n                            o.margin.setAll(10)\r\n\r\n                            layoutAlignCell(o, 0).{\r\n                                o.setCenter()\r\n                            }\r\n                        }\r\n                        mkView(o, 0).{\r\n                            o.backgroundColor = 0xffff00ff\r\n                            o.width = 60\r\n                            o.height = 60\r\n                            o.margin.setAll(10)\r\n\r\n                            layoutAlignPositionCell(o, 0).{\r\n                                o.left = nan\r\n                                o.right = -60\r\n                                o.top = 3\r\n                            }\r\n                        }\r\n                        mkView(o, 0).{\r\n                            o.backgroundColor = 0xff6f009f\r\n\r\n                            layoutAlignPositionCell(o, 0).{\r\n                                o.left = 10\r\n                                o.right = 150\r\n                                o.top = 30\r\n                                o.bottom = 30\r\n                            }\r\n                        }\r\n                    }\r\n                //}\r\n            }\r\n\r\n\r\n            o.setTitle(\"orc机器人\")\r\n            o.setSize(840, 480)\r\n            o.setPos(400, 200)\r\n            o.show()\r\n        }\r\n\r\n    }\r\n\r\n\r\n\r\n    app.runEventLoop()\r\n\r\n    // testApp()\r\n    // testWindow()\r\n\r\n    // testVec2()\r\n    // // testToast()\r\n    // testRect()\r\n    // testRadius();\r\n    // testInset()\r\n    // testGlobal()\r\n    // testEvent()\r\n    // testEmitter()\r\n    // testEdge()\r\n    // testCursor()\r\n    // testColor()\r\n    // testClipboard()\r\n    // testBorder()\r\n    // testScreen()\r\n    // testTimer();\r\n\r\n\r\n    // testWindow();\r\n\r\n    // int ok = glewInit();\r\n    // printf(\"test Main ctx:%d\\n\", ctx)\r\n    // getchar();\r\n    // printf(\"glewINit:%d\\n\", ok);\r\n    printf(\"glewINit:%d\\n\", 1);\r\n    getchar();\r\n    return 0\r\n}\r\n\r\n"
        }
    ],
    "textDocument": {
        "uri": "file:///d%3A/ws/Sui/orc-linux/src/Main.orc",
        "version": 3
    }
}
didChange:file:///d:/ws/Sui/orc-linux/src/Main.orc 9771 3 
route. id:15, method:textDocument/documentHighlight, params:{
    "position": {
        "character": 0,
        "line": 6
    },
    "textDocument": {
        "uri": "file:///d%3A/ws/Sui/orc-linux/src/Main.orc"
    }
}

response:Content-Length: 37

{"id":15,"jsonrpc":"2.0","result":{}}
route. id:16, method:textDocument/codeAction, params:{
    "context": {
        "diagnostics": []
    },
    "range": {
        "end": {
            "character": 0,
            "line": 6
        },
        "start": {
            "character": 0,
            "line": 6
        }
    },
    "textDocument": {
        "uri": "file:///d%3A/ws/Sui/orc-linux/src/Main.orc"
    }
}
codeAction succ

response:Content-Length: 381

{"id":16,"jsonrpc":"2.0","result":[{"command":{"arguments":[{"context":{"diagnostics":[],"only":[],"triggerKind":0},"range":{"end":{"character":0,"line":6},"start":{"character":0,"line":6}},"textDocument":{"uri":"file:///d:/ws/Sui/orc-linux/src/Main.orc"}}],"command":"orclsp.import","title":"orclsp.import"},"diagnostics":[],"isPrefered":true,"kind":"refactor","title":"import"}]}
route. id:0, method:textDocument/didChange, params:{
    "contentChanges": [
        {
            "text": "#include <stdio.h>\r\n\r\n// #include \"./NanovgEntry.h\"\r\n\r\n#include \"../UrgcDll/urgc_api.h\"\r\n#include \"Orc/Orc.h\"\r\nimport * from \"./Sui/View/ViewBuilder.orc\"\r\nimport * from \"./Sui/View/ImageView.orc\"\r\nimport * from \"./Sui/View/TextView.orc\"\r\nimport * from \"./Sui/View/EditText.orc\"\r\nimport * from \"./Sui/View/Button.orc\"\r\nimport * from \"./Sui/Layout/LayoutLinear.orc\"\r\nimport * from \"./Sui/Layout/LayoutGrid.orc\"\r\nimport * from \"./Sui/Layout/RowWrap.orc\"\r\nimport * from \"./Sui/Layout/LayoutAlign.orc\"\r\nimport * from \"./Sui/Dialog/Toast.orc\"\r\n// import * from \"./Orc/Thread.orc\"\r\nimport * from \"./Orc/String.orc\"\r\n\r\n \r\n\r\n// import * from \"./Orc/Mutex.orc\"\r\n// import * from \"./Orc/Math.orc\"\r\n// import * from \"./Orc/List.orc\"\r\n// import * from \"./Orc/Map.orc\"\r\n// import * from \"./Orc/Path.orc\"\r\n// import * from \"./Sui/Dialog/Toast.orc\"\r\n// import * from \"./Sui/Core/Vec2.orc\"\r\n// import * from \"./Sui/Core/Rect.orc\"\r\n// import * from \"./Sui/Core/Radius.orc\"\r\n// import * from \"./Sui/Core/Inset.orc\"\r\n// import * from \"./Sui/Core/Global.orc\"\r\n// import * from \"./Sui/Core/Event.orc\"\r\n// import * from \"./Sui/Core/Emitter.orc\"\r\n// import * from \"./Sui/Core/Edge.orc\"\r\n// import * from \"./Sui/Core/Cursor.orc\"\r\n// import * from \"./Sui/Core/Color.orc\"\r\n// import * from \"./Sui/Core/Clipboard.orc\"\r\n// import * from \"./Sui/Core/Border.orc\"\r\n// import * from \"./Sui/Core/Screen.orc\"\r\n// import * from \"./Sui/Core/Timer.orc\"\r\n\r\nextern void windowInit()\r\n// extern void testWindow();\r\n\r\n\r\nvoid initMain(){\r\n    // urgc_start_process_thread();\r\n}\r\n\r\n\r\nint main(){\r\n    if (1){\r\n        printf(\"return \\n\")\r\n        return 0;\r\n    }\r\n    initMain()\r\n    windowInit();\r\n\r\n    printf(\"app used0\\n\")\r\n    App@ app = App_use()\r\n    printf(\"app used\\n\")\r\n    \r\n\r\n    // testWindow()\r\n\r\n    if 1 {\r\n        Window@ win = new Window()\r\n        // win.show();\r\n        win. {\r\n            LayoutLinear@ ll = new LayoutLinear()\r\n            win.rootView = ll\r\n            ll.{\r\n                //layoutLinear(o, 0).{\r\n                    o.width = 400\r\n                    o.height = 400\r\n                    o.backgroundColor = 0x93000000\r\n\r\n                    mkDrawButton(o, 0).{\r\n                        o.text = str(\"submit\")\r\n                        o.onClick = ^void(){\r\n                            // Toast_make(\"click\")\r\n                            app.eachWindow(^void (Window *win){\r\n                                win.rootView.printLayoutTimes(0)\r\n                            })\r\n                        }\r\n                    }\r\n                    mkView(o, 0).{\r\n                        o.backgroundColor = 0xffff0000\r\n                        o.width = 100\r\n                        o.height = 100\r\n                        o.margin.setAll(10)\r\n                    }\r\n                    mkEditText(o, 0).{\r\n                        // o.setText(str(\"hi there buzi buzi\"))\r\n                        // o.width = 200\r\n                        o.color = 0xff000000\r\n                        o.height = 40\r\n                        o.backgroundColor = 0x99999999\r\n                    }\r\n                    mkImageView(o, 0).{\r\n                        o.setSrc(str(\"./asset/SpongeBob.png\"))\r\n                    }\r\n                    mkTextView(o, 0).{\r\n                        o.setText(str(\"hi there buzi buzi\"))\r\n                        // o.width = 200\r\n                        // o.height = 40\r\n                        o.backgroundColor = 0x13ff0000\r\n                    }\r\n                    layoutLinear(o, 0).{\r\n                        o.direction.set(\"column\")\r\n                        o.backgroundColor = 0x33112233\r\n                        mkView(o, 0).{\r\n                            o.backgroundColor = 0xff00ff00\r\n                            o.width = 80\r\n                            o.height = 80\r\n                            o.margin.setAll(10)\r\n                        }\r\n                        mkView(o, 0).{\r\n                            o.backgroundColor = 0xff0000ff\r\n                            o.width = 60\r\n                            o.height = 160\r\n                            o.margin.setAll(10)\r\n                        }\r\n                    }\r\n                    mkLayoutGrid(o, 0).{\r\n                        o.width = 200\r\n                        o.height = 200\r\n                        o.backgroundColor = 0x33330000\r\n\r\n                        mkView(o, 0).{\r\n                            o.backgroundColor = 0xff0000ff\r\n                            o.width = 60\r\n                            o.height = 60\r\n                            o.margin.setAll(10)\r\n                        }\r\n                        mkView(o, 0).{\r\n                            o.backgroundColor = 0xff0000ff\r\n                            o.width = 60\r\n                            o.height = 60\r\n                            o.margin.setAll(10)\r\n                        }\r\n                        mkView(o, 0).{\r\n                            o.backgroundColor = 0xff0000ff\r\n                            o.width = 60\r\n                            o.height = 60\r\n                            o.margin.setAll(10)\r\n                        }\r\n                        mkView(o, 0).{\r\n                            o.backgroundColor = 0xff0000ff\r\n                            o.width = 60\r\n                            o.height = 60\r\n                            o.margin.setAll(10)\r\n                        }\r\n                    }\r\n                    mkRowWrap(o, 0).{\r\n                        o.width = 200\r\n                        o.height = 200\r\n                        o.backgroundColor = 0x33009900\r\n\r\n                        mkView(o, 0).{\r\n                            o.backgroundColor = 0xff0000ff\r\n                            o.width = 60\r\n                            o.height = 60\r\n                            o.margin.setAll(10)\r\n                        }\r\n                        mkView(o, 0).{\r\n                            o.backgroundColor = 0xff0000ff\r\n                            o.width = 60\r\n                            o.height = 60\r\n                            o.margin.setAll(10)\r\n                        }\r\n                        mkView(o, 0).{\r\n                            o.backgroundColor = 0xff0000ff\r\n                            o.width = 60\r\n                            o.height = 60\r\n                            o.margin.setAll(10)\r\n                        }\r\n                        mkView(o, 0).{\r\n                            o.backgroundColor = 0xff0000ff\r\n                            o.width = 60\r\n                            o.height = 60\r\n                            o.margin.setAll(10)\r\n                        }\r\n                    }\r\n                    layoutAlign(o, 0).{\r\n                        o.width = 200\r\n                        o.height = 200\r\n                        o.backgroundColor = 0x33009900\r\n\r\n                        mkView(o, 0).{\r\n                            o.backgroundColor = 0xfffff06f\r\n                            o.width = 60\r\n                            o.height = 60\r\n                            o.margin.setAll(10)\r\n\r\n                            layoutAlignCell(o, 0).{\r\n                                o.setBottomRight()\r\n                            }\r\n                        }\r\n                        mkView(o, 0).{\r\n                            o.backgroundColor = 0xff6000ff\r\n                            o.width = 60\r\n                            o.height = 60\r\n                            o.margin.setAll(10)\r\n\r\n                            layoutAlignCell(o, 0).{\r\n                                o.setBottomCenter()\r\n                            }\r\n                        }\r\n                        mkView(o, 0).{\r\n                            o.backgroundColor = 0xff00ffff\r\n                            o.width = 60\r\n                            o.height = 60\r\n                            o.margin.setAll(10)\r\n\r\n                            layoutAlignCell(o, 0).{\r\n                                o.setCenter()\r\n                            }\r\n                        }\r\n                        mkView(o, 0).{\r\n                            o.backgroundColor = 0xffff00ff\r\n                            o.width = 60\r\n                            o.height = 60\r\n                            o.margin.setAll(10)\r\n\r\n                            layoutAlignPositionCell(o, 0).{\r\n                                o.left = nan\r\n                                o.right = -60\r\n                                o.top = 3\r\n                            }\r\n                        }\r\n                        mkView(o, 0).{\r\n                            o.backgroundColor = 0xff6f009f\r\n\r\n                            layoutAlignPositionCell(o, 0).{\r\n                                o.left = 10\r\n                                o.right = 150\r\n                                o.top = 30\r\n                                o.bottom = 30\r\n                            }\r\n                        }\r\n                    }\r\n                //}\r\n            }\r\n\r\n\r\n            o.setTitle(\"orc机器人\")\r\n            o.setSize(840, 480)\r\n            o.setPos(400, 200)\r\n            o.show()\r\n        }\r\n\r\n    }\r\n\r\n\r\n\r\n    app.runEventLoop()\r\n\r\n    // testApp()\r\n    // testWindow()\r\n\r\n    // testVec2()\r\n    // // testToast()\r\n    // testRect()\r\n    // testRadius();\r\n    // testInset()\r\n    // testGlobal()\r\n    // testEvent()\r\n    // testEmitter()\r\n    // testEdge()\r\n    // testCursor()\r\n    // testColor()\r\n    // testClipboard()\r\n    // testBorder()\r\n    // testScreen()\r\n    // testTimer();\r\n\r\n\r\n    // testWindow();\r\n\r\n    // int ok = glewInit();\r\n    // printf(\"test Main ctx:%d\\n\", ctx)\r\n    // getchar();\r\n    // printf(\"glewINit:%d\\n\", ok);\r\n    printf(\"glewINit:%d\\n\", 1);\r\n    getchar();\r\n    return 0\r\n}\r\n\r\n"
        }
    ],
    "textDocument": {
        "uri": "file:///d%3A/ws/Sui/orc-linux/src/Main.orc",
        "version": 4
    }
}
didChange:file:///d:/ws/Sui/orc-linux/src/Main.orc 9734 4 
route. id:17, method:textDocument/documentHighlight, params:{
    "position": {
        "character": 0,
        "line": 6
    },
    "textDocument": {
        "uri": "file:///d%3A/ws/Sui/orc-linux/src/Main.orc"
    }
}

response:Content-Length: 37

{"id":17,"jsonrpc":"2.0","result":{}}
buildSymbolSpace_byTextDocument. program
buildSymbolSpace_byTextDocument. mkSpace
buildSymbolSpace_byTextDocument. init symbol builder v isitor
buildSymbolSpace_byTextDocument. SymbolBuilderVisitor.visit
buildSymbolSpace_byTextDocument  for uri file:///d:/ws/Sui/orc-linux/src/Main.orc. version:%d 
didChange succ
buildSymbolSpace_byTextDocument. uri:file:///d:/ws/Sui/orc-linux/src/Main.orc, absPath:d:/ws/Sui/orc-linux/src/Main.orc
buildSymbolSpace_byTextDocument. mk parser
route. id:0, method:textDocument/didChange, params:{
    "contentChanges": [
        {
            "text": "#include <stdio.h>\r\n\r\n// #include \"./NanovgEntry.h\"\r\n\r\n#include \"../UrgcDll/urgc_api.h\"\r\n#include \"Orc/Orc.h\"\r\nimport * from \"./Sui/View/ImageView.orc\"\r\nimport * from \"./Sui/View/TextView.orc\"\r\nimport * from \"./Sui/View/EditText.orc\"\r\nimport * from \"./Sui/View/Button.orc\"\r\nimport * from \"./Sui/Layout/LayoutLinear.orc\"\r\nimport * from \"./Sui/Layout/LayoutGrid.orc\"\r\nimport * from \"./Sui/Layout/RowWrap.orc\"\r\nimport * from \"./Sui/Layout/LayoutAlign.orc\"\r\nimport * from \"./Sui/Dialog/Toast.orc\"\r\n// import * from \"./Orc/Thread.orc\"\r\nimport * from \"./Orc/String.orc\"\r\n\r\n \r\n\r\n// import * from \"./Orc/Mutex.orc\"\r\n// import * from \"./Orc/Math.orc\"\r\n// import * from \"./Orc/List.orc\"\r\n// import * from \"./Orc/Map.orc\"\r\n// import * from \"./Orc/Path.orc\"\r\n// import * from \"./Sui/Dialog/Toast.orc\"\r\n// import * from \"./Sui/Core/Vec2.orc\"\r\n// import * from \"./Sui/Core/Rect.orc\"\r\n// import * from \"./Sui/Core/Radius.orc\"\r\n// import * from \"./Sui/Core/Inset.orc\"\r\n// import * from \"./Sui/Core/Global.orc\"\r\n// import * from \"./Sui/Core/Event.orc\"\r\n// import * from \"./Sui/Core/Emitter.orc\"\r\n// import * from \"./Sui/Core/Edge.orc\"\r\n// import * from \"./Sui/Core/Cursor.orc\"\r\n// import * from \"./Sui/Core/Color.orc\"\r\n// import * from \"./Sui/Core/Clipboard.orc\"\r\n// import * from \"./Sui/Core/Border.orc\"\r\n// import * from \"./Sui/Core/Screen.orc\"\r\n// import * from \"./Sui/Core/Timer.orc\"\r\n\r\nextern void windowInit()\r\n// extern void testWindow();\r\n\r\n\r\nvoid initMain(){\r\n    // urgc_start_process_thread();\r\n}\r\n\r\n\r\nint main(){\r\n    if (1){\r\n        printf(\"return \\n\")\r\n        return 0;\r\n    }\r\n    initMain()\r\n    windowInit();\r\n\r\n    printf(\"app used0\\n\")\r\n    App@ app = App_use()\r\n    printf(\"app used\\n\")\r\n    \r\n\r\n    // testWindow()\r\n\r\n    if 1 {\r\n        Window@ win = new Window()\r\n        // win.show();\r\n        win. {\r\n            LayoutLinear@ ll = new LayoutLinear()\r\n            win.rootView = ll\r\n            ll.{\r\n                //layoutLinear(o, 0).{\r\n                    o.width = 400\r\n                    o.height = 400\r\n                    o.backgroundColor = 0x93000000\r\n\r\n                    mkDrawButton(o, 0).{\r\n                        o.text = str(\"submit\")\r\n                        o.onClick = ^void(){\r\n                            // Toast_make(\"click\")\r\n                            app.eachWindow(^void (Window *win){\r\n                                win.rootView.printLayoutTimes(0)\r\n                            })\r\n                        }\r\n                    }\r\n                    mkView(o, 0).{\r\n                        o.backgroundColor = 0xffff0000\r\n                        o.width = 100\r\n                        o.height = 100\r\n                        o.margin.setAll(10)\r\n                    }\r\n                    mkEditText(o, 0).{\r\n                        // o.setText(str(\"hi there buzi buzi\"))\r\n                        // o.width = 200\r\n                        o.color = 0xff000000\r\n                        o.height = 40\r\n                        o.backgroundColor = 0x99999999\r\n                    }\r\n                    mkImageView(o, 0).{\r\n                        o.setSrc(str(\"./asset/SpongeBob.png\"))\r\n                    }\r\n                    mkTextView(o, 0).{\r\n                        o.setText(str(\"hi there buzi buzi\"))\r\n                        // o.width = 200\r\n                        // o.height = 40\r\n                        o.backgroundColor = 0x13ff0000\r\n                    }\r\n                    layoutLinear(o, 0).{\r\n                        o.direction.set(\"column\")\r\n                        o.backgroundColor = 0x33112233\r\n                        mkView(o, 0).{\r\n                            o.backgroundColor = 0xff00ff00\r\n                            o.width = 80\r\n                            o.height = 80\r\n                            o.margin.setAll(10)\r\n                        }\r\n                        mkView(o, 0).{\r\n                            o.backgroundColor = 0xff0000ff\r\n                            o.width = 60\r\n                            o.height = 160\r\n                            o.margin.setAll(10)\r\n                        }\r\n                    }\r\n                    mkLayoutGrid(o, 0).{\r\n                        o.width = 200\r\n                        o.height = 200\r\n                        o.backgroundColor = 0x33330000\r\n\r\n                        mkView(o, 0).{\r\n                            o.backgroundColor = 0xff0000ff\r\n                            o.width = 60\r\n                            o.height = 60\r\n                            o.margin.setAll(10)\r\n                        }\r\n                        mkView(o, 0).{\r\n                            o.backgroundColor = 0xff0000ff\r\n                            o.width = 60\r\n                            o.height = 60\r\n                            o.margin.setAll(10)\r\n                        }\r\n                        mkView(o, 0).{\r\n                            o.backgroundColor = 0xff0000ff\r\n                            o.width = 60\r\n                            o.height = 60\r\n                            o.margin.setAll(10)\r\n                        }\r\n                        mkView(o, 0).{\r\n                            o.backgroundColor = 0xff0000ff\r\n                            o.width = 60\r\n                            o.height = 60\r\n                            o.margin.setAll(10)\r\n                        }\r\n                    }\r\n                    mkRowWrap(o, 0).{\r\n                        o.width = 200\r\n                        o.height = 200\r\n                        o.backgroundColor = 0x33009900\r\n\r\n                        mkView(o, 0).{\r\n                            o.backgroundColor = 0xff0000ff\r\n                            o.width = 60\r\n                            o.height = 60\r\n                            o.margin.setAll(10)\r\n                        }\r\n                        mkView(o, 0).{\r\n                            o.backgroundColor = 0xff0000ff\r\n                            o.width = 60\r\n                            o.height = 60\r\n                            o.margin.setAll(10)\r\n                        }\r\n                        mkView(o, 0).{\r\n                            o.backgroundColor = 0xff0000ff\r\n                            o.width = 60\r\n                            o.height = 60\r\n                            o.margin.setAll(10)\r\n                        }\r\n                        mkView(o, 0).{\r\n                            o.backgroundColor = 0xff0000ff\r\n                            o.width = 60\r\n                            o.height = 60\r\n                            o.margin.setAll(10)\r\n                        }\r\n                    }\r\n                    layoutAlign(o, 0).{\r\n                        o.width = 200\r\n                        o.height = 200\r\n                        o.backgroundColor = 0x33009900\r\n\r\n                        mkView(o, 0).{\r\n                            o.backgroundColor = 0xfffff06f\r\n                            o.width = 60\r\n                            o.height = 60\r\n                            o.margin.setAll(10)\r\n\r\n                            layoutAlignCell(o, 0).{\r\n                                o.setBottomRight()\r\n                            }\r\n                        }\r\n                        mkView(o, 0).{\r\n                            o.backgroundColor = 0xff6000ff\r\n                            o.width = 60\r\n                            o.height = 60\r\n                            o.margin.setAll(10)\r\n\r\n                            layoutAlignCell(o, 0).{\r\n                                o.setBottomCenter()\r\n                            }\r\n                        }\r\n                        mkView(o, 0).{\r\n                            o.backgroundColor = 0xff00ffff\r\n                            o.width = 60\r\n                            o.height = 60\r\n                            o.margin.setAll(10)\r\n\r\n                            layoutAlignCell(o, 0).{\r\n                                o.setCenter()\r\n                            }\r\n                        }\r\n                        mkView(o, 0).{\r\n                            o.backgroundColor = 0xffff00ff\r\n                            o.width = 60\r\n                            o.height = 60\r\n                            o.margin.setAll(10)\r\n\r\n                            layoutAlignPositionCell(o, 0).{\r\n                                o.left = nan\r\n                                o.right = -60\r\n                                o.top = 3\r\n                            }\r\n                        }\r\n                        mkView(o, 0).{\r\n                            o.backgroundColor = 0xff6f009f\r\n\r\n                            layoutAlignPositionCell(o, 0).{\r\n                                o.left = 10\r\n                                o.right = 150\r\n                                o.top = 30\r\n                                o.bottom = 30\r\n                            }\r\n                        }\r\n                    }\r\n                //}\r\n            }\r\n\r\n\r\n            o.setTitle(\"orc机器人\")\r\n            o.setSize(840, 480)\r\n            o.setPos(400, 200)\r\n            o.show()\r\n        }\r\n\r\n    }\r\n\r\n\r\n\r\n    app.runEventLoop()\r\n\r\n    // testApp()\r\n    // testWindow()\r\n\r\n    // testVec2()\r\n    // // testToast()\r\n    // testRect()\r\n    // testRadius();\r\n    // testInset()\r\n    // testGlobal()\r\n    // testEvent()\r\n    // testEmitter()\r\n    // testEdge()\r\n    // testCursor()\r\n    // testColor()\r\n    // testClipboard()\r\n    // testBorder()\r\n    // testScreen()\r\n    // testTimer();\r\n\r\n\r\n    // testWindow();\r\n\r\n    // int ok = glewInit();\r\n    // printf(\"test Main ctx:%d\\n\", ctx)\r\n    // getchar();\r\n    // printf(\"glewINit:%d\\n\", ok);\r\n    printf(\"glewINit:%d\\n\", 1);\r\n    getchar();\r\n    return 0\r\n}\r\n\r\n"
        }
    ],
    "textDocument": {
        "uri": "file:///d%3A/ws/Sui/orc-linux/src/Main.orc",
        "version": 5
    }
}
didChange:file:///d:/ws/Sui/orc-linux/src/Main.orc 9690 5 
route. id:18, method:textDocument/documentHighlight, params:{
    "position": {
        "character": 0,
        "line": 6
    },
    "textDocument": {
        "uri": "file:///d%3A/ws/Sui/orc-linux/src/Main.orc"
    }
}

response:Content-Length: 37

{"id":18,"jsonrpc":"2.0","result":{}}
route. id:0, method:textDocument/didChange, params:{
    "contentChanges": [
        {
            "text": "#include <stdio.h>\r\n\r\n// #include \"./NanovgEntry.h\"\r\n\r\n#include \"../UrgcDll/urgc_api.h\"\r\n#include \"Orc/Orc.h\"\r\nimport * from \"./Sui/View/TextView.orc\"\r\nimport * from \"./Sui/View/EditText.orc\"\r\nimport * from \"./Sui/View/Button.orc\"\r\nimport * from \"./Sui/Layout/LayoutLinear.orc\"\r\nimport * from \"./Sui/Layout/LayoutGrid.orc\"\r\nimport * from \"./Sui/Layout/RowWrap.orc\"\r\nimport * from \"./Sui/Layout/LayoutAlign.orc\"\r\nimport * from \"./Sui/Dialog/Toast.orc\"\r\n// import * from \"./Orc/Thread.orc\"\r\nimport * from \"./Orc/String.orc\"\r\n\r\n \r\n\r\n// import * from \"./Orc/Mutex.orc\"\r\n// import * from \"./Orc/Math.orc\"\r\n// import * from \"./Orc/List.orc\"\r\n// import * from \"./Orc/Map.orc\"\r\n// import * from \"./Orc/Path.orc\"\r\n// import * from \"./Sui/Dialog/Toast.orc\"\r\n// import * from \"./Sui/Core/Vec2.orc\"\r\n// import * from \"./Sui/Core/Rect.orc\"\r\n// import * from \"./Sui/Core/Radius.orc\"\r\n// import * from \"./Sui/Core/Inset.orc\"\r\n// import * from \"./Sui/Core/Global.orc\"\r\n// import * from \"./Sui/Core/Event.orc\"\r\n// import * from \"./Sui/Core/Emitter.orc\"\r\n// import * from \"./Sui/Core/Edge.orc\"\r\n// import * from \"./Sui/Core/Cursor.orc\"\r\n// import * from \"./Sui/Core/Color.orc\"\r\n// import * from \"./Sui/Core/Clipboard.orc\"\r\n// import * from \"./Sui/Core/Border.orc\"\r\n// import * from \"./Sui/Core/Screen.orc\"\r\n// import * from \"./Sui/Core/Timer.orc\"\r\n\r\nextern void windowInit()\r\n// extern void testWindow();\r\n\r\n\r\nvoid initMain(){\r\n    // urgc_start_process_thread();\r\n}\r\n\r\n\r\nint main(){\r\n    if (1){\r\n        printf(\"return \\n\")\r\n        return 0;\r\n    }\r\n    initMain()\r\n    windowInit();\r\n\r\n    printf(\"app used0\\n\")\r\n    App@ app = App_use()\r\n    printf(\"app used\\n\")\r\n    \r\n\r\n    // testWindow()\r\n\r\n    if 1 {\r\n        Window@ win = new Window()\r\n        // win.show();\r\n        win. {\r\n            LayoutLinear@ ll = new LayoutLinear()\r\n            win.rootView = ll\r\n            ll.{\r\n                //layoutLinear(o, 0).{\r\n                    o.width = 400\r\n                    o.height = 400\r\n                    o.backgroundColor = 0x93000000\r\n\r\n                    mkDrawButton(o, 0).{\r\n                        o.text = str(\"submit\")\r\n                        o.onClick = ^void(){\r\n                            // Toast_make(\"click\")\r\n                            app.eachWindow(^void (Window *win){\r\n                                win.rootView.printLayoutTimes(0)\r\n                            })\r\n                        }\r\n                    }\r\n                    mkView(o, 0).{\r\n                        o.backgroundColor = 0xffff0000\r\n                        o.width = 100\r\n                        o.height = 100\r\n                        o.margin.setAll(10)\r\n                    }\r\n                    mkEditText(o, 0).{\r\n                        // o.setText(str(\"hi there buzi buzi\"))\r\n                        // o.width = 200\r\n                        o.color = 0xff000000\r\n                        o.height = 40\r\n                        o.backgroundColor = 0x99999999\r\n                    }\r\n                    mkImageView(o, 0).{\r\n                        o.setSrc(str(\"./asset/SpongeBob.png\"))\r\n                    }\r\n                    mkTextView(o, 0).{\r\n                        o.setText(str(\"hi there buzi buzi\"))\r\n                        // o.width = 200\r\n                        // o.height = 40\r\n                        o.backgroundColor = 0x13ff0000\r\n                    }\r\n                    layoutLinear(o, 0).{\r\n                        o.direction.set(\"column\")\r\n                        o.backgroundColor = 0x33112233\r\n                        mkView(o, 0).{\r\n                            o.backgroundColor = 0xff00ff00\r\n                            o.width = 80\r\n                            o.height = 80\r\n                            o.margin.setAll(10)\r\n                        }\r\n                        mkView(o, 0).{\r\n                            o.backgroundColor = 0xff0000ff\r\n                            o.width = 60\r\n                            o.height = 160\r\n                            o.margin.setAll(10)\r\n                        }\r\n                    }\r\n                    mkLayoutGrid(o, 0).{\r\n                        o.width = 200\r\n                        o.height = 200\r\n                        o.backgroundColor = 0x33330000\r\n\r\n                        mkView(o, 0).{\r\n                            o.backgroundColor = 0xff0000ff\r\n                            o.width = 60\r\n                            o.height = 60\r\n                            o.margin.setAll(10)\r\n                        }\r\n                        mkView(o, 0).{\r\n                            o.backgroundColor = 0xff0000ff\r\n                            o.width = 60\r\n                            o.height = 60\r\n                            o.margin.setAll(10)\r\n                        }\r\n                        mkView(o, 0).{\r\n                            o.backgroundColor = 0xff0000ff\r\n                            o.width = 60\r\n                            o.height = 60\r\n                            o.margin.setAll(10)\r\n                        }\r\n                        mkView(o, 0).{\r\n                            o.backgroundColor = 0xff0000ff\r\n                            o.width = 60\r\n                            o.height = 60\r\n                            o.margin.setAll(10)\r\n                        }\r\n                    }\r\n                    mkRowWrap(o, 0).{\r\n                        o.width = 200\r\n                        o.height = 200\r\n                        o.backgroundColor = 0x33009900\r\n\r\n                        mkView(o, 0).{\r\n                            o.backgroundColor = 0xff0000ff\r\n                            o.width = 60\r\n                            o.height = 60\r\n                            o.margin.setAll(10)\r\n                        }\r\n                        mkView(o, 0).{\r\n                            o.backgroundColor = 0xff0000ff\r\n                            o.width = 60\r\n                            o.height = 60\r\n                            o.margin.setAll(10)\r\n                        }\r\n                        mkView(o, 0).{\r\n                            o.backgroundColor = 0xff0000ff\r\n                            o.width = 60\r\n                            o.height = 60\r\n                            o.margin.setAll(10)\r\n                        }\r\n                        mkView(o, 0).{\r\n                            o.backgroundColor = 0xff0000ff\r\n                            o.width = 60\r\n                            o.height = 60\r\n                            o.margin.setAll(10)\r\n                        }\r\n                    }\r\n                    layoutAlign(o, 0).{\r\n                        o.width = 200\r\n                        o.height = 200\r\n                        o.backgroundColor = 0x33009900\r\n\r\n                        mkView(o, 0).{\r\n                            o.backgroundColor = 0xfffff06f\r\n                            o.width = 60\r\n                            o.height = 60\r\n                            o.margin.setAll(10)\r\n\r\n                            layoutAlignCell(o, 0).{\r\n                                o.setBottomRight()\r\n                            }\r\n                        }\r\n                        mkView(o, 0).{\r\n                            o.backgroundColor = 0xff6000ff\r\n                            o.width = 60\r\n                            o.height = 60\r\n                            o.margin.setAll(10)\r\n\r\n                            layoutAlignCell(o, 0).{\r\n                                o.setBottomCenter()\r\n                            }\r\n                        }\r\n                        mkView(o, 0).{\r\n                            o.backgroundColor = 0xff00ffff\r\n                            o.width = 60\r\n                            o.height = 60\r\n                            o.margin.setAll(10)\r\n\r\n                            layoutAlignCell(o, 0).{\r\n                                o.setCenter()\r\n                            }\r\n                        }\r\n                        mkView(o, 0).{\r\n                            o.backgroundColor = 0xffff00ff\r\n                            o.width = 60\r\n                            o.height = 60\r\n                            o.margin.setAll(10)\r\n\r\n                            layoutAlignPositionCell(o, 0).{\r\n                                o.left = nan\r\n                                o.right = -60\r\n                                o.top = 3\r\n                            }\r\n                        }\r\n                        mkView(o, 0).{\r\n                            o.backgroundColor = 0xff6f009f\r\n\r\n                            layoutAlignPositionCell(o, 0).{\r\n                                o.left = 10\r\n                                o.right = 150\r\n                                o.top = 30\r\n                                o.bottom = 30\r\n                            }\r\n                        }\r\n                    }\r\n                //}\r\n            }\r\n\r\n\r\n            o.setTitle(\"orc机器人\")\r\n            o.setSize(840, 480)\r\n            o.setPos(400, 200)\r\n            o.show()\r\n        }\r\n\r\n    }\r\n\r\n\r\n\r\n    app.runEventLoop()\r\n\r\n    // testApp()\r\n    // testWindow()\r\n\r\n    // testVec2()\r\n    // // testToast()\r\n    // testRect()\r\n    // testRadius();\r\n    // testInset()\r\n    // testGlobal()\r\n    // testEvent()\r\n    // testEmitter()\r\n    // testEdge()\r\n    // testCursor()\r\n    // testColor()\r\n    // testClipboard()\r\n    // testBorder()\r\n    // testScreen()\r\n    // testTimer();\r\n\r\n\r\n    // testWindow();\r\n\r\n    // int ok = glewInit();\r\n    // printf(\"test Main ctx:%d\\n\", ctx)\r\n    // getchar();\r\n    // printf(\"glewINit:%d\\n\", ok);\r\n    printf(\"glewINit:%d\\n\", 1);\r\n    getchar();\r\n    return 0\r\n}\r\n\r\n"
        }
    ],
    "textDocument": {
        "uri": "file:///d%3A/ws/Sui/orc-linux/src/Main.orc",
        "version": 6
    }
}
didChange:file:///d:/ws/Sui/orc-linux/src/Main.orc 9648 6 
route. id:19, method:textDocument/documentHighlight, params:{
    "position": {
        "character": 0,
        "line": 6
    },
    "textDocument": {
        "uri": "file:///d%3A/ws/Sui/orc-linux/src/Main.orc"
    }
}

response:Content-Length: 37

{"id":19,"jsonrpc":"2.0","result":{}}
buildSymbolSpace_byTextDocument. program
buildSymbolSpace_byTextDocument. mkSpace
buildSymbolSpace_byTextDocument. init symbol builder v isitor
buildSymbolSpace_byTextDocument. SymbolBuilderVisitor.visit
buildSymbolSpace_byTextDocument  for uri file:///d:/ws/Sui/orc-linux/src/Main.orc. version:%d 
didChange succ
buildSymbolSpace_byTextDocument. uri:file:///d:/ws/Sui/orc-linux/src/Main.orc, absPath:d:/ws/Sui/orc-linux/src/Main.orc
buildSymbolSpace_byTextDocument. mk parser
route. id:0, method:textDocument/didChange, params:{
    "contentChanges": [
        {
            "text": "#include <stdio.h>\r\n\r\n// #include \"./NanovgEntry.h\"\r\n\r\n#include \"../UrgcDll/urgc_api.h\"\r\n#include \"Orc/Orc.h\"\r\nimport * from \"./Sui/View/EditText.orc\"\r\nimport * from \"./Sui/View/Button.orc\"\r\nimport * from \"./Sui/Layout/LayoutLinear.orc\"\r\nimport * from \"./Sui/Layout/LayoutGrid.orc\"\r\nimport * from \"./Sui/Layout/RowWrap.orc\"\r\nimport * from \"./Sui/Layout/LayoutAlign.orc\"\r\nimport * from \"./Sui/Dialog/Toast.orc\"\r\n// import * from \"./Orc/Thread.orc\"\r\nimport * from \"./Orc/String.orc\"\r\n\r\n \r\n\r\n// import * from \"./Orc/Mutex.orc\"\r\n// import * from \"./Orc/Math.orc\"\r\n// import * from \"./Orc/List.orc\"\r\n// import * from \"./Orc/Map.orc\"\r\n// import * from \"./Orc/Path.orc\"\r\n// import * from \"./Sui/Dialog/Toast.orc\"\r\n// import * from \"./Sui/Core/Vec2.orc\"\r\n// import * from \"./Sui/Core/Rect.orc\"\r\n// import * from \"./Sui/Core/Radius.orc\"\r\n// import * from \"./Sui/Core/Inset.orc\"\r\n// import * from \"./Sui/Core/Global.orc\"\r\n// import * from \"./Sui/Core/Event.orc\"\r\n// import * from \"./Sui/Core/Emitter.orc\"\r\n// import * from \"./Sui/Core/Edge.orc\"\r\n// import * from \"./Sui/Core/Cursor.orc\"\r\n// import * from \"./Sui/Core/Color.orc\"\r\n// import * from \"./Sui/Core/Clipboard.orc\"\r\n// import * from \"./Sui/Core/Border.orc\"\r\n// import * from \"./Sui/Core/Screen.orc\"\r\n// import * from \"./Sui/Core/Timer.orc\"\r\n\r\nextern void windowInit()\r\n// extern void testWindow();\r\n\r\n\r\nvoid initMain(){\r\n    // urgc_start_process_thread();\r\n}\r\n\r\n\r\nint main(){\r\n    if (1){\r\n        printf(\"return \\n\")\r\n        return 0;\r\n    }\r\n    initMain()\r\n    windowInit();\r\n\r\n    printf(\"app used0\\n\")\r\n    App@ app = App_use()\r\n    printf(\"app used\\n\")\r\n    \r\n\r\n    // testWindow()\r\n\r\n    if 1 {\r\n        Window@ win = new Window()\r\n        // win.show();\r\n        win. {\r\n            LayoutLinear@ ll = new LayoutLinear()\r\n            win.rootView = ll\r\n            ll.{\r\n                //layoutLinear(o, 0).{\r\n                    o.width = 400\r\n                    o.height = 400\r\n                    o.backgroundColor = 0x93000000\r\n\r\n                    mkDrawButton(o, 0).{\r\n                        o.text = str(\"submit\")\r\n                        o.onClick = ^void(){\r\n                            // Toast_make(\"click\")\r\n                            app.eachWindow(^void (Window *win){\r\n                                win.rootView.printLayoutTimes(0)\r\n                            })\r\n                        }\r\n                    }\r\n                    mkView(o, 0).{\r\n                        o.backgroundColor = 0xffff0000\r\n                        o.width = 100\r\n                        o.height = 100\r\n                        o.margin.setAll(10)\r\n                    }\r\n                    mkEditText(o, 0).{\r\n                        // o.setText(str(\"hi there buzi buzi\"))\r\n                        // o.width = 200\r\n                        o.color = 0xff000000\r\n                        o.height = 40\r\n                        o.backgroundColor = 0x99999999\r\n                    }\r\n                    mkImageView(o, 0).{\r\n                        o.setSrc(str(\"./asset/SpongeBob.png\"))\r\n                    }\r\n                    mkTextView(o, 0).{\r\n                        o.setText(str(\"hi there buzi buzi\"))\r\n                        // o.width = 200\r\n                        // o.height = 40\r\n                        o.backgroundColor = 0x13ff0000\r\n                    }\r\n                    layoutLinear(o, 0).{\r\n                        o.direction.set(\"column\")\r\n                        o.backgroundColor = 0x33112233\r\n                        mkView(o, 0).{\r\n                            o.backgroundColor = 0xff00ff00\r\n                            o.width = 80\r\n                            o.height = 80\r\n                            o.margin.setAll(10)\r\n                        }\r\n                        mkView(o, 0).{\r\n                            o.backgroundColor = 0xff0000ff\r\n                            o.width = 60\r\n                            o.height = 160\r\n                            o.margin.setAll(10)\r\n                        }\r\n                    }\r\n                    mkLayoutGrid(o, 0).{\r\n                        o.width = 200\r\n                        o.height = 200\r\n                        o.backgroundColor = 0x33330000\r\n\r\n                        mkView(o, 0).{\r\n                            o.backgroundColor = 0xff0000ff\r\n                            o.width = 60\r\n                            o.height = 60\r\n                            o.margin.setAll(10)\r\n                        }\r\n                        mkView(o, 0).{\r\n                            o.backgroundColor = 0xff0000ff\r\n                            o.width = 60\r\n                            o.height = 60\r\n                            o.margin.setAll(10)\r\n                        }\r\n                        mkView(o, 0).{\r\n                            o.backgroundColor = 0xff0000ff\r\n                            o.width = 60\r\n                            o.height = 60\r\n                            o.margin.setAll(10)\r\n                        }\r\n                        mkView(o, 0).{\r\n                            o.backgroundColor = 0xff0000ff\r\n                            o.width = 60\r\n                            o.height = 60\r\n                            o.margin.setAll(10)\r\n                        }\r\n                    }\r\n                    mkRowWrap(o, 0).{\r\n                        o.width = 200\r\n                        o.height = 200\r\n                        o.backgroundColor = 0x33009900\r\n\r\n                        mkView(o, 0).{\r\n                            o.backgroundColor = 0xff0000ff\r\n                            o.width = 60\r\n                            o.height = 60\r\n                            o.margin.setAll(10)\r\n                        }\r\n                        mkView(o, 0).{\r\n                            o.backgroundColor = 0xff0000ff\r\n                            o.width = 60\r\n                            o.height = 60\r\n                            o.margin.setAll(10)\r\n                        }\r\n                        mkView(o, 0).{\r\n                            o.backgroundColor = 0xff0000ff\r\n                            o.width = 60\r\n                            o.height = 60\r\n                            o.margin.setAll(10)\r\n                        }\r\n                        mkView(o, 0).{\r\n                            o.backgroundColor = 0xff0000ff\r\n                            o.width = 60\r\n                            o.height = 60\r\n                            o.margin.setAll(10)\r\n                        }\r\n                    }\r\n                    layoutAlign(o, 0).{\r\n                        o.width = 200\r\n                        o.height = 200\r\n                        o.backgroundColor = 0x33009900\r\n\r\n                        mkView(o, 0).{\r\n                            o.backgroundColor = 0xfffff06f\r\n                            o.width = 60\r\n                            o.height = 60\r\n                            o.margin.setAll(10)\r\n\r\n                            layoutAlignCell(o, 0).{\r\n                                o.setBottomRight()\r\n                            }\r\n                        }\r\n                        mkView(o, 0).{\r\n                            o.backgroundColor = 0xff6000ff\r\n                            o.width = 60\r\n                            o.height = 60\r\n                            o.margin.setAll(10)\r\n\r\n                            layoutAlignCell(o, 0).{\r\n                                o.setBottomCenter()\r\n                            }\r\n                        }\r\n                        mkView(o, 0).{\r\n                            o.backgroundColor = 0xff00ffff\r\n                            o.width = 60\r\n                            o.height = 60\r\n                            o.margin.setAll(10)\r\n\r\n                            layoutAlignCell(o, 0).{\r\n                                o.setCenter()\r\n                            }\r\n                        }\r\n                        mkView(o, 0).{\r\n                            o.backgroundColor = 0xffff00ff\r\n                            o.width = 60\r\n                            o.height = 60\r\n                            o.margin.setAll(10)\r\n\r\n                            layoutAlignPositionCell(o, 0).{\r\n                                o.left = nan\r\n                                o.right = -60\r\n                                o.top = 3\r\n                            }\r\n                        }\r\n                        mkView(o, 0).{\r\n                            o.backgroundColor = 0xff6f009f\r\n\r\n                            layoutAlignPositionCell(o, 0).{\r\n                                o.left = 10\r\n                                o.right = 150\r\n                                o.top = 30\r\n                                o.bottom = 30\r\n                            }\r\n                        }\r\n                    }\r\n                //}\r\n            }\r\n\r\n\r\n            o.setTitle(\"orc机器人\")\r\n            o.setSize(840, 480)\r\n            o.setPos(400, 200)\r\n            o.show()\r\n        }\r\n\r\n    }\r\n\r\n\r\n\r\n    app.runEventLoop()\r\n\r\n    // testApp()\r\n    // testWindow()\r\n\r\n    // testVec2()\r\n    // // testToast()\r\n    // testRect()\r\n    // testRadius();\r\n    // testInset()\r\n    // testGlobal()\r\n    // testEvent()\r\n    // testEmitter()\r\n    // testEdge()\r\n    // testCursor()\r\n    // testColor()\r\n    // testClipboard()\r\n    // testBorder()\r\n    // testScreen()\r\n    // testTimer();\r\n\r\n\r\n    // testWindow();\r\n\r\n    // int ok = glewInit();\r\n    // printf(\"test Main ctx:%d\\n\", ctx)\r\n    // getchar();\r\n    // printf(\"glewINit:%d\\n\", ok);\r\n    printf(\"glewINit:%d\\n\", 1);\r\n    getchar();\r\n    return 0\r\n}\r\n\r\n"
        }
    ],
    "textDocument": {
        "uri": "file:///d%3A/ws/Sui/orc-linux/src/Main.orc",
        "version": 7
    }
}
didChange:file:///d:/ws/Sui/orc-linux/src/Main.orc 9607 7 
route. id:20, method:textDocument/documentHighlight, params:{
    "position": {
        "character": 0,
        "line": 6
    },
    "textDocument": {
        "uri": "file:///d%3A/ws/Sui/orc-linux/src/Main.orc"
    }
}

response:Content-Length: 37

{"id":20,"jsonrpc":"2.0","result":{}}

server=>client notification:Content-Length: 149

{"jsonrpc":"2.0","method":"textDocument/publishDiagnostics","params":{"diagnostics":[],"uri":"file:///d:/ws/Sui/orc-linux/src/Main.orc","version":8}}
route. id:0, method:textDocument/didChange, params:{
    "contentChanges": [
        {
            "text": "#include <stdio.h>\r\n\r\n// #include \"./NanovgEntry.h\"\r\n\r\n#include \"../UrgcDll/urgc_api.h\"\r\n#include \"Orc/Orc.h\"\r\nimport * from \"./Sui/View/Button.orc\"\r\nimport * from \"./Sui/Layout/LayoutLinear.orc\"\r\nimport * from \"./Sui/Layout/LayoutGrid.orc\"\r\nimport * from \"./Sui/Layout/RowWrap.orc\"\r\nimport * from \"./Sui/Layout/LayoutAlign.orc\"\r\nimport * from \"./Sui/Dialog/Toast.orc\"\r\n// import * from \"./Orc/Thread.orc\"\r\nimport * from \"./Orc/String.orc\"\r\n\r\n \r\n\r\n// import * from \"./Orc/Mutex.orc\"\r\n// import * from \"./Orc/Math.orc\"\r\n// import * from \"./Orc/List.orc\"\r\n// import * from \"./Orc/Map.orc\"\r\n// import * from \"./Orc/Path.orc\"\r\n// import * from \"./Sui/Dialog/Toast.orc\"\r\n// import * from \"./Sui/Core/Vec2.orc\"\r\n// import * from \"./Sui/Core/Rect.orc\"\r\n// import * from \"./Sui/Core/Radius.orc\"\r\n// import * from \"./Sui/Core/Inset.orc\"\r\n// import * from \"./Sui/Core/Global.orc\"\r\n// import * from \"./Sui/Core/Event.orc\"\r\n// import * from \"./Sui/Core/Emitter.orc\"\r\n// import * from \"./Sui/Core/Edge.orc\"\r\n// import * from \"./Sui/Core/Cursor.orc\"\r\n// import * from \"./Sui/Core/Color.orc\"\r\n// import * from \"./Sui/Core/Clipboard.orc\"\r\n// import * from \"./Sui/Core/Border.orc\"\r\n// import * from \"./Sui/Core/Screen.orc\"\r\n// import * from \"./Sui/Core/Timer.orc\"\r\n\r\nextern void windowInit()\r\n// extern void testWindow();\r\n\r\n\r\nvoid initMain(){\r\n    // urgc_start_process_thread();\r\n}\r\n\r\n\r\nint main(){\r\n    if (1){\r\n        printf(\"return \\n\")\r\n        return 0;\r\n    }\r\n    initMain()\r\n    windowInit();\r\n\r\n    printf(\"app used0\\n\")\r\n    App@ app = App_use()\r\n    printf(\"app used\\n\")\r\n    \r\n\r\n    // testWindow()\r\n\r\n    if 1 {\r\n        Window@ win = new Window()\r\n        // win.show();\r\n        win. {\r\n            LayoutLinear@ ll = new LayoutLinear()\r\n            win.rootView = ll\r\n            ll.{\r\n                //layoutLinear(o, 0).{\r\n                    o.width = 400\r\n                    o.height = 400\r\n                    o.backgroundColor = 0x93000000\r\n\r\n                    mkDrawButton(o, 0).{\r\n                        o.text = str(\"submit\")\r\n                        o.onClick = ^void(){\r\n                            // Toast_make(\"click\")\r\n                            app.eachWindow(^void (Window *win){\r\n                                win.rootView.printLayoutTimes(0)\r\n                            })\r\n                        }\r\n                    }\r\n                    mkView(o, 0).{\r\n                        o.backgroundColor = 0xffff0000\r\n                        o.width = 100\r\n                        o.height = 100\r\n                        o.margin.setAll(10)\r\n                    }\r\n                    mkEditText(o, 0).{\r\n                        // o.setText(str(\"hi there buzi buzi\"))\r\n                        // o.width = 200\r\n                        o.color = 0xff000000\r\n                        o.height = 40\r\n                        o.backgroundColor = 0x99999999\r\n                    }\r\n                    mkImageView(o, 0).{\r\n                        o.setSrc(str(\"./asset/SpongeBob.png\"))\r\n                    }\r\n                    mkTextView(o, 0).{\r\n                        o.setText(str(\"hi there buzi buzi\"))\r\n                        // o.width = 200\r\n                        // o.height = 40\r\n                        o.backgroundColor = 0x13ff0000\r\n                    }\r\n                    layoutLinear(o, 0).{\r\n                        o.direction.set(\"column\")\r\n                        o.backgroundColor = 0x33112233\r\n                        mkView(o, 0).{\r\n                            o.backgroundColor = 0xff00ff00\r\n                            o.width = 80\r\n                            o.height = 80\r\n                            o.margin.setAll(10)\r\n                        }\r\n                        mkView(o, 0).{\r\n                            o.backgroundColor = 0xff0000ff\r\n                            o.width = 60\r\n                            o.height = 160\r\n                            o.margin.setAll(10)\r\n                        }\r\n                    }\r\n                    mkLayoutGrid(o, 0).{\r\n                        o.width = 200\r\n                        o.height = 200\r\n                        o.backgroundColor = 0x33330000\r\n\r\n                        mkView(o, 0).{\r\n                            o.backgroundColor = 0xff0000ff\r\n                            o.width = 60\r\n                            o.height = 60\r\n                            o.margin.setAll(10)\r\n                        }\r\n                        mkView(o, 0).{\r\n                            o.backgroundColor = 0xff0000ff\r\n                            o.width = 60\r\n                            o.height = 60\r\n                            o.margin.setAll(10)\r\n                        }\r\n                        mkView(o, 0).{\r\n                            o.backgroundColor = 0xff0000ff\r\n                            o.width = 60\r\n                            o.height = 60\r\n                            o.margin.setAll(10)\r\n                        }\r\n                        mkView(o, 0).{\r\n                            o.backgroundColor = 0xff0000ff\r\n                            o.width = 60\r\n                            o.height = 60\r\n                            o.margin.setAll(10)\r\n                        }\r\n                    }\r\n                    mkRowWrap(o, 0).{\r\n                        o.width = 200\r\n                        o.height = 200\r\n                        o.backgroundColor = 0x33009900\r\n\r\n                        mkView(o, 0).{\r\n                            o.backgroundColor = 0xff0000ff\r\n                            o.width = 60\r\n                            o.height = 60\r\n                            o.margin.setAll(10)\r\n                        }\r\n                        mkView(o, 0).{\r\n                            o.backgroundColor = 0xff0000ff\r\n                            o.width = 60\r\n                            o.height = 60\r\n                            o.margin.setAll(10)\r\n                        }\r\n                        mkView(o, 0).{\r\n                            o.backgroundColor = 0xff0000ff\r\n                            o.width = 60\r\n                            o.height = 60\r\n                            o.margin.setAll(10)\r\n                        }\r\n                        mkView(o, 0).{\r\n                            o.backgroundColor = 0xff0000ff\r\n                            o.width = 60\r\n                            o.height = 60\r\n                            o.margin.setAll(10)\r\n                        }\r\n                    }\r\n                    layoutAlign(o, 0).{\r\n                        o.width = 200\r\n                        o.height = 200\r\n                        o.backgroundColor = 0x33009900\r\n\r\n                        mkView(o, 0).{\r\n                            o.backgroundColor = 0xfffff06f\r\n                            o.width = 60\r\n                            o.height = 60\r\n                            o.margin.setAll(10)\r\n\r\n                            layoutAlignCell(o, 0).{\r\n                                o.setBottomRight()\r\n                            }\r\n                        }\r\n                        mkView(o, 0).{\r\n                            o.backgroundColor = 0xff6000ff\r\n                            o.width = 60\r\n                            o.height = 60\r\n                            o.margin.setAll(10)\r\n\r\n                            layoutAlignCell(o, 0).{\r\n                                o.setBottomCenter()\r\n                            }\r\n                        }\r\n                        mkView(o, 0).{\r\n                            o.backgroundColor = 0xff00ffff\r\n                            o.width = 60\r\n                            o.height = 60\r\n                            o.margin.setAll(10)\r\n\r\n                            layoutAlignCell(o, 0).{\r\n                                o.setCenter()\r\n                            }\r\n                        }\r\n                        mkView(o, 0).{\r\n                            o.backgroundColor = 0xffff00ff\r\n                            o.width = 60\r\n                            o.height = 60\r\n                            o.margin.setAll(10)\r\n\r\n                            layoutAlignPositionCell(o, 0).{\r\n                                o.left = nan\r\n                                o.right = -60\r\n                                o.top = 3\r\n                            }\r\n                        }\r\n                        mkView(o, 0).{\r\n                            o.backgroundColor = 0xff6f009f\r\n\r\n                            layoutAlignPositionCell(o, 0).{\r\n                                o.left = 10\r\n                                o.right = 150\r\n                                o.top = 30\r\n                                o.bottom = 30\r\n                            }\r\n                        }\r\n                    }\r\n                //}\r\n            }\r\n\r\n\r\n            o.setTitle(\"orc机器人\")\r\n            o.setSize(840, 480)\r\n            o.setPos(400, 200)\r\n            o.show()\r\n        }\r\n\r\n    }\r\n\r\n\r\n\r\n    app.runEventLoop()\r\n\r\n    // testApp()\r\n    // testWindow()\r\n\r\n    // testVec2()\r\n    // // testToast()\r\n    // testRect()\r\n    // testRadius();\r\n    // testInset()\r\n    // testGlobal()\r\n    // testEvent()\r\n    // testEmitter()\r\n    // testEdge()\r\n    // testCursor()\r\n    // testColor()\r\n    // testClipboard()\r\n    // testBorder()\r\n    // testScreen()\r\n    // testTimer();\r\n\r\n\r\n    // testWindow();\r\n\r\n    // int ok = glewInit();\r\n    // printf(\"test Main ctx:%d\\n\", ctx)\r\n    // getchar();\r\n    // printf(\"glewINit:%d\\n\", ok);\r\n    printf(\"glewINit:%d\\n\", 1);\r\n    getchar();\r\n    return 0\r\n}\r\n\r\n"
        }
    ],
    "textDocument": {
        "uri": "file:///d%3A/ws/Sui/orc-linux/src/Main.orc",
        "version": 8
    }
}
didChange:file:///d:/ws/Sui/orc-linux/src/Main.orc 9566 8 
route. id:21, method:textDocument/documentHighlight, params:{
    "position": {
        "character": 0,
        "line": 6
    },
    "textDocument": {
        "uri": "file:///d%3A/ws/Sui/orc-linux/src/Main.orc"
    }
}

response:Content-Length: 37

{"id":21,"jsonrpc":"2.0","result":{}}
route. id:0, method:textDocument/didChange, params:{
    "contentChanges": [
        {
            "text": "#include <stdio.h>\r\n\r\n// #include \"./NanovgEntry.h\"\r\n\r\n#include \"../UrgcDll/urgc_api.h\"\r\n#include \"Orc/Orc.h\"\r\nimport * from \"./Sui/Layout/LayoutLinear.orc\"\r\nimport * from \"./Sui/Layout/LayoutGrid.orc\"\r\nimport * from \"./Sui/Layout/RowWrap.orc\"\r\nimport * from \"./Sui/Layout/LayoutAlign.orc\"\r\nimport * from \"./Sui/Dialog/Toast.orc\"\r\n// import * from \"./Orc/Thread.orc\"\r\nimport * from \"./Orc/String.orc\"\r\n\r\n \r\n\r\n// import * from \"./Orc/Mutex.orc\"\r\n// import * from \"./Orc/Math.orc\"\r\n// import * from \"./Orc/List.orc\"\r\n// import * from \"./Orc/Map.orc\"\r\n// import * from \"./Orc/Path.orc\"\r\n// import * from \"./Sui/Dialog/Toast.orc\"\r\n// import * from \"./Sui/Core/Vec2.orc\"\r\n// import * from \"./Sui/Core/Rect.orc\"\r\n// import * from \"./Sui/Core/Radius.orc\"\r\n// import * from \"./Sui/Core/Inset.orc\"\r\n// import * from \"./Sui/Core/Global.orc\"\r\n// import * from \"./Sui/Core/Event.orc\"\r\n// import * from \"./Sui/Core/Emitter.orc\"\r\n// import * from \"./Sui/Core/Edge.orc\"\r\n// import * from \"./Sui/Core/Cursor.orc\"\r\n// import * from \"./Sui/Core/Color.orc\"\r\n// import * from \"./Sui/Core/Clipboard.orc\"\r\n// import * from \"./Sui/Core/Border.orc\"\r\n// import * from \"./Sui/Core/Screen.orc\"\r\n// import * from \"./Sui/Core/Timer.orc\"\r\n\r\nextern void windowInit()\r\n// extern void testWindow();\r\n\r\n\r\nvoid initMain(){\r\n    // urgc_start_process_thread();\r\n}\r\n\r\n\r\nint main(){\r\n    if (1){\r\n        printf(\"return \\n\")\r\n        return 0;\r\n    }\r\n    initMain()\r\n    windowInit();\r\n\r\n    printf(\"app used0\\n\")\r\n    App@ app = App_use()\r\n    printf(\"app used\\n\")\r\n    \r\n\r\n    // testWindow()\r\n\r\n    if 1 {\r\n        Window@ win = new Window()\r\n        // win.show();\r\n        win. {\r\n            LayoutLinear@ ll = new LayoutLinear()\r\n            win.rootView = ll\r\n            ll.{\r\n                //layoutLinear(o, 0).{\r\n                    o.width = 400\r\n                    o.height = 400\r\n                    o.backgroundColor = 0x93000000\r\n\r\n                    mkDrawButton(o, 0).{\r\n                        o.text = str(\"submit\")\r\n                        o.onClick = ^void(){\r\n                            // Toast_make(\"click\")\r\n                            app.eachWindow(^void (Window *win){\r\n                                win.rootView.printLayoutTimes(0)\r\n                            })\r\n                        }\r\n                    }\r\n                    mkView(o, 0).{\r\n                        o.backgroundColor = 0xffff0000\r\n                        o.width = 100\r\n                        o.height = 100\r\n                        o.margin.setAll(10)\r\n                    }\r\n                    mkEditText(o, 0).{\r\n                        // o.setText(str(\"hi there buzi buzi\"))\r\n                        // o.width = 200\r\n                        o.color = 0xff000000\r\n                        o.height = 40\r\n                        o.backgroundColor = 0x99999999\r\n                    }\r\n                    mkImageView(o, 0).{\r\n                        o.setSrc(str(\"./asset/SpongeBob.png\"))\r\n                    }\r\n                    mkTextView(o, 0).{\r\n                        o.setText(str(\"hi there buzi buzi\"))\r\n                        // o.width = 200\r\n                        // o.height = 40\r\n                        o.backgroundColor = 0x13ff0000\r\n                    }\r\n                    layoutLinear(o, 0).{\r\n                        o.direction.set(\"column\")\r\n                        o.backgroundColor = 0x33112233\r\n                        mkView(o, 0).{\r\n                            o.backgroundColor = 0xff00ff00\r\n                            o.width = 80\r\n                            o.height = 80\r\n                            o.margin.setAll(10)\r\n                        }\r\n                        mkView(o, 0).{\r\n                            o.backgroundColor = 0xff0000ff\r\n                            o.width = 60\r\n                            o.height = 160\r\n                            o.margin.setAll(10)\r\n                        }\r\n                    }\r\n                    mkLayoutGrid(o, 0).{\r\n                        o.width = 200\r\n                        o.height = 200\r\n                        o.backgroundColor = 0x33330000\r\n\r\n                        mkView(o, 0).{\r\n                            o.backgroundColor = 0xff0000ff\r\n                            o.width = 60\r\n                            o.height = 60\r\n                            o.margin.setAll(10)\r\n                        }\r\n                        mkView(o, 0).{\r\n                            o.backgroundColor = 0xff0000ff\r\n                            o.width = 60\r\n                            o.height = 60\r\n                            o.margin.setAll(10)\r\n                        }\r\n                        mkView(o, 0).{\r\n                            o.backgroundColor = 0xff0000ff\r\n                            o.width = 60\r\n                            o.height = 60\r\n                            o.margin.setAll(10)\r\n                        }\r\n                        mkView(o, 0).{\r\n                            o.backgroundColor = 0xff0000ff\r\n                            o.width = 60\r\n                            o.height = 60\r\n                            o.margin.setAll(10)\r\n                        }\r\n                    }\r\n                    mkRowWrap(o, 0).{\r\n                        o.width = 200\r\n                        o.height = 200\r\n                        o.backgroundColor = 0x33009900\r\n\r\n                        mkView(o, 0).{\r\n                            o.backgroundColor = 0xff0000ff\r\n                            o.width = 60\r\n                            o.height = 60\r\n                            o.margin.setAll(10)\r\n                        }\r\n                        mkView(o, 0).{\r\n                            o.backgroundColor = 0xff0000ff\r\n                            o.width = 60\r\n                            o.height = 60\r\n                            o.margin.setAll(10)\r\n                        }\r\n                        mkView(o, 0).{\r\n                            o.backgroundColor = 0xff0000ff\r\n                            o.width = 60\r\n                            o.height = 60\r\n                            o.margin.setAll(10)\r\n                        }\r\n                        mkView(o, 0).{\r\n                            o.backgroundColor = 0xff0000ff\r\n                            o.width = 60\r\n                            o.height = 60\r\n                            o.margin.setAll(10)\r\n                        }\r\n                    }\r\n                    layoutAlign(o, 0).{\r\n                        o.width = 200\r\n                        o.height = 200\r\n                        o.backgroundColor = 0x33009900\r\n\r\n                        mkView(o, 0).{\r\n                            o.backgroundColor = 0xfffff06f\r\n                            o.width = 60\r\n                            o.height = 60\r\n                            o.margin.setAll(10)\r\n\r\n                            layoutAlignCell(o, 0).{\r\n                                o.setBottomRight()\r\n                            }\r\n                        }\r\n                        mkView(o, 0).{\r\n                            o.backgroundColor = 0xff6000ff\r\n                            o.width = 60\r\n                            o.height = 60\r\n                            o.margin.setAll(10)\r\n\r\n                            layoutAlignCell(o, 0).{\r\n                                o.setBottomCenter()\r\n                            }\r\n                        }\r\n                        mkView(o, 0).{\r\n                            o.backgroundColor = 0xff00ffff\r\n                            o.width = 60\r\n                            o.height = 60\r\n                            o.margin.setAll(10)\r\n\r\n                            layoutAlignCell(o, 0).{\r\n                                o.setCenter()\r\n                            }\r\n                        }\r\n                        mkView(o, 0).{\r\n                            o.backgroundColor = 0xffff00ff\r\n                            o.width = 60\r\n                            o.height = 60\r\n                            o.margin.setAll(10)\r\n\r\n                            layoutAlignPositionCell(o, 0).{\r\n                                o.left = nan\r\n                                o.right = -60\r\n                                o.top = 3\r\n                            }\r\n                        }\r\n                        mkView(o, 0).{\r\n                            o.backgroundColor = 0xff6f009f\r\n\r\n                            layoutAlignPositionCell(o, 0).{\r\n                                o.left = 10\r\n                                o.right = 150\r\n                                o.top = 30\r\n                                o.bottom = 30\r\n                            }\r\n                        }\r\n                    }\r\n                //}\r\n            }\r\n\r\n\r\n            o.setTitle(\"orc机器人\")\r\n            o.setSize(840, 480)\r\n            o.setPos(400, 200)\r\n            o.show()\r\n        }\r\n\r\n    }\r\n\r\n\r\n\r\n    app.runEventLoop()\r\n\r\n    // testApp()\r\n    // testWindow()\r\n\r\n    // testVec2()\r\n    // // testToast()\r\n    // testRect()\r\n    // testRadius();\r\n    // testInset()\r\n    // testGlobal()\r\n    // testEvent()\r\n    // testEmitter()\r\n    // testEdge()\r\n    // testCursor()\r\n    // testColor()\r\n    // testClipboard()\r\n    // testBorder()\r\n    // testScreen()\r\n    // testTimer();\r\n\r\n\r\n    // testWindow();\r\n\r\n    // int ok = glewInit();\r\n    // printf(\"test Main ctx:%d\\n\", ctx)\r\n    // getchar();\r\n    // printf(\"glewINit:%d\\n\", ok);\r\n    printf(\"glewINit:%d\\n\", 1);\r\n    getchar();\r\n    return 0\r\n}\r\n\r\n"
        }
    ],
    "textDocument": {
        "uri": "file:///d%3A/ws/Sui/orc-linux/src/Main.orc",
        "version": 9
    }
}
didChange:file:///d:/ws/Sui/orc-linux/src/Main.orc 9527 9 
route. id:22, method:textDocument/documentColor, params:{
    "textDocument": {
        "uri": "file:///d%3A/ws/Sui/orc-linux/src/Main.orc"
    }
}

response:Content-Length: 37

{"id":22,"jsonrpc":"2.0","result":{}}
route. id:23, method:textDocument/documentHighlight, params:{
    "position": {
        "character": 0,
        "line": 6
    },
    "textDocument": {
        "uri": "file:///d%3A/ws/Sui/orc-linux/src/Main.orc"
    }
}

response:Content-Length: 37

{"id":23,"jsonrpc":"2.0","result":{}}
route. id:0, method:textDocument/didChange, params:{
    "contentChanges": [
        {
            "text": "#include <stdio.h>\r\n\r\n// #include \"./NanovgEntry.h\"\r\n\r\n#include \"../UrgcDll/urgc_api.h\"\r\n#include \"Orc/Orc.h\"\r\nimport * from \"./Sui/Layout/LayoutGrid.orc\"\r\nimport * from \"./Sui/Layout/RowWrap.orc\"\r\nimport * from \"./Sui/Layout/LayoutAlign.orc\"\r\nimport * from \"./Sui/Dialog/Toast.orc\"\r\n// import * from \"./Orc/Thread.orc\"\r\nimport * from \"./Orc/String.orc\"\r\n\r\n \r\n\r\n// import * from \"./Orc/Mutex.orc\"\r\n// import * from \"./Orc/Math.orc\"\r\n// import * from \"./Orc/List.orc\"\r\n// import * from \"./Orc/Map.orc\"\r\n// import * from \"./Orc/Path.orc\"\r\n// import * from \"./Sui/Dialog/Toast.orc\"\r\n// import * from \"./Sui/Core/Vec2.orc\"\r\n// import * from \"./Sui/Core/Rect.orc\"\r\n// import * from \"./Sui/Core/Radius.orc\"\r\n// import * from \"./Sui/Core/Inset.orc\"\r\n// import * from \"./Sui/Core/Global.orc\"\r\n// import * from \"./Sui/Core/Event.orc\"\r\n// import * from \"./Sui/Core/Emitter.orc\"\r\n// import * from \"./Sui/Core/Edge.orc\"\r\n// import * from \"./Sui/Core/Cursor.orc\"\r\n// import * from \"./Sui/Core/Color.orc\"\r\n// import * from \"./Sui/Core/Clipboard.orc\"\r\n// import * from \"./Sui/Core/Border.orc\"\r\n// import * from \"./Sui/Core/Screen.orc\"\r\n// import * from \"./Sui/Core/Timer.orc\"\r\n\r\nextern void windowInit()\r\n// extern void testWindow();\r\n\r\n\r\nvoid initMain(){\r\n    // urgc_start_process_thread();\r\n}\r\n\r\n\r\nint main(){\r\n    if (1){\r\n        printf(\"return \\n\")\r\n        return 0;\r\n    }\r\n    initMain()\r\n    windowInit();\r\n\r\n    printf(\"app used0\\n\")\r\n    App@ app = App_use()\r\n    printf(\"app used\\n\")\r\n    \r\n\r\n    // testWindow()\r\n\r\n    if 1 {\r\n        Window@ win = new Window()\r\n        // win.show();\r\n        win. {\r\n            LayoutLinear@ ll = new LayoutLinear()\r\n            win.rootView = ll\r\n            ll.{\r\n                //layoutLinear(o, 0).{\r\n                    o.width = 400\r\n                    o.height = 400\r\n                    o.backgroundColor = 0x93000000\r\n\r\n                    mkDrawButton(o, 0).{\r\n                        o.text = str(\"submit\")\r\n                        o.onClick = ^void(){\r\n                            // Toast_make(\"click\")\r\n                            app.eachWindow(^void (Window *win){\r\n                                win.rootView.printLayoutTimes(0)\r\n                            })\r\n                        }\r\n                    }\r\n                    mkView(o, 0).{\r\n                        o.backgroundColor = 0xffff0000\r\n                        o.width = 100\r\n                        o.height = 100\r\n                        o.margin.setAll(10)\r\n                    }\r\n                    mkEditText(o, 0).{\r\n                        // o.setText(str(\"hi there buzi buzi\"))\r\n                        // o.width = 200\r\n                        o.color = 0xff000000\r\n                        o.height = 40\r\n                        o.backgroundColor = 0x99999999\r\n                    }\r\n                    mkImageView(o, 0).{\r\n                        o.setSrc(str(\"./asset/SpongeBob.png\"))\r\n                    }\r\n                    mkTextView(o, 0).{\r\n                        o.setText(str(\"hi there buzi buzi\"))\r\n                        // o.width = 200\r\n                        // o.height = 40\r\n                        o.backgroundColor = 0x13ff0000\r\n                    }\r\n                    layoutLinear(o, 0).{\r\n                        o.direction.set(\"column\")\r\n                        o.backgroundColor = 0x33112233\r\n                        mkView(o, 0).{\r\n                            o.backgroundColor = 0xff00ff00\r\n                            o.width = 80\r\n                            o.height = 80\r\n                            o.margin.setAll(10)\r\n                        }\r\n                        mkView(o, 0).{\r\n                            o.backgroundColor = 0xff0000ff\r\n                            o.width = 60\r\n                            o.height = 160\r\n                            o.margin.setAll(10)\r\n                        }\r\n                    }\r\n                    mkLayoutGrid(o, 0).{\r\n                        o.width = 200\r\n                        o.height = 200\r\n                        o.backgroundColor = 0x33330000\r\n\r\n                        mkView(o, 0).{\r\n                            o.backgroundColor = 0xff0000ff\r\n                            o.width = 60\r\n                            o.height = 60\r\n                            o.margin.setAll(10)\r\n                        }\r\n                        mkView(o, 0).{\r\n                            o.backgroundColor = 0xff0000ff\r\n                            o.width = 60\r\n                            o.height = 60\r\n                            o.margin.setAll(10)\r\n                        }\r\n                        mkView(o, 0).{\r\n                            o.backgroundColor = 0xff0000ff\r\n                            o.width = 60\r\n                            o.height = 60\r\n                            o.margin.setAll(10)\r\n                        }\r\n                        mkView(o, 0).{\r\n                            o.backgroundColor = 0xff0000ff\r\n                            o.width = 60\r\n                            o.height = 60\r\n                            o.margin.setAll(10)\r\n                        }\r\n                    }\r\n                    mkRowWrap(o, 0).{\r\n                        o.width = 200\r\n                        o.height = 200\r\n                        o.backgroundColor = 0x33009900\r\n\r\n                        mkView(o, 0).{\r\n                            o.backgroundColor = 0xff0000ff\r\n                            o.width = 60\r\n                            o.height = 60\r\n                            o.margin.setAll(10)\r\n                        }\r\n                        mkView(o, 0).{\r\n                            o.backgroundColor = 0xff0000ff\r\n                            o.width = 60\r\n                            o.height = 60\r\n                            o.margin.setAll(10)\r\n                        }\r\n                        mkView(o, 0).{\r\n                            o.backgroundColor = 0xff0000ff\r\n                            o.width = 60\r\n                            o.height = 60\r\n                            o.margin.setAll(10)\r\n                        }\r\n                        mkView(o, 0).{\r\n                            o.backgroundColor = 0xff0000ff\r\n                            o.width = 60\r\n                            o.height = 60\r\n                            o.margin.setAll(10)\r\n                        }\r\n                    }\r\n                    layoutAlign(o, 0).{\r\n                        o.width = 200\r\n                        o.height = 200\r\n                        o.backgroundColor = 0x33009900\r\n\r\n                        mkView(o, 0).{\r\n                            o.backgroundColor = 0xfffff06f\r\n                            o.width = 60\r\n                            o.height = 60\r\n                            o.margin.setAll(10)\r\n\r\n                            layoutAlignCell(o, 0).{\r\n                                o.setBottomRight()\r\n                            }\r\n                        }\r\n                        mkView(o, 0).{\r\n                            o.backgroundColor = 0xff6000ff\r\n                            o.width = 60\r\n                            o.height = 60\r\n                            o.margin.setAll(10)\r\n\r\n                            layoutAlignCell(o, 0).{\r\n                                o.setBottomCenter()\r\n                            }\r\n                        }\r\n                        mkView(o, 0).{\r\n                            o.backgroundColor = 0xff00ffff\r\n                            o.width = 60\r\n                            o.height = 60\r\n                            o.margin.setAll(10)\r\n\r\n                            layoutAlignCell(o, 0).{\r\n                                o.setCenter()\r\n                            }\r\n                        }\r\n                        mkView(o, 0).{\r\n                            o.backgroundColor = 0xffff00ff\r\n                            o.width = 60\r\n                            o.height = 60\r\n                            o.margin.setAll(10)\r\n\r\n                            layoutAlignPositionCell(o, 0).{\r\n                                o.left = nan\r\n                                o.right = -60\r\n                                o.top = 3\r\n                            }\r\n                        }\r\n                        mkView(o, 0).{\r\n                            o.backgroundColor = 0xff6f009f\r\n\r\n                            layoutAlignPositionCell(o, 0).{\r\n                                o.left = 10\r\n                                o.right = 150\r\n                                o.top = 30\r\n                                o.bottom = 30\r\n                            }\r\n                        }\r\n                    }\r\n                //}\r\n            }\r\n\r\n\r\n            o.setTitle(\"orc机器人\")\r\n            o.setSize(840, 480)\r\n            o.setPos(400, 200)\r\n            o.show()\r\n        }\r\n\r\n    }\r\n\r\n\r\n\r\n    app.runEventLoop()\r\n\r\n    // testApp()\r\n    // testWindow()\r\n\r\n    // testVec2()\r\n    // // testToast()\r\n    // testRect()\r\n    // testRadius();\r\n    // testInset()\r\n    // testGlobal()\r\n    // testEvent()\r\n    // testEmitter()\r\n    // testEdge()\r\n    // testCursor()\r\n    // testColor()\r\n    // testClipboard()\r\n    // testBorder()\r\n    // testScreen()\r\n    // testTimer();\r\n\r\n\r\n    // testWindow();\r\n\r\n    // int ok = glewInit();\r\n    // printf(\"test Main ctx:%d\\n\", ctx)\r\n    // getchar();\r\n    // printf(\"glewINit:%d\\n\", ok);\r\n    printf(\"glewINit:%d\\n\", 1);\r\n    getchar();\r\n    return 0\r\n}\r\n\r\n"
        }
    ],
    "textDocument": {
        "uri": "file:///d%3A/ws/Sui/orc-linux/src/Main.orc",
        "version": 10
    }
}
didChange:file:///d:/ws/Sui/orc-linux/src/Main.orc 9480 10 
route. id:24, method:textDocument/documentHighlight, params:{
    "position": {
        "character": 0,
        "line": 6
    },
    "textDocument": {
        "uri": "file:///d%3A/ws/Sui/orc-linux/src/Main.orc"
    }
}

response:Content-Length: 37

{"id":24,"jsonrpc":"2.0","result":{}}
route. id:0, method:$/cancelRequest, params:{
    "id": 24
}

response:Content-Length: 36

{"id":0,"jsonrpc":"2.0","result":{}}
buildSymbolSpace_byTextDocument. program
buildSymbolSpace_byTextDocument. mkSpace
buildSymbolSpace_byTextDocument. init symbol builder v isitor
buildSymbolSpace_byTextDocument. SymbolBuilderVisitor.visit
buildSymbolSpace_byTextDocument  for uri file:///d:/ws/Sui/orc-linux/src/Main.orc. version:%d 
didChange succ
buildSymbolSpace_byTextDocument. uri:file:///d:/ws/Sui/orc-linux/src/Main.orc, absPath:d:/ws/Sui/orc-linux/src/Main.orc
buildSymbolSpace_byTextDocument. mk parser
route. id:0, method:textDocument/didChange, params:{
    "contentChanges": [
        {
            "text": "#include <stdio.h>\r\n\r\n// #include \"./NanovgEntry.h\"\r\n\r\n#include \"../UrgcDll/urgc_api.h\"\r\n#include \"Orc/Orc.h\"\r\nimport * from \"./Sui/Layout/RowWrap.orc\"\r\nimport * from \"./Sui/Layout/LayoutAlign.orc\"\r\nimport * from \"./Sui/Dialog/Toast.orc\"\r\n// import * from \"./Orc/Thread.orc\"\r\nimport * from \"./Orc/String.orc\"\r\n\r\n \r\n\r\n// import * from \"./Orc/Mutex.orc\"\r\n// import * from \"./Orc/Math.orc\"\r\n// import * from \"./Orc/List.orc\"\r\n// import * from \"./Orc/Map.orc\"\r\n// import * from \"./Orc/Path.orc\"\r\n// import * from \"./Sui/Dialog/Toast.orc\"\r\n// import * from \"./Sui/Core/Vec2.orc\"\r\n// import * from \"./Sui/Core/Rect.orc\"\r\n// import * from \"./Sui/Core/Radius.orc\"\r\n// import * from \"./Sui/Core/Inset.orc\"\r\n// import * from \"./Sui/Core/Global.orc\"\r\n// import * from \"./Sui/Core/Event.orc\"\r\n// import * from \"./Sui/Core/Emitter.orc\"\r\n// import * from \"./Sui/Core/Edge.orc\"\r\n// import * from \"./Sui/Core/Cursor.orc\"\r\n// import * from \"./Sui/Core/Color.orc\"\r\n// import * from \"./Sui/Core/Clipboard.orc\"\r\n// import * from \"./Sui/Core/Border.orc\"\r\n// import * from \"./Sui/Core/Screen.orc\"\r\n// import * from \"./Sui/Core/Timer.orc\"\r\n\r\nextern void windowInit()\r\n// extern void testWindow();\r\n\r\n\r\nvoid initMain(){\r\n    // urgc_start_process_thread();\r\n}\r\n\r\n\r\nint main(){\r\n    if (1){\r\n        printf(\"return \\n\")\r\n        return 0;\r\n    }\r\n    initMain()\r\n    windowInit();\r\n\r\n    printf(\"app used0\\n\")\r\n    App@ app = App_use()\r\n    printf(\"app used\\n\")\r\n    \r\n\r\n    // testWindow()\r\n\r\n    if 1 {\r\n        Window@ win = new Window()\r\n        // win.show();\r\n        win. {\r\n            LayoutLinear@ ll = new LayoutLinear()\r\n            win.rootView = ll\r\n            ll.{\r\n                //layoutLinear(o, 0).{\r\n                    o.width = 400\r\n                    o.height = 400\r\n                    o.backgroundColor = 0x93000000\r\n\r\n                    mkDrawButton(o, 0).{\r\n                        o.text = str(\"submit\")\r\n                        o.onClick = ^void(){\r\n                            // Toast_make(\"click\")\r\n                            app.eachWindow(^void (Window *win){\r\n                                win.rootView.printLayoutTimes(0)\r\n                            })\r\n                        }\r\n                    }\r\n                    mkView(o, 0).{\r\n                        o.backgroundColor = 0xffff0000\r\n                        o.width = 100\r\n                        o.height = 100\r\n                        o.margin.setAll(10)\r\n                    }\r\n                    mkEditText(o, 0).{\r\n                        // o.setText(str(\"hi there buzi buzi\"))\r\n                        // o.width = 200\r\n                        o.color = 0xff000000\r\n                        o.height = 40\r\n                        o.backgroundColor = 0x99999999\r\n                    }\r\n                    mkImageView(o, 0).{\r\n                        o.setSrc(str(\"./asset/SpongeBob.png\"))\r\n                    }\r\n                    mkTextView(o, 0).{\r\n                        o.setText(str(\"hi there buzi buzi\"))\r\n                        // o.width = 200\r\n                        // o.height = 40\r\n                        o.backgroundColor = 0x13ff0000\r\n                    }\r\n                    layoutLinear(o, 0).{\r\n                        o.direction.set(\"column\")\r\n                        o.backgroundColor = 0x33112233\r\n                        mkView(o, 0).{\r\n                            o.backgroundColor = 0xff00ff00\r\n                            o.width = 80\r\n                            o.height = 80\r\n                            o.margin.setAll(10)\r\n                        }\r\n                        mkView(o, 0).{\r\n                            o.backgroundColor = 0xff0000ff\r\n                            o.width = 60\r\n                            o.height = 160\r\n                            o.margin.setAll(10)\r\n                        }\r\n                    }\r\n                    mkLayoutGrid(o, 0).{\r\n                        o.width = 200\r\n                        o.height = 200\r\n                        o.backgroundColor = 0x33330000\r\n\r\n                        mkView(o, 0).{\r\n                            o.backgroundColor = 0xff0000ff\r\n                            o.width = 60\r\n                            o.height = 60\r\n                            o.margin.setAll(10)\r\n                        }\r\n                        mkView(o, 0).{\r\n                            o.backgroundColor = 0xff0000ff\r\n                            o.width = 60\r\n                            o.height = 60\r\n                            o.margin.setAll(10)\r\n                        }\r\n                        mkView(o, 0).{\r\n                            o.backgroundColor = 0xff0000ff\r\n                            o.width = 60\r\n                            o.height = 60\r\n                            o.margin.setAll(10)\r\n                        }\r\n                        mkView(o, 0).{\r\n                            o.backgroundColor = 0xff0000ff\r\n                            o.width = 60\r\n                            o.height = 60\r\n                            o.margin.setAll(10)\r\n                        }\r\n                    }\r\n                    mkRowWrap(o, 0).{\r\n                        o.width = 200\r\n                        o.height = 200\r\n                        o.backgroundColor = 0x33009900\r\n\r\n                        mkView(o, 0).{\r\n                            o.backgroundColor = 0xff0000ff\r\n                            o.width = 60\r\n                            o.height = 60\r\n                            o.margin.setAll(10)\r\n                        }\r\n                        mkView(o, 0).{\r\n                            o.backgroundColor = 0xff0000ff\r\n                            o.width = 60\r\n                            o.height = 60\r\n                            o.margin.setAll(10)\r\n                        }\r\n                        mkView(o, 0).{\r\n                            o.backgroundColor = 0xff0000ff\r\n                            o.width = 60\r\n                            o.height = 60\r\n                            o.margin.setAll(10)\r\n                        }\r\n                        mkView(o, 0).{\r\n                            o.backgroundColor = 0xff0000ff\r\n                            o.width = 60\r\n                            o.height = 60\r\n                            o.margin.setAll(10)\r\n                        }\r\n                    }\r\n                    layoutAlign(o, 0).{\r\n                        o.width = 200\r\n                        o.height = 200\r\n                        o.backgroundColor = 0x33009900\r\n\r\n                        mkView(o, 0).{\r\n                            o.backgroundColor = 0xfffff06f\r\n                            o.width = 60\r\n                            o.height = 60\r\n                            o.margin.setAll(10)\r\n\r\n                            layoutAlignCell(o, 0).{\r\n                                o.setBottomRight()\r\n                            }\r\n                        }\r\n                        mkView(o, 0).{\r\n                            o.backgroundColor = 0xff6000ff\r\n                            o.width = 60\r\n                            o.height = 60\r\n                            o.margin.setAll(10)\r\n\r\n                            layoutAlignCell(o, 0).{\r\n                                o.setBottomCenter()\r\n                            }\r\n                        }\r\n                        mkView(o, 0).{\r\n                            o.backgroundColor = 0xff00ffff\r\n                            o.width = 60\r\n                            o.height = 60\r\n                            o.margin.setAll(10)\r\n\r\n                            layoutAlignCell(o, 0).{\r\n                                o.setCenter()\r\n                            }\r\n                        }\r\n                        mkView(o, 0).{\r\n                            o.backgroundColor = 0xffff00ff\r\n                            o.width = 60\r\n                            o.height = 60\r\n                            o.margin.setAll(10)\r\n\r\n                            layoutAlignPositionCell(o, 0).{\r\n                                o.left = nan\r\n                                o.right = -60\r\n                                o.top = 3\r\n                            }\r\n                        }\r\n                        mkView(o, 0).{\r\n                            o.backgroundColor = 0xff6f009f\r\n\r\n                            layoutAlignPositionCell(o, 0).{\r\n                                o.left = 10\r\n                                o.right = 150\r\n                                o.top = 30\r\n                                o.bottom = 30\r\n                            }\r\n                        }\r\n                    }\r\n                //}\r\n            }\r\n\r\n\r\n            o.setTitle(\"orc机器人\")\r\n            o.setSize(840, 480)\r\n            o.setPos(400, 200)\r\n            o.show()\r\n        }\r\n\r\n    }\r\n\r\n\r\n\r\n    app.runEventLoop()\r\n\r\n    // testApp()\r\n    // testWindow()\r\n\r\n    // testVec2()\r\n    // // testToast()\r\n    // testRect()\r\n    // testRadius();\r\n    // testInset()\r\n    // testGlobal()\r\n    // testEvent()\r\n    // testEmitter()\r\n    // testEdge()\r\n    // testCursor()\r\n    // testColor()\r\n    // testClipboard()\r\n    // testBorder()\r\n    // testScreen()\r\n    // testTimer();\r\n\r\n\r\n    // testWindow();\r\n\r\n    // int ok = glewInit();\r\n    // printf(\"test Main ctx:%d\\n\", ctx)\r\n    // getchar();\r\n    // printf(\"glewINit:%d\\n\", ok);\r\n    printf(\"glewINit:%d\\n\", 1);\r\n    getchar();\r\n    return 0\r\n}\r\n\r\n"
        }
    ],
    "textDocument": {
        "uri": "file:///d%3A/ws/Sui/orc-linux/src/Main.orc",
        "version": 11
    }
}
didChange:file:///d:/ws/Sui/orc-linux/src/Main.orc 9435 11 
route. id:25, method:textDocument/documentHighlight, params:{
    "position": {
        "character": 0,
        "line": 6
    },
    "textDocument": {
        "uri": "file:///d%3A/ws/Sui/orc-linux/src/Main.orc"
    }
}

response:Content-Length: 37

{"id":25,"jsonrpc":"2.0","result":{}}

server=>client notification:Content-Length: 149

{"jsonrpc":"2.0","method":"textDocument/publishDiagnostics","params":{"diagnostics":[],"uri":"file:///d:/ws/Sui/orc-linux/src/Main.orc","version":8}}
route. id:0, method:textDocument/didChange, params:{
    "contentChanges": [
        {
            "text": "#include <stdio.h>\r\n\r\n// #include \"./NanovgEntry.h\"\r\n\r\n#include \"../UrgcDll/urgc_api.h\"\r\n#include \"Orc/Orc.h\"\r\nimport * from \"./Sui/Layout/LayoutAlign.orc\"\r\nimport * from \"./Sui/Dialog/Toast.orc\"\r\n// import * from \"./Orc/Thread.orc\"\r\nimport * from \"./Orc/String.orc\"\r\n\r\n \r\n\r\n// import * from \"./Orc/Mutex.orc\"\r\n// import * from \"./Orc/Math.orc\"\r\n// import * from \"./Orc/List.orc\"\r\n// import * from \"./Orc/Map.orc\"\r\n// import * from \"./Orc/Path.orc\"\r\n// import * from \"./Sui/Dialog/Toast.orc\"\r\n// import * from \"./Sui/Core/Vec2.orc\"\r\n// import * from \"./Sui/Core/Rect.orc\"\r\n// import * from \"./Sui/Core/Radius.orc\"\r\n// import * from \"./Sui/Core/Inset.orc\"\r\n// import * from \"./Sui/Core/Global.orc\"\r\n// import * from \"./Sui/Core/Event.orc\"\r\n// import * from \"./Sui/Core/Emitter.orc\"\r\n// import * from \"./Sui/Core/Edge.orc\"\r\n// import * from \"./Sui/Core/Cursor.orc\"\r\n// import * from \"./Sui/Core/Color.orc\"\r\n// import * from \"./Sui/Core/Clipboard.orc\"\r\n// import * from \"./Sui/Core/Border.orc\"\r\n// import * from \"./Sui/Core/Screen.orc\"\r\n// import * from \"./Sui/Core/Timer.orc\"\r\n\r\nextern void windowInit()\r\n// extern void testWindow();\r\n\r\n\r\nvoid initMain(){\r\n    // urgc_start_process_thread();\r\n}\r\n\r\n\r\nint main(){\r\n    if (1){\r\n        printf(\"return \\n\")\r\n        return 0;\r\n    }\r\n    initMain()\r\n    windowInit();\r\n\r\n    printf(\"app used0\\n\")\r\n    App@ app = App_use()\r\n    printf(\"app used\\n\")\r\n    \r\n\r\n    // testWindow()\r\n\r\n    if 1 {\r\n        Window@ win = new Window()\r\n        // win.show();\r\n        win. {\r\n            LayoutLinear@ ll = new LayoutLinear()\r\n            win.rootView = ll\r\n            ll.{\r\n                //layoutLinear(o, 0).{\r\n                    o.width = 400\r\n                    o.height = 400\r\n                    o.backgroundColor = 0x93000000\r\n\r\n                    mkDrawButton(o, 0).{\r\n                        o.text = str(\"submit\")\r\n                        o.onClick = ^void(){\r\n                            // Toast_make(\"click\")\r\n                            app.eachWindow(^void (Window *win){\r\n                                win.rootView.printLayoutTimes(0)\r\n                            })\r\n                        }\r\n                    }\r\n                    mkView(o, 0).{\r\n                        o.backgroundColor = 0xffff0000\r\n                        o.width = 100\r\n                        o.height = 100\r\n                        o.margin.setAll(10)\r\n                    }\r\n                    mkEditText(o, 0).{\r\n                        // o.setText(str(\"hi there buzi buzi\"))\r\n                        // o.width = 200\r\n                        o.color = 0xff000000\r\n                        o.height = 40\r\n                        o.backgroundColor = 0x99999999\r\n                    }\r\n                    mkImageView(o, 0).{\r\n                        o.setSrc(str(\"./asset/SpongeBob.png\"))\r\n                    }\r\n                    mkTextView(o, 0).{\r\n                        o.setText(str(\"hi there buzi buzi\"))\r\n                        // o.width = 200\r\n                        // o.height = 40\r\n                        o.backgroundColor = 0x13ff0000\r\n                    }\r\n                    layoutLinear(o, 0).{\r\n                        o.direction.set(\"column\")\r\n                        o.backgroundColor = 0x33112233\r\n                        mkView(o, 0).{\r\n                            o.backgroundColor = 0xff00ff00\r\n                            o.width = 80\r\n                            o.height = 80\r\n                            o.margin.setAll(10)\r\n                        }\r\n                        mkView(o, 0).{\r\n                            o.backgroundColor = 0xff0000ff\r\n                            o.width = 60\r\n                            o.height = 160\r\n                            o.margin.setAll(10)\r\n                        }\r\n                    }\r\n                    mkLayoutGrid(o, 0).{\r\n                        o.width = 200\r\n                        o.height = 200\r\n                        o.backgroundColor = 0x33330000\r\n\r\n                        mkView(o, 0).{\r\n                            o.backgroundColor = 0xff0000ff\r\n                            o.width = 60\r\n                            o.height = 60\r\n                            o.margin.setAll(10)\r\n                        }\r\n                        mkView(o, 0).{\r\n                            o.backgroundColor = 0xff0000ff\r\n                            o.width = 60\r\n                            o.height = 60\r\n                            o.margin.setAll(10)\r\n                        }\r\n                        mkView(o, 0).{\r\n                            o.backgroundColor = 0xff0000ff\r\n                            o.width = 60\r\n                            o.height = 60\r\n                            o.margin.setAll(10)\r\n                        }\r\n                        mkView(o, 0).{\r\n                            o.backgroundColor = 0xff0000ff\r\n                            o.width = 60\r\n                            o.height = 60\r\n                            o.margin.setAll(10)\r\n                        }\r\n                    }\r\n                    mkRowWrap(o, 0).{\r\n                        o.width = 200\r\n                        o.height = 200\r\n                        o.backgroundColor = 0x33009900\r\n\r\n                        mkView(o, 0).{\r\n                            o.backgroundColor = 0xff0000ff\r\n                            o.width = 60\r\n                            o.height = 60\r\n                            o.margin.setAll(10)\r\n                        }\r\n                        mkView(o, 0).{\r\n                            o.backgroundColor = 0xff0000ff\r\n                            o.width = 60\r\n                            o.height = 60\r\n                            o.margin.setAll(10)\r\n                        }\r\n                        mkView(o, 0).{\r\n                            o.backgroundColor = 0xff0000ff\r\n                            o.width = 60\r\n                            o.height = 60\r\n                            o.margin.setAll(10)\r\n                        }\r\n                        mkView(o, 0).{\r\n                            o.backgroundColor = 0xff0000ff\r\n                            o.width = 60\r\n                            o.height = 60\r\n                            o.margin.setAll(10)\r\n                        }\r\n                    }\r\n                    layoutAlign(o, 0).{\r\n                        o.width = 200\r\n                        o.height = 200\r\n                        o.backgroundColor = 0x33009900\r\n\r\n                        mkView(o, 0).{\r\n                            o.backgroundColor = 0xfffff06f\r\n                            o.width = 60\r\n                            o.height = 60\r\n                            o.margin.setAll(10)\r\n\r\n                            layoutAlignCell(o, 0).{\r\n                                o.setBottomRight()\r\n                            }\r\n                        }\r\n                        mkView(o, 0).{\r\n                            o.backgroundColor = 0xff6000ff\r\n                            o.width = 60\r\n                            o.height = 60\r\n                            o.margin.setAll(10)\r\n\r\n                            layoutAlignCell(o, 0).{\r\n                                o.setBottomCenter()\r\n                            }\r\n                        }\r\n                        mkView(o, 0).{\r\n                            o.backgroundColor = 0xff00ffff\r\n                            o.width = 60\r\n                            o.height = 60\r\n                            o.margin.setAll(10)\r\n\r\n                            layoutAlignCell(o, 0).{\r\n                                o.setCenter()\r\n                            }\r\n                        }\r\n                        mkView(o, 0).{\r\n                            o.backgroundColor = 0xffff00ff\r\n                            o.width = 60\r\n                            o.height = 60\r\n                            o.margin.setAll(10)\r\n\r\n                            layoutAlignPositionCell(o, 0).{\r\n                                o.left = nan\r\n                                o.right = -60\r\n                                o.top = 3\r\n                            }\r\n                        }\r\n                        mkView(o, 0).{\r\n                            o.backgroundColor = 0xff6f009f\r\n\r\n                            layoutAlignPositionCell(o, 0).{\r\n                                o.left = 10\r\n                                o.right = 150\r\n                                o.top = 30\r\n                                o.bottom = 30\r\n                            }\r\n                        }\r\n                    }\r\n                //}\r\n            }\r\n\r\n\r\n            o.setTitle(\"orc机器人\")\r\n            o.setSize(840, 480)\r\n            o.setPos(400, 200)\r\n            o.show()\r\n        }\r\n\r\n    }\r\n\r\n\r\n\r\n    app.runEventLoop()\r\n\r\n    // testApp()\r\n    // testWindow()\r\n\r\n    // testVec2()\r\n    // // testToast()\r\n    // testRect()\r\n    // testRadius();\r\n    // testInset()\r\n    // testGlobal()\r\n    // testEvent()\r\n    // testEmitter()\r\n    // testEdge()\r\n    // testCursor()\r\n    // testColor()\r\n    // testClipboard()\r\n    // testBorder()\r\n    // testScreen()\r\n    // testTimer();\r\n\r\n\r\n    // testWindow();\r\n\r\n    // int ok = glewInit();\r\n    // printf(\"test Main ctx:%d\\n\", ctx)\r\n    // getchar();\r\n    // printf(\"glewINit:%d\\n\", ok);\r\n    printf(\"glewINit:%d\\n\", 1);\r\n    getchar();\r\n    return 0\r\n}\r\n\r\n"
        }
    ],
    "textDocument": {
        "uri": "file:///d%3A/ws/Sui/orc-linux/src/Main.orc",
        "version": 12
    }
}
didChange:file:///d:/ws/Sui/orc-linux/src/Main.orc 9393 12 
route. id:26, method:textDocument/documentHighlight, params:{
    "position": {
        "character": 0,
        "line": 6
    },
    "textDocument": {
        "uri": "file:///d%3A/ws/Sui/orc-linux/src/Main.orc"
    }
}

response:Content-Length: 37

{"id":26,"jsonrpc":"2.0","result":{}}
route. id:0, method:textDocument/didChange, params:{
    "contentChanges": [
        {
            "text": "#include <stdio.h>\r\n\r\n// #include \"./NanovgEntry.h\"\r\n\r\n#include \"../UrgcDll/urgc_api.h\"\r\n#include \"Orc/Orc.h\"\r\nimport * from \"./Sui/Dialog/Toast.orc\"\r\n// import * from \"./Orc/Thread.orc\"\r\nimport * from \"./Orc/String.orc\"\r\n\r\n \r\n\r\n// import * from \"./Orc/Mutex.orc\"\r\n// import * from \"./Orc/Math.orc\"\r\n// import * from \"./Orc/List.orc\"\r\n// import * from \"./Orc/Map.orc\"\r\n// import * from \"./Orc/Path.orc\"\r\n// import * from \"./Sui/Dialog/Toast.orc\"\r\n// import * from \"./Sui/Core/Vec2.orc\"\r\n// import * from \"./Sui/Core/Rect.orc\"\r\n// import * from \"./Sui/Core/Radius.orc\"\r\n// import * from \"./Sui/Core/Inset.orc\"\r\n// import * from \"./Sui/Core/Global.orc\"\r\n// import * from \"./Sui/Core/Event.orc\"\r\n// import * from \"./Sui/Core/Emitter.orc\"\r\n// import * from \"./Sui/Core/Edge.orc\"\r\n// import * from \"./Sui/Core/Cursor.orc\"\r\n// import * from \"./Sui/Core/Color.orc\"\r\n// import * from \"./Sui/Core/Clipboard.orc\"\r\n// import * from \"./Sui/Core/Border.orc\"\r\n// import * from \"./Sui/Core/Screen.orc\"\r\n// import * from \"./Sui/Core/Timer.orc\"\r\n\r\nextern void windowInit()\r\n// extern void testWindow();\r\n\r\n\r\nvoid initMain(){\r\n    // urgc_start_process_thread();\r\n}\r\n\r\n\r\nint main(){\r\n    if (1){\r\n        printf(\"return \\n\")\r\n        return 0;\r\n    }\r\n    initMain()\r\n    windowInit();\r\n\r\n    printf(\"app used0\\n\")\r\n    App@ app = App_use()\r\n    printf(\"app used\\n\")\r\n    \r\n\r\n    // testWindow()\r\n\r\n    if 1 {\r\n        Window@ win = new Window()\r\n        // win.show();\r\n        win. {\r\n            LayoutLinear@ ll = new LayoutLinear()\r\n            win.rootView = ll\r\n            ll.{\r\n                //layoutLinear(o, 0).{\r\n                    o.width = 400\r\n                    o.height = 400\r\n                    o.backgroundColor = 0x93000000\r\n\r\n                    mkDrawButton(o, 0).{\r\n                        o.text = str(\"submit\")\r\n                        o.onClick = ^void(){\r\n                            // Toast_make(\"click\")\r\n                            app.eachWindow(^void (Window *win){\r\n                                win.rootView.printLayoutTimes(0)\r\n                            })\r\n                        }\r\n                    }\r\n                    mkView(o, 0).{\r\n                        o.backgroundColor = 0xffff0000\r\n                        o.width = 100\r\n                        o.height = 100\r\n                        o.margin.setAll(10)\r\n                    }\r\n                    mkEditText(o, 0).{\r\n                        // o.setText(str(\"hi there buzi buzi\"))\r\n                        // o.width = 200\r\n                        o.color = 0xff000000\r\n                        o.height = 40\r\n                        o.backgroundColor = 0x99999999\r\n                    }\r\n                    mkImageView(o, 0).{\r\n                        o.setSrc(str(\"./asset/SpongeBob.png\"))\r\n                    }\r\n                    mkTextView(o, 0).{\r\n                        o.setText(str(\"hi there buzi buzi\"))\r\n                        // o.width = 200\r\n                        // o.height = 40\r\n                        o.backgroundColor = 0x13ff0000\r\n                    }\r\n                    layoutLinear(o, 0).{\r\n                        o.direction.set(\"column\")\r\n                        o.backgroundColor = 0x33112233\r\n                        mkView(o, 0).{\r\n                            o.backgroundColor = 0xff00ff00\r\n                            o.width = 80\r\n                            o.height = 80\r\n                            o.margin.setAll(10)\r\n                        }\r\n                        mkView(o, 0).{\r\n                            o.backgroundColor = 0xff0000ff\r\n                            o.width = 60\r\n                            o.height = 160\r\n                            o.margin.setAll(10)\r\n                        }\r\n                    }\r\n                    mkLayoutGrid(o, 0).{\r\n                        o.width = 200\r\n                        o.height = 200\r\n                        o.backgroundColor = 0x33330000\r\n\r\n                        mkView(o, 0).{\r\n                            o.backgroundColor = 0xff0000ff\r\n                            o.width = 60\r\n                            o.height = 60\r\n                            o.margin.setAll(10)\r\n                        }\r\n                        mkView(o, 0).{\r\n                            o.backgroundColor = 0xff0000ff\r\n                            o.width = 60\r\n                            o.height = 60\r\n                            o.margin.setAll(10)\r\n                        }\r\n                        mkView(o, 0).{\r\n                            o.backgroundColor = 0xff0000ff\r\n                            o.width = 60\r\n                            o.height = 60\r\n                            o.margin.setAll(10)\r\n                        }\r\n                        mkView(o, 0).{\r\n                            o.backgroundColor = 0xff0000ff\r\n                            o.width = 60\r\n                            o.height = 60\r\n                            o.margin.setAll(10)\r\n                        }\r\n                    }\r\n                    mkRowWrap(o, 0).{\r\n                        o.width = 200\r\n                        o.height = 200\r\n                        o.backgroundColor = 0x33009900\r\n\r\n                        mkView(o, 0).{\r\n                            o.backgroundColor = 0xff0000ff\r\n                            o.width = 60\r\n                            o.height = 60\r\n                            o.margin.setAll(10)\r\n                        }\r\n                        mkView(o, 0).{\r\n                            o.backgroundColor = 0xff0000ff\r\n                            o.width = 60\r\n                            o.height = 60\r\n                            o.margin.setAll(10)\r\n                        }\r\n                        mkView(o, 0).{\r\n                            o.backgroundColor = 0xff0000ff\r\n                            o.width = 60\r\n                            o.height = 60\r\n                            o.margin.setAll(10)\r\n                        }\r\n                        mkView(o, 0).{\r\n                            o.backgroundColor = 0xff0000ff\r\n                            o.width = 60\r\n                            o.height = 60\r\n                            o.margin.setAll(10)\r\n                        }\r\n                    }\r\n                    layoutAlign(o, 0).{\r\n                        o.width = 200\r\n                        o.height = 200\r\n                        o.backgroundColor = 0x33009900\r\n\r\n                        mkView(o, 0).{\r\n                            o.backgroundColor = 0xfffff06f\r\n                            o.width = 60\r\n                            o.height = 60\r\n                            o.margin.setAll(10)\r\n\r\n                            layoutAlignCell(o, 0).{\r\n                                o.setBottomRight()\r\n                            }\r\n                        }\r\n                        mkView(o, 0).{\r\n                            o.backgroundColor = 0xff6000ff\r\n                            o.width = 60\r\n                            o.height = 60\r\n                            o.margin.setAll(10)\r\n\r\n                            layoutAlignCell(o, 0).{\r\n                                o.setBottomCenter()\r\n                            }\r\n                        }\r\n                        mkView(o, 0).{\r\n                            o.backgroundColor = 0xff00ffff\r\n                            o.width = 60\r\n                            o.height = 60\r\n                            o.margin.setAll(10)\r\n\r\n                            layoutAlignCell(o, 0).{\r\n                                o.setCenter()\r\n                            }\r\n                        }\r\n                        mkView(o, 0).{\r\n                            o.backgroundColor = 0xffff00ff\r\n                            o.width = 60\r\n                            o.height = 60\r\n                            o.margin.setAll(10)\r\n\r\n                            layoutAlignPositionCell(o, 0).{\r\n                                o.left = nan\r\n                                o.right = -60\r\n                                o.top = 3\r\n                            }\r\n                        }\r\n                        mkView(o, 0).{\r\n                            o.backgroundColor = 0xff6f009f\r\n\r\n                            layoutAlignPositionCell(o, 0).{\r\n                                o.left = 10\r\n                                o.right = 150\r\n                                o.top = 30\r\n                                o.bottom = 30\r\n                            }\r\n                        }\r\n                    }\r\n                //}\r\n            }\r\n\r\n\r\n            o.setTitle(\"orc机器人\")\r\n            o.setSize(840, 480)\r\n            o.setPos(400, 200)\r\n            o.show()\r\n        }\r\n\r\n    }\r\n\r\n\r\n\r\n    app.runEventLoop()\r\n\r\n    // testApp()\r\n    // testWindow()\r\n\r\n    // testVec2()\r\n    // // testToast()\r\n    // testRect()\r\n    // testRadius();\r\n    // testInset()\r\n    // testGlobal()\r\n    // testEvent()\r\n    // testEmitter()\r\n    // testEdge()\r\n    // testCursor()\r\n    // testColor()\r\n    // testClipboard()\r\n    // testBorder()\r\n    // testScreen()\r\n    // testTimer();\r\n\r\n\r\n    // testWindow();\r\n\r\n    // int ok = glewInit();\r\n    // printf(\"test Main ctx:%d\\n\", ctx)\r\n    // getchar();\r\n    // printf(\"glewINit:%d\\n\", ok);\r\n    printf(\"glewINit:%d\\n\", 1);\r\n    getchar();\r\n    return 0\r\n}\r\n\r\n"
        }
    ],
    "textDocument": {
        "uri": "file:///d%3A/ws/Sui/orc-linux/src/Main.orc",
        "version": 13
    }
}
didChange:file:///d:/ws/Sui/orc-linux/src/Main.orc 9347 13 
route. id:27, method:textDocument/documentHighlight, params:{
    "position": {
        "character": 0,
        "line": 6
    },
    "textDocument": {
        "uri": "file:///d%3A/ws/Sui/orc-linux/src/Main.orc"
    }
}

response:Content-Length: 37

{"id":27,"jsonrpc":"2.0","result":{}}
buildSymbolSpace_byTextDocument. program
buildSymbolSpace_byTextDocument. mkSpace
buildSymbolSpace_byTextDocument. init symbol builder v isitor
buildSymbolSpace_byTextDocument. SymbolBuilderVisitor.visit
buildSymbolSpace_byTextDocument  for uri file:///d:/ws/Sui/orc-linux/src/Main.orc. version:%d 
didChange succ
buildSymbolSpace_byTextDocument. uri:file:///d:/ws/Sui/orc-linux/src/Main.orc, absPath:d:/ws/Sui/orc-linux/src/Main.orc
buildSymbolSpace_byTextDocument. mk parser
route. id:0, method:textDocument/didChange, params:{
    "contentChanges": [
        {
            "text": "#include <stdio.h>\r\n\r\n// #include \"./NanovgEntry.h\"\r\n\r\n#include \"../UrgcDll/urgc_api.h\"\r\n#include \"Orc/Orc.h\"\r\n// import * from \"./Orc/Thread.orc\"\r\nimport * from \"./Orc/String.orc\"\r\n\r\n \r\n\r\n// import * from \"./Orc/Mutex.orc\"\r\n// import * from \"./Orc/Math.orc\"\r\n// import * from \"./Orc/List.orc\"\r\n// import * from \"./Orc/Map.orc\"\r\n// import * from \"./Orc/Path.orc\"\r\n// import * from \"./Sui/Dialog/Toast.orc\"\r\n// import * from \"./Sui/Core/Vec2.orc\"\r\n// import * from \"./Sui/Core/Rect.orc\"\r\n// import * from \"./Sui/Core/Radius.orc\"\r\n// import * from \"./Sui/Core/Inset.orc\"\r\n// import * from \"./Sui/Core/Global.orc\"\r\n// import * from \"./Sui/Core/Event.orc\"\r\n// import * from \"./Sui/Core/Emitter.orc\"\r\n// import * from \"./Sui/Core/Edge.orc\"\r\n// import * from \"./Sui/Core/Cursor.orc\"\r\n// import * from \"./Sui/Core/Color.orc\"\r\n// import * from \"./Sui/Core/Clipboard.orc\"\r\n// import * from \"./Sui/Core/Border.orc\"\r\n// import * from \"./Sui/Core/Screen.orc\"\r\n// import * from \"./Sui/Core/Timer.orc\"\r\n\r\nextern void windowInit()\r\n// extern void testWindow();\r\n\r\n\r\nvoid initMain(){\r\n    // urgc_start_process_thread();\r\n}\r\n\r\n\r\nint main(){\r\n    if (1){\r\n        printf(\"return \\n\")\r\n        return 0;\r\n    }\r\n    initMain()\r\n    windowInit();\r\n\r\n    printf(\"app used0\\n\")\r\n    App@ app = App_use()\r\n    printf(\"app used\\n\")\r\n    \r\n\r\n    // testWindow()\r\n\r\n    if 1 {\r\n        Window@ win = new Window()\r\n        // win.show();\r\n        win. {\r\n            LayoutLinear@ ll = new LayoutLinear()\r\n            win.rootView = ll\r\n            ll.{\r\n                //layoutLinear(o, 0).{\r\n                    o.width = 400\r\n                    o.height = 400\r\n                    o.backgroundColor = 0x93000000\r\n\r\n                    mkDrawButton(o, 0).{\r\n                        o.text = str(\"submit\")\r\n                        o.onClick = ^void(){\r\n                            // Toast_make(\"click\")\r\n                            app.eachWindow(^void (Window *win){\r\n                                win.rootView.printLayoutTimes(0)\r\n                            })\r\n                        }\r\n                    }\r\n                    mkView(o, 0).{\r\n                        o.backgroundColor = 0xffff0000\r\n                        o.width = 100\r\n                        o.height = 100\r\n                        o.margin.setAll(10)\r\n                    }\r\n                    mkEditText(o, 0).{\r\n                        // o.setText(str(\"hi there buzi buzi\"))\r\n                        // o.width = 200\r\n                        o.color = 0xff000000\r\n                        o.height = 40\r\n                        o.backgroundColor = 0x99999999\r\n                    }\r\n                    mkImageView(o, 0).{\r\n                        o.setSrc(str(\"./asset/SpongeBob.png\"))\r\n                    }\r\n                    mkTextView(o, 0).{\r\n                        o.setText(str(\"hi there buzi buzi\"))\r\n                        // o.width = 200\r\n                        // o.height = 40\r\n                        o.backgroundColor = 0x13ff0000\r\n                    }\r\n                    layoutLinear(o, 0).{\r\n                        o.direction.set(\"column\")\r\n                        o.backgroundColor = 0x33112233\r\n                        mkView(o, 0).{\r\n                            o.backgroundColor = 0xff00ff00\r\n                            o.width = 80\r\n                            o.height = 80\r\n                            o.margin.setAll(10)\r\n                        }\r\n                        mkView(o, 0).{\r\n                            o.backgroundColor = 0xff0000ff\r\n                            o.width = 60\r\n                            o.height = 160\r\n                            o.margin.setAll(10)\r\n                        }\r\n                    }\r\n                    mkLayoutGrid(o, 0).{\r\n                        o.width = 200\r\n                        o.height = 200\r\n                        o.backgroundColor = 0x33330000\r\n\r\n                        mkView(o, 0).{\r\n                            o.backgroundColor = 0xff0000ff\r\n                            o.width = 60\r\n                            o.height = 60\r\n                            o.margin.setAll(10)\r\n                        }\r\n                        mkView(o, 0).{\r\n                            o.backgroundColor = 0xff0000ff\r\n                            o.width = 60\r\n                            o.height = 60\r\n                            o.margin.setAll(10)\r\n                        }\r\n                        mkView(o, 0).{\r\n                            o.backgroundColor = 0xff0000ff\r\n                            o.width = 60\r\n                            o.height = 60\r\n                            o.margin.setAll(10)\r\n                        }\r\n                        mkView(o, 0).{\r\n                            o.backgroundColor = 0xff0000ff\r\n                            o.width = 60\r\n                            o.height = 60\r\n                            o.margin.setAll(10)\r\n                        }\r\n                    }\r\n                    mkRowWrap(o, 0).{\r\n                        o.width = 200\r\n                        o.height = 200\r\n                        o.backgroundColor = 0x33009900\r\n\r\n                        mkView(o, 0).{\r\n                            o.backgroundColor = 0xff0000ff\r\n                            o.width = 60\r\n                            o.height = 60\r\n                            o.margin.setAll(10)\r\n                        }\r\n                        mkView(o, 0).{\r\n                            o.backgroundColor = 0xff0000ff\r\n                            o.width = 60\r\n                            o.height = 60\r\n                            o.margin.setAll(10)\r\n                        }\r\n                        mkView(o, 0).{\r\n                            o.backgroundColor = 0xff0000ff\r\n                            o.width = 60\r\n                            o.height = 60\r\n                            o.margin.setAll(10)\r\n                        }\r\n                        mkView(o, 0).{\r\n                            o.backgroundColor = 0xff0000ff\r\n                            o.width = 60\r\n                            o.height = 60\r\n                            o.margin.setAll(10)\r\n                        }\r\n                    }\r\n                    layoutAlign(o, 0).{\r\n                        o.width = 200\r\n                        o.height = 200\r\n                        o.backgroundColor = 0x33009900\r\n\r\n                        mkView(o, 0).{\r\n                            o.backgroundColor = 0xfffff06f\r\n                            o.width = 60\r\n                            o.height = 60\r\n                            o.margin.setAll(10)\r\n\r\n                            layoutAlignCell(o, 0).{\r\n                                o.setBottomRight()\r\n                            }\r\n                        }\r\n                        mkView(o, 0).{\r\n                            o.backgroundColor = 0xff6000ff\r\n                            o.width = 60\r\n                            o.height = 60\r\n                            o.margin.setAll(10)\r\n\r\n                            layoutAlignCell(o, 0).{\r\n                                o.setBottomCenter()\r\n                            }\r\n                        }\r\n                        mkView(o, 0).{\r\n                            o.backgroundColor = 0xff00ffff\r\n                            o.width = 60\r\n                            o.height = 60\r\n                            o.margin.setAll(10)\r\n\r\n                            layoutAlignCell(o, 0).{\r\n                                o.setCenter()\r\n                            }\r\n                        }\r\n                        mkView(o, 0).{\r\n                            o.backgroundColor = 0xffff00ff\r\n                            o.width = 60\r\n                            o.height = 60\r\n                            o.margin.setAll(10)\r\n\r\n                            layoutAlignPositionCell(o, 0).{\r\n                                o.left = nan\r\n                                o.right = -60\r\n                                o.top = 3\r\n                            }\r\n                        }\r\n                        mkView(o, 0).{\r\n                            o.backgroundColor = 0xff6f009f\r\n\r\n                            layoutAlignPositionCell(o, 0).{\r\n                                o.left = 10\r\n                                o.right = 150\r\n                                o.top = 30\r\n                                o.bottom = 30\r\n                            }\r\n                        }\r\n                    }\r\n                //}\r\n            }\r\n\r\n\r\n            o.setTitle(\"orc机器人\")\r\n            o.setSize(840, 480)\r\n            o.setPos(400, 200)\r\n            o.show()\r\n        }\r\n\r\n    }\r\n\r\n\r\n\r\n    app.runEventLoop()\r\n\r\n    // testApp()\r\n    // testWindow()\r\n\r\n    // testVec2()\r\n    // // testToast()\r\n    // testRect()\r\n    // testRadius();\r\n    // testInset()\r\n    // testGlobal()\r\n    // testEvent()\r\n    // testEmitter()\r\n    // testEdge()\r\n    // testCursor()\r\n    // testColor()\r\n    // testClipboard()\r\n    // testBorder()\r\n    // testScreen()\r\n    // testTimer();\r\n\r\n\r\n    // testWindow();\r\n\r\n    // int ok = glewInit();\r\n    // printf(\"test Main ctx:%d\\n\", ctx)\r\n    // getchar();\r\n    // printf(\"glewINit:%d\\n\", ok);\r\n    printf(\"glewINit:%d\\n\", 1);\r\n    getchar();\r\n    return 0\r\n}\r\n\r\n"
        }
    ],
    "textDocument": {
        "uri": "file:///d%3A/ws/Sui/orc-linux/src/Main.orc",
        "version": 14
    }
}
didChange:file:///d:/ws/Sui/orc-linux/src/Main.orc 9307 14 

server=>client notification:Content-Length: 149

{"jsonrpc":"2.0","method":"textDocument/publishDiagnostics","params":{"diagnostics":[],"uri":"file:///d:/ws/Sui/orc-linux/src/Main.orc","version":8}}
route. id:28, method:textDocument/documentSymbol, params:{
    "textDocument": {
        "uri": "file:///d%3A/ws/Sui/orc-linux/src/Main.orc"
    }
}
ent:file:///d:/ws/Sui/orc-linux/src/Main.orc 
route. id:29, method:textDocument/documentSymbol, params:{
    "textDocument": {
        "uri": "file:///d%3A/ws/Sui/orc-linux/src/Main.orc"
    }
}
ent:file:///d:/ws/Sui/orc-linux/src/Main.orc 
buildSymbolSpace_byTextDocument. program
buildSymbolSpace_byTextDocument. mkSpace
buildSymbolSpace_byTextDocument. init symbol builder v isitor
buildSymbolSpace_byTextDocument. SymbolBuilderVisitor.visit
buildSymbolSpace_byTextDocument  for uri file:///d:/ws/Sui/orc-linux/src/Main.orc. version:%d 
didChange succ
buildSymbolSpace_byTextDocument. uri:file:///d:/ws/Sui/orc-linux/src/Main.orc, absPath:d:/ws/Sui/orc-linux/src/Main.orc
buildSymbolSpace_byTextDocument. mk parser
route. id:30, method:textDocument/documentColor, params:{
    "textDocument": {
        "uri": "file:///d%3A/ws/Sui/orc-linux/src/Main.orc"
    }
}

response:Content-Length: 37

{"id":30,"jsonrpc":"2.0","result":{}}
route. id:0, method:$/cancelRequest, params:{
    "id": 29
}

response:Content-Length: 36

{"id":0,"jsonrpc":"2.0","result":{}}
route. id:0, method:textDocument/didChange, params:{
    "contentChanges": [
        {
            "text": "#include <stdio.h>\r\n\r\n// #include \"./NanovgEntry.h\"\r\n\r\n#include \"../UrgcDll/urgc_api.h\"\r\n#include \"Orc/Orc.h\"\r\nimport * from \"./Orc/String.orc\"\r\n\r\n \r\n\r\n// import * from \"./Orc/Mutex.orc\"\r\n// import * from \"./Orc/Math.orc\"\r\n// import * from \"./Orc/List.orc\"\r\n// import * from \"./Orc/Map.orc\"\r\n// import * from \"./Orc/Path.orc\"\r\n// import * from \"./Sui/Dialog/Toast.orc\"\r\n// import * from \"./Sui/Core/Vec2.orc\"\r\n// import * from \"./Sui/Core/Rect.orc\"\r\n// import * from \"./Sui/Core/Radius.orc\"\r\n// import * from \"./Sui/Core/Inset.orc\"\r\n// import * from \"./Sui/Core/Global.orc\"\r\n// import * from \"./Sui/Core/Event.orc\"\r\n// import * from \"./Sui/Core/Emitter.orc\"\r\n// import * from \"./Sui/Core/Edge.orc\"\r\n// import * from \"./Sui/Core/Cursor.orc\"\r\n// import * from \"./Sui/Core/Color.orc\"\r\n// import * from \"./Sui/Core/Clipboard.orc\"\r\n// import * from \"./Sui/Core/Border.orc\"\r\n// import * from \"./Sui/Core/Screen.orc\"\r\n// import * from \"./Sui/Core/Timer.orc\"\r\n\r\nextern void windowInit()\r\n// extern void testWindow();\r\n\r\n\r\nvoid initMain(){\r\n    // urgc_start_process_thread();\r\n}\r\n\r\n\r\nint main(){\r\n    if (1){\r\n        printf(\"return \\n\")\r\n        return 0;\r\n    }\r\n    initMain()\r\n    windowInit();\r\n\r\n    printf(\"app used0\\n\")\r\n    App@ app = App_use()\r\n    printf(\"app used\\n\")\r\n    \r\n\r\n    // testWindow()\r\n\r\n    if 1 {\r\n        Window@ win = new Window()\r\n        // win.show();\r\n        win. {\r\n            LayoutLinear@ ll = new LayoutLinear()\r\n            win.rootView = ll\r\n            ll.{\r\n                //layoutLinear(o, 0).{\r\n                    o.width = 400\r\n                    o.height = 400\r\n                    o.backgroundColor = 0x93000000\r\n\r\n                    mkDrawButton(o, 0).{\r\n                        o.text = str(\"submit\")\r\n                        o.onClick = ^void(){\r\n                            // Toast_make(\"click\")\r\n                            app.eachWindow(^void (Window *win){\r\n                                win.rootView.printLayoutTimes(0)\r\n                            })\r\n                        }\r\n                    }\r\n                    mkView(o, 0).{\r\n                        o.backgroundColor = 0xffff0000\r\n                        o.width = 100\r\n                        o.height = 100\r\n                        o.margin.setAll(10)\r\n                    }\r\n                    mkEditText(o, 0).{\r\n                        // o.setText(str(\"hi there buzi buzi\"))\r\n                        // o.width = 200\r\n                        o.color = 0xff000000\r\n                        o.height = 40\r\n                        o.backgroundColor = 0x99999999\r\n                    }\r\n                    mkImageView(o, 0).{\r\n                        o.setSrc(str(\"./asset/SpongeBob.png\"))\r\n                    }\r\n                    mkTextView(o, 0).{\r\n                        o.setText(str(\"hi there buzi buzi\"))\r\n                        // o.width = 200\r\n                        // o.height = 40\r\n                        o.backgroundColor = 0x13ff0000\r\n                    }\r\n                    layoutLinear(o, 0).{\r\n                        o.direction.set(\"column\")\r\n                        o.backgroundColor = 0x33112233\r\n                        mkView(o, 0).{\r\n                            o.backgroundColor = 0xff00ff00\r\n                            o.width = 80\r\n                            o.height = 80\r\n                            o.margin.setAll(10)\r\n                        }\r\n                        mkView(o, 0).{\r\n                            o.backgroundColor = 0xff0000ff\r\n                            o.width = 60\r\n                            o.height = 160\r\n                            o.margin.setAll(10)\r\n                        }\r\n                    }\r\n                    mkLayoutGrid(o, 0).{\r\n                        o.width = 200\r\n                        o.height = 200\r\n                        o.backgroundColor = 0x33330000\r\n\r\n                        mkView(o, 0).{\r\n                            o.backgroundColor = 0xff0000ff\r\n                            o.width = 60\r\n                            o.height = 60\r\n                            o.margin.setAll(10)\r\n                        }\r\n                        mkView(o, 0).{\r\n                            o.backgroundColor = 0xff0000ff\r\n                            o.width = 60\r\n                            o.height = 60\r\n                            o.margin.setAll(10)\r\n                        }\r\n                        mkView(o, 0).{\r\n                            o.backgroundColor = 0xff0000ff\r\n                            o.width = 60\r\n                            o.height = 60\r\n                            o.margin.setAll(10)\r\n                        }\r\n                        mkView(o, 0).{\r\n                            o.backgroundColor = 0xff0000ff\r\n                            o.width = 60\r\n                            o.height = 60\r\n                            o.margin.setAll(10)\r\n                        }\r\n                    }\r\n                    mkRowWrap(o, 0).{\r\n                        o.width = 200\r\n                        o.height = 200\r\n                        o.backgroundColor = 0x33009900\r\n\r\n                        mkView(o, 0).{\r\n                            o.backgroundColor = 0xff0000ff\r\n                            o.width = 60\r\n                            o.height = 60\r\n                            o.margin.setAll(10)\r\n                        }\r\n                        mkView(o, 0).{\r\n                            o.backgroundColor = 0xff0000ff\r\n                            o.width = 60\r\n                            o.height = 60\r\n                            o.margin.setAll(10)\r\n                        }\r\n                        mkView(o, 0).{\r\n                            o.backgroundColor = 0xff0000ff\r\n                            o.width = 60\r\n                            o.height = 60\r\n                            o.margin.setAll(10)\r\n                        }\r\n                        mkView(o, 0).{\r\n                            o.backgroundColor = 0xff0000ff\r\n                            o.width = 60\r\n                            o.height = 60\r\n                            o.margin.setAll(10)\r\n                        }\r\n                    }\r\n                    layoutAlign(o, 0).{\r\n                        o.width = 200\r\n                        o.height = 200\r\n                        o.backgroundColor = 0x33009900\r\n\r\n                        mkView(o, 0).{\r\n                            o.backgroundColor = 0xfffff06f\r\n                            o.width = 60\r\n                            o.height = 60\r\n                            o.margin.setAll(10)\r\n\r\n                            layoutAlignCell(o, 0).{\r\n                                o.setBottomRight()\r\n                            }\r\n                        }\r\n                        mkView(o, 0).{\r\n                            o.backgroundColor = 0xff6000ff\r\n                            o.width = 60\r\n                            o.height = 60\r\n                            o.margin.setAll(10)\r\n\r\n                            layoutAlignCell(o, 0).{\r\n                                o.setBottomCenter()\r\n                            }\r\n                        }\r\n                        mkView(o, 0).{\r\n                            o.backgroundColor = 0xff00ffff\r\n                            o.width = 60\r\n                            o.height = 60\r\n                            o.margin.setAll(10)\r\n\r\n                            layoutAlignCell(o, 0).{\r\n                                o.setCenter()\r\n                            }\r\n                        }\r\n                        mkView(o, 0).{\r\n                            o.backgroundColor = 0xffff00ff\r\n                            o.width = 60\r\n                            o.height = 60\r\n                            o.margin.setAll(10)\r\n\r\n                            layoutAlignPositionCell(o, 0).{\r\n                                o.left = nan\r\n                                o.right = -60\r\n                                o.top = 3\r\n                            }\r\n                        }\r\n                        mkView(o, 0).{\r\n                            o.backgroundColor = 0xff6f009f\r\n\r\n                            layoutAlignPositionCell(o, 0).{\r\n                                o.left = 10\r\n                                o.right = 150\r\n                                o.top = 30\r\n                                o.bottom = 30\r\n                            }\r\n                        }\r\n                    }\r\n                //}\r\n            }\r\n\r\n\r\n            o.setTitle(\"orc机器人\")\r\n            o.setSize(840, 480)\r\n            o.setPos(400, 200)\r\n            o.show()\r\n        }\r\n\r\n    }\r\n\r\n\r\n\r\n    app.runEventLoop()\r\n\r\n    // testApp()\r\n    // testWindow()\r\n\r\n    // testVec2()\r\n    // // testToast()\r\n    // testRect()\r\n    // testRadius();\r\n    // testInset()\r\n    // testGlobal()\r\n    // testEvent()\r\n    // testEmitter()\r\n    // testEdge()\r\n    // testCursor()\r\n    // testColor()\r\n    // testClipboard()\r\n    // testBorder()\r\n    // testScreen()\r\n    // testTimer();\r\n\r\n\r\n    // testWindow();\r\n\r\n    // int ok = glewInit();\r\n    // printf(\"test Main ctx:%d\\n\", ctx)\r\n    // getchar();\r\n    // printf(\"glewINit:%d\\n\", ok);\r\n    printf(\"glewINit:%d\\n\", 1);\r\n    getchar();\r\n    return 0\r\n}\r\n\r\n"
        }
    ],
    "textDocument": {
        "uri": "file:///d%3A/ws/Sui/orc-linux/src/Main.orc",
        "version": 15
    }
}
didChange:file:///d:/ws/Sui/orc-linux/src/Main.orc 9270 15 
route. id:31, method:textDocument/documentHighlight, params:{
    "position": {
        "character": 0,
        "line": 6
    },
    "textDocument": {
        "uri": "file:///d%3A/ws/Sui/orc-linux/src/Main.orc"
    }
}

response:Content-Length: 37

{"id":31,"jsonrpc":"2.0","result":{}}

server=>client notification:Content-Length: 149

{"jsonrpc":"2.0","method":"textDocument/publishDiagnostics","params":{"diagnostics":[],"uri":"file:///d:/ws/Sui/orc-linux/src/Main.orc","version":8}}
buildSymbolSpace_byTextDocument. program
buildSymbolSpace_byTextDocument. mkSpace
buildSymbolSpace_byTextDocument. init symbol builder v isitor
buildSymbolSpace_byTextDocument. SymbolBuilderVisitor.visit
buildSymbolSpace_byTextDocument  for uri file:///d:/ws/Sui/orc-linux/src/Main.orc. version:%d 
didChange succ
buildSymbolSpace_byTextDocument. uri:file:///d:/ws/Sui/orc-linux/src/Main.orc, absPath:d:/ws/Sui/orc-linux/src/Main.orc
buildSymbolSpace_byTextDocument. mk parser
route. id:32, method:textDocument/documentSymbol, params:{
    "textDocument": {
        "uri": "file:///d%3A/ws/Sui/orc-linux/src/Main.orc"
    }
}
ent:file:///d:/ws/Sui/orc-linux/src/Main.orc 
route. id:0, method:$/cancelRequest, params:{
    "id": 28
}

response:Content-Length: 36

{"id":0,"jsonrpc":"2.0","result":{}}
route. id:33, method:textDocument/documentSymbol, params:{
    "textDocument": {
        "uri": "file:///d%3A/ws/Sui/orc-linux/src/Main.orc"
    }
}
ent:file:///d:/ws/Sui/orc-linux/src/Main.orc 
route. id:34, method:textDocument/documentSymbol, params:{
    "textDocument": {
        "uri": "file:///d%3A/ws/Sui/orc-linux/src/Main.orc"
    }
}
ent:file:///d:/ws/Sui/orc-linux/src/Main.orc 
buildSymbolSpace_byTextDocument. program
buildSymbolSpace_byTextDocument. mkSpace
buildSymbolSpace_byTextDocument. init symbol builder v isitor
buildSymbolSpace_byTextDocument. SymbolBuilderVisitor.visit
buildSymbolSpace_byTextDocument  for uri file:///d:/ws/Sui/orc-linux/src/Main.orc. version:%d 
didChange succ
buildSymbolSpace_byTextDocument. uri:file:///d:/ws/Sui/orc-linux/src/Main.orc, absPath:d:/ws/Sui/orc-linux/src/Main.orc
buildSymbolSpace_byTextDocument. mk parser

server=>client notification:Content-Length: 149

{"jsonrpc":"2.0","method":"textDocument/publishDiagnostics","params":{"diagnostics":[],"uri":"file:///d:/ws/Sui/orc-linux/src/Main.orc","version":8}}
route. id:35, method:textDocument/codeAction, params:{
    "context": {
        "diagnostics": []
    },
    "range": {
        "end": {
            "character": 0,
            "line": 10
        },
        "start": {
            "character": 0,
            "line": 10
        }
    },
    "textDocument": {
        "uri": "file:///d%3A/ws/Sui/orc-linux/src/Main.orc"
    }
}
codeAction succ

response:Content-Length: 383

{"id":35,"jsonrpc":"2.0","result":[{"command":{"arguments":[{"context":{"diagnostics":[],"only":[],"triggerKind":0},"range":{"end":{"character":0,"line":10},"start":{"character":0,"line":10}},"textDocument":{"uri":"file:///d:/ws/Sui/orc-linux/src/Main.orc"}}],"command":"orclsp.import","title":"orclsp.import"},"diagnostics":[],"isPrefered":true,"kind":"refactor","title":"import"}]}
buildSymbolSpace_byTextDocument. program
buildSymbolSpace_byTextDocument. mkSpace
buildSymbolSpace_byTextDocument. init symbol builder v isitor
buildSymbolSpace_byTextDocument. SymbolBuilderVisitor.visit
buildSymbolSpace_byTextDocument  for uri file:///d:/ws/Sui/orc-linux/src/Main.orc. version:%d 
didChange succ
buildSymbolSpace_byTextDocument. uri:file:///d:/ws/Sui/orc-linux/src/Main.orc, absPath:d:/ws/Sui/orc-linux/src/Main.orc
buildSymbolSpace_byTextDocument. mk parser
route. id:36, method:textDocument/documentLink, params:{
    "textDocument": {
        "uri": "file:///d%3A/ws/Sui/orc-linux/src/Main.orc"
    }
}

response:Content-Length: 37

{"id":36,"jsonrpc":"2.0","result":{}}
route. id:37, method:textDocument/documentColor, params:{
    "textDocument": {
        "uri": "file:///d%3A/ws/Sui/orc-linux/src/Main.orc"
    }
}

response:Content-Length: 37

{"id":37,"jsonrpc":"2.0","result":{}}
route. id:0, method:$/cancelRequest, params:{
    "id": 34
}

response:Content-Length: 36

{"id":0,"jsonrpc":"2.0","result":{}}

server=>client notification:Content-Length: 149

{"jsonrpc":"2.0","method":"textDocument/publishDiagnostics","params":{"diagnostics":[],"uri":"file:///d:/ws/Sui/orc-linux/src/Main.orc","version":8}}
route. id:0, method:textDocument/didChange, params:{
    "contentChanges": [
        {
            "text": "#include <stdio.h>\r\n\r\n// #include \"./NanovgEntry.h\"\r\n\r\n#include \"../UrgcDll/urgc_api.h\"\r\n#include \"Orc/Orc.h\"\r\nimport * from \"./Orc/String.orc\"\r\n\r\n \r\n\r\n// import * from \"./Orc/List.orc\"\r\n// import * from \"./Orc/Map.orc\"\r\n// import * from \"./Orc/Path.orc\"\r\n// import * from \"./Sui/Dialog/Toast.orc\"\r\n// import * from \"./Sui/Core/Vec2.orc\"\r\n// import * from \"./Sui/Core/Rect.orc\"\r\n// import * from \"./Sui/Core/Radius.orc\"\r\n// import * from \"./Sui/Core/Inset.orc\"\r\n// import * from \"./Sui/Core/Global.orc\"\r\n// import * from \"./Sui/Core/Event.orc\"\r\n// import * from \"./Sui/Core/Emitter.orc\"\r\n// import * from \"./Sui/Core/Edge.orc\"\r\n// import * from \"./Sui/Core/Cursor.orc\"\r\n// import * from \"./Sui/Core/Color.orc\"\r\n// import * from \"./Sui/Core/Clipboard.orc\"\r\n// import * from \"./Sui/Core/Border.orc\"\r\n// import * from \"./Sui/Core/Screen.orc\"\r\n// import * from \"./Sui/Core/Timer.orc\"\r\n\r\nextern void windowInit()\r\n// extern void testWindow();\r\n\r\n\r\nvoid initMain(){\r\n    // urgc_start_process_thread();\r\n}\r\n\r\n\r\nint main(){\r\n    if (1){\r\n        printf(\"return \\n\")\r\n        return 0;\r\n    }\r\n    initMain()\r\n    windowInit();\r\n\r\n    printf(\"app used0\\n\")\r\n    App@ app = App_use()\r\n    printf(\"app used\\n\")\r\n    \r\n\r\n    // testWindow()\r\n\r\n    if 1 {\r\n        Window@ win = new Window()\r\n        // win.show();\r\n        win. {\r\n            LayoutLinear@ ll = new LayoutLinear()\r\n            win.rootView = ll\r\n            ll.{\r\n                //layoutLinear(o, 0).{\r\n                    o.width = 400\r\n                    o.height = 400\r\n                    o.backgroundColor = 0x93000000\r\n\r\n                    mkDrawButton(o, 0).{\r\n                        o.text = str(\"submit\")\r\n                        o.onClick = ^void(){\r\n                            // Toast_make(\"click\")\r\n                            app.eachWindow(^void (Window *win){\r\n                                win.rootView.printLayoutTimes(0)\r\n                            })\r\n                        }\r\n                    }\r\n                    mkView(o, 0).{\r\n                        o.backgroundColor = 0xffff0000\r\n                        o.width = 100\r\n                        o.height = 100\r\n                        o.margin.setAll(10)\r\n                    }\r\n                    mkEditText(o, 0).{\r\n                        // o.setText(str(\"hi there buzi buzi\"))\r\n                        // o.width = 200\r\n                        o.color = 0xff000000\r\n                        o.height = 40\r\n                        o.backgroundColor = 0x99999999\r\n                    }\r\n                    mkImageView(o, 0).{\r\n                        o.setSrc(str(\"./asset/SpongeBob.png\"))\r\n                    }\r\n                    mkTextView(o, 0).{\r\n                        o.setText(str(\"hi there buzi buzi\"))\r\n                        // o.width = 200\r\n                        // o.height = 40\r\n                        o.backgroundColor = 0x13ff0000\r\n                    }\r\n                    layoutLinear(o, 0).{\r\n                        o.direction.set(\"column\")\r\n                        o.backgroundColor = 0x33112233\r\n                        mkView(o, 0).{\r\n                            o.backgroundColor = 0xff00ff00\r\n                            o.width = 80\r\n                            o.height = 80\r\n                            o.margin.setAll(10)\r\n                        }\r\n                        mkView(o, 0).{\r\n                            o.backgroundColor = 0xff0000ff\r\n                            o.width = 60\r\n                            o.height = 160\r\n                            o.margin.setAll(10)\r\n                        }\r\n                    }\r\n                    mkLayoutGrid(o, 0).{\r\n                        o.width = 200\r\n                        o.height = 200\r\n                        o.backgroundColor = 0x33330000\r\n\r\n                        mkView(o, 0).{\r\n                            o.backgroundColor = 0xff0000ff\r\n                            o.width = 60\r\n                            o.height = 60\r\n                            o.margin.setAll(10)\r\n                        }\r\n                        mkView(o, 0).{\r\n                            o.backgroundColor = 0xff0000ff\r\n                            o.width = 60\r\n                            o.height = 60\r\n                            o.margin.setAll(10)\r\n                        }\r\n                        mkView(o, 0).{\r\n                            o.backgroundColor = 0xff0000ff\r\n                            o.width = 60\r\n                            o.height = 60\r\n                            o.margin.setAll(10)\r\n                        }\r\n                        mkView(o, 0).{\r\n                            o.backgroundColor = 0xff0000ff\r\n                            o.width = 60\r\n                            o.height = 60\r\n                            o.margin.setAll(10)\r\n                        }\r\n                    }\r\n                    mkRowWrap(o, 0).{\r\n                        o.width = 200\r\n                        o.height = 200\r\n                        o.backgroundColor = 0x33009900\r\n\r\n                        mkView(o, 0).{\r\n                            o.backgroundColor = 0xff0000ff\r\n                            o.width = 60\r\n                            o.height = 60\r\n                            o.margin.setAll(10)\r\n                        }\r\n                        mkView(o, 0).{\r\n                            o.backgroundColor = 0xff0000ff\r\n                            o.width = 60\r\n                            o.height = 60\r\n                            o.margin.setAll(10)\r\n                        }\r\n                        mkView(o, 0).{\r\n                            o.backgroundColor = 0xff0000ff\r\n                            o.width = 60\r\n                            o.height = 60\r\n                            o.margin.setAll(10)\r\n                        }\r\n                        mkView(o, 0).{\r\n                            o.backgroundColor = 0xff0000ff\r\n                            o.width = 60\r\n                            o.height = 60\r\n                            o.margin.setAll(10)\r\n                        }\r\n                    }\r\n                    layoutAlign(o, 0).{\r\n                        o.width = 200\r\n                        o.height = 200\r\n                        o.backgroundColor = 0x33009900\r\n\r\n                        mkView(o, 0).{\r\n                            o.backgroundColor = 0xfffff06f\r\n                            o.width = 60\r\n                            o.height = 60\r\n                            o.margin.setAll(10)\r\n\r\n                            layoutAlignCell(o, 0).{\r\n                                o.setBottomRight()\r\n                            }\r\n                        }\r\n                        mkView(o, 0).{\r\n                            o.backgroundColor = 0xff6000ff\r\n                            o.width = 60\r\n                            o.height = 60\r\n                            o.margin.setAll(10)\r\n\r\n                            layoutAlignCell(o, 0).{\r\n                                o.setBottomCenter()\r\n                            }\r\n                        }\r\n                        mkView(o, 0).{\r\n                            o.backgroundColor = 0xff00ffff\r\n                            o.width = 60\r\n                            o.height = 60\r\n                            o.margin.setAll(10)\r\n\r\n                            layoutAlignCell(o, 0).{\r\n                                o.setCenter()\r\n                            }\r\n                        }\r\n                        mkView(o, 0).{\r\n                            o.backgroundColor = 0xffff00ff\r\n                            o.width = 60\r\n                            o.height = 60\r\n                            o.margin.setAll(10)\r\n\r\n                            layoutAlignPositionCell(o, 0).{\r\n                                o.left = nan\r\n                                o.right = -60\r\n                                o.top = 3\r\n                            }\r\n                        }\r\n                        mkView(o, 0).{\r\n                            o.backgroundColor = 0xff6f009f\r\n\r\n                            layoutAlignPositionCell(o, 0).{\r\n                                o.left = 10\r\n                                o.right = 150\r\n                                o.top = 30\r\n                                o.bottom = 30\r\n                            }\r\n                        }\r\n                    }\r\n                //}\r\n            }\r\n\r\n\r\n            o.setTitle(\"orc机器人\")\r\n            o.setSize(840, 480)\r\n            o.setPos(400, 200)\r\n            o.show()\r\n        }\r\n\r\n    }\r\n\r\n\r\n\r\n    app.runEventLoop()\r\n\r\n    // testApp()\r\n    // testWindow()\r\n\r\n    // testVec2()\r\n    // // testToast()\r\n    // testRect()\r\n    // testRadius();\r\n    // testInset()\r\n    // testGlobal()\r\n    // testEvent()\r\n    // testEmitter()\r\n    // testEdge()\r\n    // testCursor()\r\n    // testColor()\r\n    // testClipboard()\r\n    // testBorder()\r\n    // testScreen()\r\n    // testTimer();\r\n\r\n\r\n    // testWindow();\r\n\r\n    // int ok = glewInit();\r\n    // printf(\"test Main ctx:%d\\n\", ctx)\r\n    // getchar();\r\n    // printf(\"glewINit:%d\\n\", ok);\r\n    printf(\"glewINit:%d\\n\", 1);\r\n    getchar();\r\n    return 0\r\n}\r\n\r\n"
        }
    ],
    "textDocument": {
        "uri": "file:///d%3A/ws/Sui/orc-linux/src/Main.orc",
        "version": 17
    }
}
didChange:file:///d:/ws/Sui/orc-linux/src/Main.orc 9199 17 
buildSymbolSpace_byTextDocument. program
buildSymbolSpace_byTextDocument. mkSpace
buildSymbolSpace_byTextDocument. init symbol builder v isitor
buildSymbolSpace_byTextDocument. SymbolBuilderVisitor.visit
buildSymbolSpace_byTextDocument  for uri file:///d:/ws/Sui/orc-linux/src/Main.orc. version:%d 
didChange succ
buildSymbolSpace_byTextDocument. uri:file:///d:/ws/Sui/orc-linux/src/Main.orc, absPath:d:/ws/Sui/orc-linux/src/Main.orc
buildSymbolSpace_byTextDocument. mk parser
route. id:38, method:textDocument/documentSymbol, params:{
    "textDocument": {
        "uri": "file:///d%3A/ws/Sui/orc-linux/src/Main.orc"
    }
}
ent:file:///d:/ws/Sui/orc-linux/src/Main.orc 
route. id:0, method:$/cancelRequest, params:{
    "id": 32
}

response:Content-Length: 36

{"id":0,"jsonrpc":"2.0","result":{}}
route. id:39, method:textDocument/documentSymbol, params:{
    "textDocument": {
        "uri": "file:///d%3A/ws/Sui/orc-linux/src/Main.orc"
    }
}
ent:file:///d:/ws/Sui/orc-linux/src/Main.orc 
route. id:0, method:$/cancelRequest, params:{
    "id": 33
}

response:Content-Length: 36

{"id":0,"jsonrpc":"2.0","result":{}}
route. id:40, method:textDocument/documentSymbol, params:{
    "textDocument": {
        "uri": "file:///d%3A/ws/Sui/orc-linux/src/Main.orc"
    }
}
ent:file:///d:/ws/Sui/orc-linux/src/Main.orc 

server=>client notification:Content-Length: 149

{"jsonrpc":"2.0","method":"textDocument/publishDiagnostics","params":{"diagnostics":[],"uri":"file:///d:/ws/Sui/orc-linux/src/Main.orc","version":8}}
route. id:0, method:$/cancelRequest, params:{
    "id": 38
}

response:Content-Length: 36

{"id":0,"jsonrpc":"2.0","result":{}}
buildSymbolSpace_byTextDocument. program
buildSymbolSpace_byTextDocument. mkSpace
buildSymbolSpace_byTextDocument. init symbol builder v isitor
buildSymbolSpace_byTextDocument. SymbolBuilderVisitor.visit
buildSymbolSpace_byTextDocument  for uri file:///d:/ws/Sui/orc-linux/src/Main.orc. version:%d 
didChange succ
buildSymbolSpace_byTextDocument. uri:file:///d:/ws/Sui/orc-linux/src/Main.orc, absPath:d:/ws/Sui/orc-linux/src/Main.orc
buildSymbolSpace_byTextDocument. mk parser
route. id:0, method:textDocument/didChange, params:{
    "contentChanges": [
        {
            "text": "#include <stdio.h>\r\n\r\n// #include \"./NanovgEntry.h\"\r\n\r\n#include \"../UrgcDll/urgc_api.h\"\r\n#include \"Orc/Orc.h\"\r\nimport * from \"./Orc/String.orc\"\r\n\r\n \r\n\r\n// import * from \"./Sui/Core/Cursor.orc\"\r\n// import * from \"./Sui/Core/Color.orc\"\r\n// import * from \"./Sui/Core/Clipboard.orc\"\r\n// import * from \"./Sui/Core/Border.orc\"\r\n// import * from \"./Sui/Core/Screen.orc\"\r\n// import * from \"./Sui/Core/Timer.orc\"\r\n\r\nextern void windowInit()\r\n// extern void testWindow();\r\n\r\n\r\nvoid initMain(){\r\n    // urgc_start_process_thread();\r\n}\r\n\r\n\r\nint main(){\r\n    if (1){\r\n        printf(\"return \\n\")\r\n        return 0;\r\n    }\r\n    initMain()\r\n    windowInit();\r\n\r\n    printf(\"app used0\\n\")\r\n    App@ app = App_use()\r\n    printf(\"app used\\n\")\r\n    \r\n\r\n    // testWindow()\r\n\r\n    if 1 {\r\n        Window@ win = new Window()\r\n        // win.show();\r\n        win. {\r\n            LayoutLinear@ ll = new LayoutLinear()\r\n            win.rootView = ll\r\n            ll.{\r\n                //layoutLinear(o, 0).{\r\n                    o.width = 400\r\n                    o.height = 400\r\n                    o.backgroundColor = 0x93000000\r\n\r\n                    mkDrawButton(o, 0).{\r\n                        o.text = str(\"submit\")\r\n                        o.onClick = ^void(){\r\n                            // Toast_make(\"click\")\r\n                            app.eachWindow(^void (Window *win){\r\n                                win.rootView.printLayoutTimes(0)\r\n                            })\r\n                        }\r\n                    }\r\n                    mkView(o, 0).{\r\n                        o.backgroundColor = 0xffff0000\r\n                        o.width = 100\r\n                        o.height = 100\r\n                        o.margin.setAll(10)\r\n                    }\r\n                    mkEditText(o, 0).{\r\n                        // o.setText(str(\"hi there buzi buzi\"))\r\n                        // o.width = 200\r\n                        o.color = 0xff000000\r\n                        o.height = 40\r\n                        o.backgroundColor = 0x99999999\r\n                    }\r\n                    mkImageView(o, 0).{\r\n                        o.setSrc(str(\"./asset/SpongeBob.png\"))\r\n                    }\r\n                    mkTextView(o, 0).{\r\n                        o.setText(str(\"hi there buzi buzi\"))\r\n                        // o.width = 200\r\n                        // o.height = 40\r\n                        o.backgroundColor = 0x13ff0000\r\n                    }\r\n                    layoutLinear(o, 0).{\r\n                        o.direction.set(\"column\")\r\n                        o.backgroundColor = 0x33112233\r\n                        mkView(o, 0).{\r\n                            o.backgroundColor = 0xff00ff00\r\n                            o.width = 80\r\n                            o.height = 80\r\n                            o.margin.setAll(10)\r\n                        }\r\n                        mkView(o, 0).{\r\n                            o.backgroundColor = 0xff0000ff\r\n                            o.width = 60\r\n                            o.height = 160\r\n                            o.margin.setAll(10)\r\n                        }\r\n                    }\r\n                    mkLayoutGrid(o, 0).{\r\n                        o.width = 200\r\n                        o.height = 200\r\n                        o.backgroundColor = 0x33330000\r\n\r\n                        mkView(o, 0).{\r\n                            o.backgroundColor = 0xff0000ff\r\n                            o.width = 60\r\n                            o.height = 60\r\n                            o.margin.setAll(10)\r\n                        }\r\n                        mkView(o, 0).{\r\n                            o.backgroundColor = 0xff0000ff\r\n                            o.width = 60\r\n                            o.height = 60\r\n                            o.margin.setAll(10)\r\n                        }\r\n                        mkView(o, 0).{\r\n                            o.backgroundColor = 0xff0000ff\r\n                            o.width = 60\r\n                            o.height = 60\r\n                            o.margin.setAll(10)\r\n                        }\r\n                        mkView(o, 0).{\r\n                            o.backgroundColor = 0xff0000ff\r\n                            o.width = 60\r\n                            o.height = 60\r\n                            o.margin.setAll(10)\r\n                        }\r\n                    }\r\n                    mkRowWrap(o, 0).{\r\n                        o.width = 200\r\n                        o.height = 200\r\n                        o.backgroundColor = 0x33009900\r\n\r\n                        mkView(o, 0).{\r\n                            o.backgroundColor = 0xff0000ff\r\n                            o.width = 60\r\n                            o.height = 60\r\n                            o.margin.setAll(10)\r\n                        }\r\n                        mkView(o, 0).{\r\n                            o.backgroundColor = 0xff0000ff\r\n                            o.width = 60\r\n                            o.height = 60\r\n                            o.margin.setAll(10)\r\n                        }\r\n                        mkView(o, 0).{\r\n                            o.backgroundColor = 0xff0000ff\r\n                            o.width = 60\r\n                            o.height = 60\r\n                            o.margin.setAll(10)\r\n                        }\r\n                        mkView(o, 0).{\r\n                            o.backgroundColor = 0xff0000ff\r\n                            o.width = 60\r\n                            o.height = 60\r\n                            o.margin.setAll(10)\r\n                        }\r\n                    }\r\n                    layoutAlign(o, 0).{\r\n                        o.width = 200\r\n                        o.height = 200\r\n                        o.backgroundColor = 0x33009900\r\n\r\n                        mkView(o, 0).{\r\n                            o.backgroundColor = 0xfffff06f\r\n                            o.width = 60\r\n                            o.height = 60\r\n                            o.margin.setAll(10)\r\n\r\n                            layoutAlignCell(o, 0).{\r\n                                o.setBottomRight()\r\n                            }\r\n                        }\r\n                        mkView(o, 0).{\r\n                            o.backgroundColor = 0xff6000ff\r\n                            o.width = 60\r\n                            o.height = 60\r\n                            o.margin.setAll(10)\r\n\r\n                            layoutAlignCell(o, 0).{\r\n                                o.setBottomCenter()\r\n                            }\r\n                        }\r\n                        mkView(o, 0).{\r\n                            o.backgroundColor = 0xff00ffff\r\n                            o.width = 60\r\n                            o.height = 60\r\n                            o.margin.setAll(10)\r\n\r\n                            layoutAlignCell(o, 0).{\r\n                                o.setCenter()\r\n                            }\r\n                        }\r\n                        mkView(o, 0).{\r\n                            o.backgroundColor = 0xffff00ff\r\n                            o.width = 60\r\n                            o.height = 60\r\n                            o.margin.setAll(10)\r\n\r\n                            layoutAlignPositionCell(o, 0).{\r\n                                o.left = nan\r\n                                o.right = -60\r\n                                o.top = 3\r\n                            }\r\n                        }\r\n                        mkView(o, 0).{\r\n                            o.backgroundColor = 0xff6f009f\r\n\r\n                            layoutAlignPositionCell(o, 0).{\r\n                                o.left = 10\r\n                                o.right = 150\r\n                                o.top = 30\r\n                                o.bottom = 30\r\n                            }\r\n                        }\r\n                    }\r\n                //}\r\n            }\r\n\r\n\r\n            o.setTitle(\"orc机器人\")\r\n            o.setSize(840, 480)\r\n            o.setPos(400, 200)\r\n            o.show()\r\n        }\r\n\r\n    }\r\n\r\n\r\n\r\n    app.runEventLoop()\r\n\r\n    // testApp()\r\n    // testWindow()\r\n\r\n    // testVec2()\r\n    // // testToast()\r\n    // testRect()\r\n    // testRadius();\r\n    // testInset()\r\n    // testGlobal()\r\n    // testEvent()\r\n    // testEmitter()\r\n    // testEdge()\r\n    // testCursor()\r\n    // testColor()\r\n    // testClipboard()\r\n    // testBorder()\r\n    // testScreen()\r\n    // testTimer();\r\n\r\n\r\n    // testWindow();\r\n\r\n    // int ok = glewInit();\r\n    // printf(\"test Main ctx:%d\\n\", ctx)\r\n    // getchar();\r\n    // printf(\"glewINit:%d\\n\", ok);\r\n    printf(\"glewINit:%d\\n\", 1);\r\n    getchar();\r\n    return 0\r\n}\r\n\r\n"
        }
    ],
    "textDocument": {
        "uri": "file:///d%3A/ws/Sui/orc-linux/src/Main.orc",
        "version": 29
    }
}
didChange:file:///d:/ws/Sui/orc-linux/src/Main.orc 8723 29 
route. id:41, method:textDocument/documentSymbol, params:{
    "textDocument": {
        "uri": "file:///d%3A/ws/Sui/orc-linux/src/Main.orc"
    }
}
ent:file:///d:/ws/Sui/orc-linux/src/Main.orc 
route. id:0, method:textDocument/didChange, params:{
    "contentChanges": [
        {
            "text": "#include <stdio.h>\r\n\r\n// #include \"./NanovgEntry.h\"\r\n\r\n#include \"../UrgcDll/urgc_api.h\"\r\n#include \"Orc/Orc.h\"\r\nimport * from \"./Orc/String.orc\"\r\n\r\n \r\n\r\n// import * from \"./Sui/Core/Color.orc\"\r\n// import * from \"./Sui/Core/Clipboard.orc\"\r\n// import * from \"./Sui/Core/Border.orc\"\r\n// import * from \"./Sui/Core/Screen.orc\"\r\n// import * from \"./Sui/Core/Timer.orc\"\r\n\r\nextern void windowInit()\r\n// extern void testWindow();\r\n\r\n\r\nvoid initMain(){\r\n    // urgc_start_process_thread();\r\n}\r\n\r\n\r\nint main(){\r\n    if (1){\r\n        printf(\"return \\n\")\r\n        return 0;\r\n    }\r\n    initMain()\r\n    windowInit();\r\n\r\n    printf(\"app used0\\n\")\r\n    App@ app = App_use()\r\n    printf(\"app used\\n\")\r\n    \r\n\r\n    // testWindow()\r\n\r\n    if 1 {\r\n        Window@ win = new Window()\r\n        // win.show();\r\n        win. {\r\n            LayoutLinear@ ll = new LayoutLinear()\r\n            win.rootView = ll\r\n            ll.{\r\n                //layoutLinear(o, 0).{\r\n                    o.width = 400\r\n                    o.height = 400\r\n                    o.backgroundColor = 0x93000000\r\n\r\n                    mkDrawButton(o, 0).{\r\n                        o.text = str(\"submit\")\r\n                        o.onClick = ^void(){\r\n                            // Toast_make(\"click\")\r\n                            app.eachWindow(^void (Window *win){\r\n                                win.rootView.printLayoutTimes(0)\r\n                            })\r\n                        }\r\n                    }\r\n                    mkView(o, 0).{\r\n                        o.backgroundColor = 0xffff0000\r\n                        o.width = 100\r\n                        o.height = 100\r\n                        o.margin.setAll(10)\r\n                    }\r\n                    mkEditText(o, 0).{\r\n                        // o.setText(str(\"hi there buzi buzi\"))\r\n                        // o.width = 200\r\n                        o.color = 0xff000000\r\n                        o.height = 40\r\n                        o.backgroundColor = 0x99999999\r\n                    }\r\n                    mkImageView(o, 0).{\r\n                        o.setSrc(str(\"./asset/SpongeBob.png\"))\r\n                    }\r\n                    mkTextView(o, 0).{\r\n                        o.setText(str(\"hi there buzi buzi\"))\r\n                        // o.width = 200\r\n                        // o.height = 40\r\n                        o.backgroundColor = 0x13ff0000\r\n                    }\r\n                    layoutLinear(o, 0).{\r\n                        o.direction.set(\"column\")\r\n                        o.backgroundColor = 0x33112233\r\n                        mkView(o, 0).{\r\n                            o.backgroundColor = 0xff00ff00\r\n                            o.width = 80\r\n                            o.height = 80\r\n                            o.margin.setAll(10)\r\n                        }\r\n                        mkView(o, 0).{\r\n                            o.backgroundColor = 0xff0000ff\r\n                            o.width = 60\r\n                            o.height = 160\r\n                            o.margin.setAll(10)\r\n                        }\r\n                    }\r\n                    mkLayoutGrid(o, 0).{\r\n                        o.width = 200\r\n                        o.height = 200\r\n                        o.backgroundColor = 0x33330000\r\n\r\n                        mkView(o, 0).{\r\n                            o.backgroundColor = 0xff0000ff\r\n                            o.width = 60\r\n                            o.height = 60\r\n                            o.margin.setAll(10)\r\n                        }\r\n                        mkView(o, 0).{\r\n                            o.backgroundColor = 0xff0000ff\r\n                            o.width = 60\r\n                            o.height = 60\r\n                            o.margin.setAll(10)\r\n                        }\r\n                        mkView(o, 0).{\r\n                            o.backgroundColor = 0xff0000ff\r\n                            o.width = 60\r\n                            o.height = 60\r\n                            o.margin.setAll(10)\r\n                        }\r\n                        mkView(o, 0).{\r\n                            o.backgroundColor = 0xff0000ff\r\n                            o.width = 60\r\n                            o.height = 60\r\n                            o.margin.setAll(10)\r\n                        }\r\n                    }\r\n                    mkRowWrap(o, 0).{\r\n                        o.width = 200\r\n                        o.height = 200\r\n                        o.backgroundColor = 0x33009900\r\n\r\n                        mkView(o, 0).{\r\n                            o.backgroundColor = 0xff0000ff\r\n                            o.width = 60\r\n                            o.height = 60\r\n                            o.margin.setAll(10)\r\n                        }\r\n                        mkView(o, 0).{\r\n                            o.backgroundColor = 0xff0000ff\r\n                            o.width = 60\r\n                            o.height = 60\r\n                            o.margin.setAll(10)\r\n                        }\r\n                        mkView(o, 0).{\r\n                            o.backgroundColor = 0xff0000ff\r\n                            o.width = 60\r\n                            o.height = 60\r\n                            o.margin.setAll(10)\r\n                        }\r\n                        mkView(o, 0).{\r\n                            o.backgroundColor = 0xff0000ff\r\n                            o.width = 60\r\n                            o.height = 60\r\n                            o.margin.setAll(10)\r\n                        }\r\n                    }\r\n                    layoutAlign(o, 0).{\r\n                        o.width = 200\r\n                        o.height = 200\r\n                        o.backgroundColor = 0x33009900\r\n\r\n                        mkView(o, 0).{\r\n                            o.backgroundColor = 0xfffff06f\r\n                            o.width = 60\r\n                            o.height = 60\r\n                            o.margin.setAll(10)\r\n\r\n                            layoutAlignCell(o, 0).{\r\n                                o.setBottomRight()\r\n                            }\r\n                        }\r\n                        mkView(o, 0).{\r\n                            o.backgroundColor = 0xff6000ff\r\n                            o.width = 60\r\n                            o.height = 60\r\n                            o.margin.setAll(10)\r\n\r\n                            layoutAlignCell(o, 0).{\r\n                                o.setBottomCenter()\r\n                            }\r\n                        }\r\n                        mkView(o, 0).{\r\n                            o.backgroundColor = 0xff00ffff\r\n                            o.width = 60\r\n                            o.height = 60\r\n                            o.margin.setAll(10)\r\n\r\n                            layoutAlignCell(o, 0).{\r\n                                o.setCenter()\r\n                            }\r\n                        }\r\n                        mkView(o, 0).{\r\n                            o.backgroundColor = 0xffff00ff\r\n                            o.width = 60\r\n                            o.height = 60\r\n                            o.margin.setAll(10)\r\n\r\n                            layoutAlignPositionCell(o, 0).{\r\n                                o.left = nan\r\n                                o.right = -60\r\n                                o.top = 3\r\n                            }\r\n                        }\r\n                        mkView(o, 0).{\r\n                            o.backgroundColor = 0xff6f009f\r\n\r\n                            layoutAlignPositionCell(o, 0).{\r\n                                o.left = 10\r\n                                o.right = 150\r\n                                o.top = 30\r\n                                o.bottom = 30\r\n                            }\r\n                        }\r\n                    }\r\n                //}\r\n            }\r\n\r\n\r\n            o.setTitle(\"orc机器人\")\r\n            o.setSize(840, 480)\r\n            o.setPos(400, 200)\r\n            o.show()\r\n        }\r\n\r\n    }\r\n\r\n\r\n\r\n    app.runEventLoop()\r\n\r\n    // testApp()\r\n    // testWindow()\r\n\r\n    // testVec2()\r\n    // // testToast()\r\n    // testRect()\r\n    // testRadius();\r\n    // testInset()\r\n    // testGlobal()\r\n    // testEvent()\r\n    // testEmitter()\r\n    // testEdge()\r\n    // testCursor()\r\n    // testColor()\r\n    // testClipboard()\r\n    // testBorder()\r\n    // testScreen()\r\n    // testTimer();\r\n\r\n\r\n    // testWindow();\r\n\r\n    // int ok = glewInit();\r\n    // printf(\"test Main ctx:%d\\n\", ctx)\r\n    // getchar();\r\n    // printf(\"glewINit:%d\\n\", ok);\r\n    printf(\"glewINit:%d\\n\", 1);\r\n    getchar();\r\n    return 0\r\n}\r\n\r\n"
        }
    ],
    "textDocument": {
        "uri": "file:///d%3A/ws/Sui/orc-linux/src/Main.orc",
        "version": 30
    }
}
didChange:file:///d:/ws/Sui/orc-linux/src/Main.orc 8681 30 
route. id:42, method:textDocument/documentColor, params:{
    "textDocument": {
        "uri": "file:///d%3A/ws/Sui/orc-linux/src/Main.orc"
    }
}

response:Content-Length: 37

{"id":42,"jsonrpc":"2.0","result":{}}

server=>client notification:Content-Length: 149

{"jsonrpc":"2.0","method":"textDocument/publishDiagnostics","params":{"diagnostics":[],"uri":"file:///d:/ws/Sui/orc-linux/src/Main.orc","version":8}}
buildSymbolSpace_byTextDocument. program
buildSymbolSpace_byTextDocument. mkSpace
buildSymbolSpace_byTextDocument. init symbol builder v isitor
buildSymbolSpace_byTextDocument. SymbolBuilderVisitor.visit
buildSymbolSpace_byTextDocument  for uri file:///d:/ws/Sui/orc-linux/src/Main.orc. version:%d 
didChange succ
buildSymbolSpace_byTextDocument. uri:file:///d:/ws/Sui/orc-linux/src/Main.orc, absPath:d:/ws/Sui/orc-linux/src/Main.orc
buildSymbolSpace_byTextDocument. mk parser
route. id:0, method:$/cancelRequest, params:{
    "id": 41
}

response:Content-Length: 36

{"id":0,"jsonrpc":"2.0","result":{}}
buildSymbolSpace_byTextDocument. program
buildSymbolSpace_byTextDocument. mkSpace
buildSymbolSpace_byTextDocument. init symbol builder v isitor
buildSymbolSpace_byTextDocument. SymbolBuilderVisitor.visit
buildSymbolSpace_byTextDocument  for uri file:///d:/ws/Sui/orc-linux/src/Main.orc. version:%d 
didChange succ
buildSymbolSpace_byTextDocument. uri:file:///d:/ws/Sui/orc-linux/src/Main.orc, absPath:d:/ws/Sui/orc-linux/src/Main.orc
buildSymbolSpace_byTextDocument. mk parser
route. id:0, method:textDocument/didChange, params:{
    "contentChanges": [
        {
            "text": "#include <stdio.h>\r\n\r\n// #include \"./NanovgEntry.h\"\r\n\r\n#include \"../UrgcDll/urgc_api.h\"\r\n#include \"Orc/Orc.h\"\r\nimport * from \"./Orc/String.orc\"\r\n\r\n \r\n\r\n\r\nvoid initMain(){\r\n    // urgc_start_process_thread();\r\n}\r\n\r\n\r\nint main(){\r\n    if (1){\r\n        printf(\"return \\n\")\r\n        return 0;\r\n    }\r\n    initMain()\r\n    windowInit();\r\n\r\n    printf(\"app used0\\n\")\r\n    App@ app = App_use()\r\n    printf(\"app used\\n\")\r\n    \r\n\r\n    // testWindow()\r\n\r\n    if 1 {\r\n        Window@ win = new Window()\r\n        // win.show();\r\n        win. {\r\n            LayoutLinear@ ll = new LayoutLinear()\r\n            win.rootView = ll\r\n            ll.{\r\n                //layoutLinear(o, 0).{\r\n                    o.width = 400\r\n                    o.height = 400\r\n                    o.backgroundColor = 0x93000000\r\n\r\n                    mkDrawButton(o, 0).{\r\n                        o.text = str(\"submit\")\r\n                        o.onClick = ^void(){\r\n                            // Toast_make(\"click\")\r\n                            app.eachWindow(^void (Window *win){\r\n                                win.rootView.printLayoutTimes(0)\r\n                            })\r\n                        }\r\n                    }\r\n                    mkView(o, 0).{\r\n                        o.backgroundColor = 0xffff0000\r\n                        o.width = 100\r\n                        o.height = 100\r\n                        o.margin.setAll(10)\r\n                    }\r\n                    mkEditText(o, 0).{\r\n                        // o.setText(str(\"hi there buzi buzi\"))\r\n                        // o.width = 200\r\n                        o.color = 0xff000000\r\n                        o.height = 40\r\n                        o.backgroundColor = 0x99999999\r\n                    }\r\n                    mkImageView(o, 0).{\r\n                        o.setSrc(str(\"./asset/SpongeBob.png\"))\r\n                    }\r\n                    mkTextView(o, 0).{\r\n                        o.setText(str(\"hi there buzi buzi\"))\r\n                        // o.width = 200\r\n                        // o.height = 40\r\n                        o.backgroundColor = 0x13ff0000\r\n                    }\r\n                    layoutLinear(o, 0).{\r\n                        o.direction.set(\"column\")\r\n                        o.backgroundColor = 0x33112233\r\n                        mkView(o, 0).{\r\n                            o.backgroundColor = 0xff00ff00\r\n                            o.width = 80\r\n                            o.height = 80\r\n                            o.margin.setAll(10)\r\n                        }\r\n                        mkView(o, 0).{\r\n                            o.backgroundColor = 0xff0000ff\r\n                            o.width = 60\r\n                            o.height = 160\r\n                            o.margin.setAll(10)\r\n                        }\r\n                    }\r\n                    mkLayoutGrid(o, 0).{\r\n                        o.width = 200\r\n                        o.height = 200\r\n                        o.backgroundColor = 0x33330000\r\n\r\n                        mkView(o, 0).{\r\n                            o.backgroundColor = 0xff0000ff\r\n                            o.width = 60\r\n                            o.height = 60\r\n                            o.margin.setAll(10)\r\n                        }\r\n                        mkView(o, 0).{\r\n                            o.backgroundColor = 0xff0000ff\r\n                            o.width = 60\r\n                            o.height = 60\r\n                            o.margin.setAll(10)\r\n                        }\r\n                        mkView(o, 0).{\r\n                            o.backgroundColor = 0xff0000ff\r\n                            o.width = 60\r\n                            o.height = 60\r\n                            o.margin.setAll(10)\r\n                        }\r\n                        mkView(o, 0).{\r\n                            o.backgroundColor = 0xff0000ff\r\n                            o.width = 60\r\n                            o.height = 60\r\n                            o.margin.setAll(10)\r\n                        }\r\n                    }\r\n                    mkRowWrap(o, 0).{\r\n                        o.width = 200\r\n                        o.height = 200\r\n                        o.backgroundColor = 0x33009900\r\n\r\n                        mkView(o, 0).{\r\n                            o.backgroundColor = 0xff0000ff\r\n                            o.width = 60\r\n                            o.height = 60\r\n                            o.margin.setAll(10)\r\n                        }\r\n                        mkView(o, 0).{\r\n                            o.backgroundColor = 0xff0000ff\r\n                            o.width = 60\r\n                            o.height = 60\r\n                            o.margin.setAll(10)\r\n                        }\r\n                        mkView(o, 0).{\r\n                            o.backgroundColor = 0xff0000ff\r\n                            o.width = 60\r\n                            o.height = 60\r\n                            o.margin.setAll(10)\r\n                        }\r\n                        mkView(o, 0).{\r\n                            o.backgroundColor = 0xff0000ff\r\n                            o.width = 60\r\n                            o.height = 60\r\n                            o.margin.setAll(10)\r\n                        }\r\n                    }\r\n                    layoutAlign(o, 0).{\r\n                        o.width = 200\r\n                        o.height = 200\r\n                        o.backgroundColor = 0x33009900\r\n\r\n                        mkView(o, 0).{\r\n                            o.backgroundColor = 0xfffff06f\r\n                            o.width = 60\r\n                            o.height = 60\r\n                            o.margin.setAll(10)\r\n\r\n                            layoutAlignCell(o, 0).{\r\n                                o.setBottomRight()\r\n                            }\r\n                        }\r\n                        mkView(o, 0).{\r\n                            o.backgroundColor = 0xff6000ff\r\n                            o.width = 60\r\n                            o.height = 60\r\n                            o.margin.setAll(10)\r\n\r\n                            layoutAlignCell(o, 0).{\r\n                                o.setBottomCenter()\r\n                            }\r\n                        }\r\n                        mkView(o, 0).{\r\n                            o.backgroundColor = 0xff00ffff\r\n                            o.width = 60\r\n                            o.height = 60\r\n                            o.margin.setAll(10)\r\n\r\n                            layoutAlignCell(o, 0).{\r\n                                o.setCenter()\r\n                            }\r\n                        }\r\n                        mkView(o, 0).{\r\n                            o.backgroundColor = 0xffff00ff\r\n                            o.width = 60\r\n                            o.height = 60\r\n                            o.margin.setAll(10)\r\n\r\n                            layoutAlignPositionCell(o, 0).{\r\n                                o.left = nan\r\n                                o.right = -60\r\n                                o.top = 3\r\n                            }\r\n                        }\r\n                        mkView(o, 0).{\r\n                            o.backgroundColor = 0xff6f009f\r\n\r\n                            layoutAlignPositionCell(o, 0).{\r\n                                o.left = 10\r\n                                o.right = 150\r\n                                o.top = 30\r\n                                o.bottom = 30\r\n                            }\r\n                        }\r\n                    }\r\n                //}\r\n            }\r\n\r\n\r\n            o.setTitle(\"orc机器人\")\r\n            o.setSize(840, 480)\r\n            o.setPos(400, 200)\r\n            o.show()\r\n        }\r\n\r\n    }\r\n\r\n\r\n\r\n    app.runEventLoop()\r\n\r\n    // testApp()\r\n    // testWindow()\r\n\r\n    // testVec2()\r\n    // // testToast()\r\n    // testRect()\r\n    // testRadius();\r\n    // testInset()\r\n    // testGlobal()\r\n    // testEvent()\r\n    // testEmitter()\r\n    // testEdge()\r\n    // testCursor()\r\n    // testColor()\r\n    // testClipboard()\r\n    // testBorder()\r\n    // testScreen()\r\n    // testTimer();\r\n\r\n\r\n    // testWindow();\r\n\r\n    // int ok = glewInit();\r\n    // printf(\"test Main ctx:%d\\n\", ctx)\r\n    // getchar();\r\n    // printf(\"glewINit:%d\\n\", ok);\r\n    printf(\"glewINit:%d\\n\", 1);\r\n    getchar();\r\n    return 0\r\n}\r\n\r\n"
        }
    ],
    "textDocument": {
        "uri": "file:///d%3A/ws/Sui/orc-linux/src/Main.orc",
        "version": 39
    }
}
didChange:file:///d:/ws/Sui/orc-linux/src/Main.orc 8410 39 

server=>client notification:Content-Length: 149

{"jsonrpc":"2.0","method":"textDocument/publishDiagnostics","params":{"diagnostics":[],"uri":"file:///d:/ws/Sui/orc-linux/src/Main.orc","version":8}}
route. id:43, method:textDocument/documentSymbol, params:{
    "textDocument": {
        "uri": "file:///d%3A/ws/Sui/orc-linux/src/Main.orc"
    }
}
ent:file:///d:/ws/Sui/orc-linux/src/Main.orc 
route. id:0, method:$/cancelRequest, params:{
    "id": 43
}

response:Content-Length: 36

{"id":0,"jsonrpc":"2.0","result":{}}
route. id:0, method:textDocument/didChange, params:{
    "contentChanges": [
        {
            "text": "#include <stdio.h>\r\n\r\n// #include \"./NanovgEntry.h\"\r\n\r\n#include \"../UrgcDll/urgc_api.h\"\r\n#include \"Orc/Orc.h\"\r\nimport * from \"./Orc/String.orc\"\r\n\r\n \r\n\r\nvoid initMain(){\r\n    // urgc_start_process_thread();\r\n}\r\n\r\n\r\nint main(){\r\n    if (1){\r\n        printf(\"return \\n\")\r\n        return 0;\r\n    }\r\n    initMain()\r\n    windowInit();\r\n\r\n    printf(\"app used0\\n\")\r\n    App@ app = App_use()\r\n    printf(\"app used\\n\")\r\n    \r\n\r\n    // testWindow()\r\n\r\n    if 1 {\r\n        Window@ win = new Window()\r\n        // win.show();\r\n        win. {\r\n            LayoutLinear@ ll = new LayoutLinear()\r\n            win.rootView = ll\r\n            ll.{\r\n                //layoutLinear(o, 0).{\r\n                    o.width = 400\r\n                    o.height = 400\r\n                    o.backgroundColor = 0x93000000\r\n\r\n                    mkDrawButton(o, 0).{\r\n                        o.text = str(\"submit\")\r\n                        o.onClick = ^void(){\r\n                            // Toast_make(\"click\")\r\n                            app.eachWindow(^void (Window *win){\r\n                                win.rootView.printLayoutTimes(0)\r\n                            })\r\n                        }\r\n                    }\r\n                    mkView(o, 0).{\r\n                        o.backgroundColor = 0xffff0000\r\n                        o.width = 100\r\n                        o.height = 100\r\n                        o.margin.setAll(10)\r\n                    }\r\n                    mkEditText(o, 0).{\r\n                        // o.setText(str(\"hi there buzi buzi\"))\r\n                        // o.width = 200\r\n                        o.color = 0xff000000\r\n                        o.height = 40\r\n                        o.backgroundColor = 0x99999999\r\n                    }\r\n                    mkImageView(o, 0).{\r\n                        o.setSrc(str(\"./asset/SpongeBob.png\"))\r\n                    }\r\n                    mkTextView(o, 0).{\r\n                        o.setText(str(\"hi there buzi buzi\"))\r\n                        // o.width = 200\r\n                        // o.height = 40\r\n                        o.backgroundColor = 0x13ff0000\r\n                    }\r\n                    layoutLinear(o, 0).{\r\n                        o.direction.set(\"column\")\r\n                        o.backgroundColor = 0x33112233\r\n                        mkView(o, 0).{\r\n                            o.backgroundColor = 0xff00ff00\r\n                            o.width = 80\r\n                            o.height = 80\r\n                            o.margin.setAll(10)\r\n                        }\r\n                        mkView(o, 0).{\r\n                            o.backgroundColor = 0xff0000ff\r\n                            o.width = 60\r\n                            o.height = 160\r\n                            o.margin.setAll(10)\r\n                        }\r\n                    }\r\n                    mkLayoutGrid(o, 0).{\r\n                        o.width = 200\r\n                        o.height = 200\r\n                        o.backgroundColor = 0x33330000\r\n\r\n                        mkView(o, 0).{\r\n                            o.backgroundColor = 0xff0000ff\r\n                            o.width = 60\r\n                            o.height = 60\r\n                            o.margin.setAll(10)\r\n                        }\r\n                        mkView(o, 0).{\r\n                            o.backgroundColor = 0xff0000ff\r\n                            o.width = 60\r\n                            o.height = 60\r\n                            o.margin.setAll(10)\r\n                        }\r\n                        mkView(o, 0).{\r\n                            o.backgroundColor = 0xff0000ff\r\n                            o.width = 60\r\n                            o.height = 60\r\n                            o.margin.setAll(10)\r\n                        }\r\n                        mkView(o, 0).{\r\n                            o.backgroundColor = 0xff0000ff\r\n                            o.width = 60\r\n                            o.height = 60\r\n                            o.margin.setAll(10)\r\n                        }\r\n                    }\r\n                    mkRowWrap(o, 0).{\r\n                        o.width = 200\r\n                        o.height = 200\r\n                        o.backgroundColor = 0x33009900\r\n\r\n                        mkView(o, 0).{\r\n                            o.backgroundColor = 0xff0000ff\r\n                            o.width = 60\r\n                            o.height = 60\r\n                            o.margin.setAll(10)\r\n                        }\r\n                        mkView(o, 0).{\r\n                            o.backgroundColor = 0xff0000ff\r\n                            o.width = 60\r\n                            o.height = 60\r\n                            o.margin.setAll(10)\r\n                        }\r\n                        mkView(o, 0).{\r\n                            o.backgroundColor = 0xff0000ff\r\n                            o.width = 60\r\n                            o.height = 60\r\n                            o.margin.setAll(10)\r\n                        }\r\n                        mkView(o, 0).{\r\n                            o.backgroundColor = 0xff0000ff\r\n                            o.width = 60\r\n                            o.height = 60\r\n                            o.margin.setAll(10)\r\n                        }\r\n                    }\r\n                    layoutAlign(o, 0).{\r\n                        o.width = 200\r\n                        o.height = 200\r\n                        o.backgroundColor = 0x33009900\r\n\r\n                        mkView(o, 0).{\r\n                            o.backgroundColor = 0xfffff06f\r\n                            o.width = 60\r\n                            o.height = 60\r\n                            o.margin.setAll(10)\r\n\r\n                            layoutAlignCell(o, 0).{\r\n                                o.setBottomRight()\r\n                            }\r\n                        }\r\n                        mkView(o, 0).{\r\n                            o.backgroundColor = 0xff6000ff\r\n                            o.width = 60\r\n                            o.height = 60\r\n                            o.margin.setAll(10)\r\n\r\n                            layoutAlignCell(o, 0).{\r\n                                o.setBottomCenter()\r\n                            }\r\n                        }\r\n                        mkView(o, 0).{\r\n                            o.backgroundColor = 0xff00ffff\r\n                            o.width = 60\r\n                            o.height = 60\r\n                            o.margin.setAll(10)\r\n\r\n                            layoutAlignCell(o, 0).{\r\n                                o.setCenter()\r\n                            }\r\n                        }\r\n                        mkView(o, 0).{\r\n                            o.backgroundColor = 0xffff00ff\r\n                            o.width = 60\r\n                            o.height = 60\r\n                            o.margin.setAll(10)\r\n\r\n                            layoutAlignPositionCell(o, 0).{\r\n                                o.left = nan\r\n                                o.right = -60\r\n                                o.top = 3\r\n                            }\r\n                        }\r\n                        mkView(o, 0).{\r\n                            o.backgroundColor = 0xff6f009f\r\n\r\n                            layoutAlignPositionCell(o, 0).{\r\n                                o.left = 10\r\n                                o.right = 150\r\n                                o.top = 30\r\n                                o.bottom = 30\r\n                            }\r\n                        }\r\n                    }\r\n                //}\r\n            }\r\n\r\n\r\n            o.setTitle(\"orc机器人\")\r\n            o.setSize(840, 480)\r\n            o.setPos(400, 200)\r\n            o.show()\r\n        }\r\n\r\n    }\r\n\r\n\r\n\r\n    app.runEventLoop()\r\n\r\n    // testApp()\r\n    // testWindow()\r\n\r\n    // testVec2()\r\n    // // testToast()\r\n    // testRect()\r\n    // testRadius();\r\n    // testInset()\r\n    // testGlobal()\r\n    // testEvent()\r\n    // testEmitter()\r\n    // testEdge()\r\n    // testCursor()\r\n    // testColor()\r\n    // testClipboard()\r\n    // testBorder()\r\n    // testScreen()\r\n    // testTimer();\r\n\r\n\r\n    // testWindow();\r\n\r\n    // int ok = glewInit();\r\n    // printf(\"test Main ctx:%d\\n\", ctx)\r\n    // getchar();\r\n    // printf(\"glewINit:%d\\n\", ok);\r\n    printf(\"glewINit:%d\\n\", 1);\r\n    getchar();\r\n    return 0\r\n}\r\n\r\n"
        }
    ],
    "textDocument": {
        "uri": "file:///d%3A/ws/Sui/orc-linux/src/Main.orc",
        "version": 40
    }
}
didChange:file:///d:/ws/Sui/orc-linux/src/Main.orc 8408 40 
route. id:44, method:textDocument/documentHighlight, params:{
    "position": {
        "character": 0,
        "line": 10
    },
    "textDocument": {
        "uri": "file:///d%3A/ws/Sui/orc-linux/src/Main.orc"
    }
}

response:Content-Length: 37

{"id":44,"jsonrpc":"2.0","result":{}}
buildSymbolSpace_byTextDocument. program
buildSymbolSpace_byTextDocument. mkSpace
buildSymbolSpace_byTextDocument. init symbol builder v isitor
buildSymbolSpace_byTextDocument. SymbolBuilderVisitor.visit
buildSymbolSpace_byTextDocument  for uri file:///d:/ws/Sui/orc-linux/src/Main.orc. version:%d 
didChange succ
buildDocumentSymbols. start
buildSymbolInfomations_bySymbols. start
buildSymbolInfomations_bySymbols. sym.name:windowInit ret:0
buildSymbolInfomations_bySymbols. sym.name:initMain ret:1
buildSymbolInfomations_bySymbols. sym.name:main ret:2
buildDocumentSymbols. cnt:3

response:Content-Length: 691

{"id":28,"jsonrpc":"2.0","result":[{"children":[],"detail":"","kind":12,"name":"windowInit","range":{"end":{"character":22,"line":32},"start":{"character":12,"line":32}},"selectionRange":{"end":{"character":22,"line":32},"start":{"character":12,"line":32}}},{"children":[],"detail":"","kind":12,"name":"initMain","range":{"end":{"character":13,"line":36},"start":{"character":5,"line":36}},"selectionRange":{"end":{"character":13,"line":36},"start":{"character":5,"line":36}}},{"children":[],"detail":"","kind":12,"name":"main","range":{"end":{"character":8,"line":41},"start":{"character":4,"line":41}},"selectionRange":{"end":{"character":8,"line":41},"start":{"character":4,"line":41}}}]}
buildDocumentSymbols. start
buildSymbolInfomations_bySymbols. start
buildSymbolInfomations_bySymbols. sym.name:windowInit ret:0
buildSymbolInfomations_bySymbols. sym.name:initMain ret:1
buildSymbolInfomations_bySymbols. sym.name:main ret:2
buildDocumentSymbols. cnt:3

response:Content-Length: 691

{"id":29,"jsonrpc":"2.0","result":[{"children":[],"detail":"","kind":12,"name":"windowInit","range":{"end":{"character":22,"line":32},"start":{"character":12,"line":32}},"selectionRange":{"end":{"character":22,"line":32},"start":{"character":12,"line":32}}},{"children":[],"detail":"","kind":12,"name":"initMain","range":{"end":{"character":13,"line":36},"start":{"character":5,"line":36}},"selectionRange":{"end":{"character":13,"line":36},"start":{"character":5,"line":36}}},{"children":[],"detail":"","kind":12,"name":"main","range":{"end":{"character":8,"line":41},"start":{"character":4,"line":41}},"selectionRange":{"end":{"character":8,"line":41},"start":{"character":4,"line":41}}}]}
buildSymbolSpace_byTextDocument. uri:file:///d:/ws/Sui/orc-linux/src/Main.orc, absPath:d:/ws/Sui/orc-linux/src/Main.orc
buildSymbolSpace_byTextDocument. mk parser
route. id:45, method:textDocument/documentSymbol, params:{
    "textDocument": {
        "uri": "file:///d%3A/ws/Sui/orc-linux/src/Main.orc"
    }
}
ent:file:///d:/ws/Sui/orc-linux/src/Main.orc 
route. id:46, method:textDocument/documentColor, params:{
    "textDocument": {
        "uri": "file:///d%3A/ws/Sui/orc-linux/src/Main.orc"
    }
}

response:Content-Length: 37

{"id":46,"jsonrpc":"2.0","result":{}}

server=>client notification:Content-Length: 149

{"jsonrpc":"2.0","method":"textDocument/publishDiagnostics","params":{"diagnostics":[],"uri":"file:///d:/ws/Sui/orc-linux/src/Main.orc","version":8}}
buildSymbolSpace_byTextDocument. program
buildSymbolSpace_byTextDocument. mkSpace
buildSymbolSpace_byTextDocument. init symbol builder v isitor
buildSymbolSpace_byTextDocument. SymbolBuilderVisitor.visit
buildSymbolSpace_byTextDocument  for uri file:///d:/ws/Sui/orc-linux/src/Main.orc. version:%d 
didChange succ
buildDocumentSymbols. start
buildSymbolInfomations_bySymbols. start
buildSymbolInfomations_bySymbols. sym.name:windowInit ret:0
buildSymbolInfomations_bySymbols. sym.name:initMain ret:1
buildSymbolInfomations_bySymbols. sym.name:main ret:2
buildDocumentSymbols. cnt:3

response:Content-Length: 691

{"id":32,"jsonrpc":"2.0","result":[{"children":[],"detail":"","kind":12,"name":"windowInit","range":{"end":{"character":22,"line":31},"start":{"character":12,"line":31}},"selectionRange":{"end":{"character":22,"line":31},"start":{"character":12,"line":31}}},{"children":[],"detail":"","kind":12,"name":"initMain","range":{"end":{"character":13,"line":35},"start":{"character":5,"line":35}},"selectionRange":{"end":{"character":13,"line":35},"start":{"character":5,"line":35}}},{"children":[],"detail":"","kind":12,"name":"main","range":{"end":{"character":8,"line":40},"start":{"character":4,"line":40}},"selectionRange":{"end":{"character":8,"line":40},"start":{"character":4,"line":40}}}]}
buildDocumentSymbols. start
buildSymbolInfomations_bySymbols. start
buildSymbolInfomations_bySymbols. sym.name:windowInit ret:0
buildSymbolInfomations_bySymbols. sym.name:initMain ret:1
buildSymbolInfomations_bySymbols. sym.name:main ret:2
buildDocumentSymbols. cnt:3

response:Content-Length: 691

{"id":33,"jsonrpc":"2.0","result":[{"children":[],"detail":"","kind":12,"name":"windowInit","range":{"end":{"character":22,"line":31},"start":{"character":12,"line":31}},"selectionRange":{"end":{"character":22,"line":31},"start":{"character":12,"line":31}}},{"children":[],"detail":"","kind":12,"name":"initMain","range":{"end":{"character":13,"line":35},"start":{"character":5,"line":35}},"selectionRange":{"end":{"character":13,"line":35},"start":{"character":5,"line":35}}},{"children":[],"detail":"","kind":12,"name":"main","range":{"end":{"character":8,"line":40},"start":{"character":4,"line":40}},"selectionRange":{"end":{"character":8,"line":40},"start":{"character":4,"line":40}}}]}
buildDocumentSymbols. start
buildSymbolInfomations_bySymbols. start
buildSymbolInfomations_bySymbols. sym.name:windowInit ret:0
buildSymbolInfomations_bySymbols. sym.name:initMain ret:1
buildSymbolInfomations_bySymbols. sym.name:main ret:2
buildDocumentSymbols. cnt:3

response:Content-Length: 691

{"id":34,"jsonrpc":"2.0","result":[{"children":[],"detail":"","kind":12,"name":"windowInit","range":{"end":{"character":22,"line":31},"start":{"character":12,"line":31}},"selectionRange":{"end":{"character":22,"line":31},"start":{"character":12,"line":31}}},{"children":[],"detail":"","kind":12,"name":"initMain","range":{"end":{"character":13,"line":35},"start":{"character":5,"line":35}},"selectionRange":{"end":{"character":13,"line":35},"start":{"character":5,"line":35}}},{"children":[],"detail":"","kind":12,"name":"main","range":{"end":{"character":8,"line":40},"start":{"character":4,"line":40}},"selectionRange":{"end":{"character":8,"line":40},"start":{"character":4,"line":40}}}]}
buildSymbolSpace_byTextDocument. uri:file:///d:/ws/Sui/orc-linux/src/Main.orc, absPath:d:/ws/Sui/orc-linux/src/Main.orc
buildSymbolSpace_byTextDocument. mk parser
route. id:0, method:$/cancelRequest, params:{
    "id": 39
}

response:Content-Length: 36

{"id":0,"jsonrpc":"2.0","result":{}}
route. id:47, method:textDocument/documentSymbol, params:{
    "textDocument": {
        "uri": "file:///d%3A/ws/Sui/orc-linux/src/Main.orc"
    }
}
ent:file:///d:/ws/Sui/orc-linux/src/Main.orc 
route. id:0, method:$/cancelRequest, params:{
    "id": 40
}

response:Content-Length: 36

{"id":0,"jsonrpc":"2.0","result":{}}
route. id:48, method:textDocument/documentSymbol, params:{
    "textDocument": {
        "uri": "file:///d%3A/ws/Sui/orc-linux/src/Main.orc"
    }
}
ent:file:///d:/ws/Sui/orc-linux/src/Main.orc 
buildSymbolSpace_byTextDocument. program
buildSymbolSpace_byTextDocument. mkSpace
buildSymbolSpace_byTextDocument. init symbol builder v isitor
buildSymbolSpace_byTextDocument. SymbolBuilderVisitor.visit
buildSymbolSpace_byTextDocument  for uri file:///d:/ws/Sui/orc-linux/src/Main.orc. version:%d 
didChange succ
buildDocumentSymbols. start
buildSymbolInfomations_bySymbols. start
buildSymbolInfomations_bySymbols. sym.name:windowInit ret:0
buildSymbolInfomations_bySymbols. sym.name:initMain ret:1
buildSymbolInfomations_bySymbols. sym.name:main ret:2
buildDocumentSymbols. cnt:3

response:Content-Length: 691

{"id":38,"jsonrpc":"2.0","result":[{"children":[],"detail":"","kind":12,"name":"windowInit","range":{"end":{"character":22,"line":29},"start":{"character":12,"line":29}},"selectionRange":{"end":{"character":22,"line":29},"start":{"character":12,"line":29}}},{"children":[],"detail":"","kind":12,"name":"initMain","range":{"end":{"character":13,"line":33},"start":{"character":5,"line":33}},"selectionRange":{"end":{"character":13,"line":33},"start":{"character":5,"line":33}}},{"children":[],"detail":"","kind":12,"name":"main","range":{"end":{"character":8,"line":38},"start":{"character":4,"line":38}},"selectionRange":{"end":{"character":8,"line":38},"start":{"character":4,"line":38}}}]}
buildDocumentSymbols. start
buildSymbolInfomations_bySymbols. start
buildSymbolInfomations_bySymbols. sym.name:windowInit ret:0
buildSymbolInfomations_bySymbols. sym.name:initMain ret:1
buildSymbolInfomations_bySymbols. sym.name:main ret:2
buildDocumentSymbols. cnt:3

response:Content-Length: 691

{"id":39,"jsonrpc":"2.0","result":[{"children":[],"detail":"","kind":12,"name":"windowInit","range":{"end":{"character":22,"line":29},"start":{"character":12,"line":29}},"selectionRange":{"end":{"character":22,"line":29},"start":{"character":12,"line":29}}},{"children":[],"detail":"","kind":12,"name":"initMain","range":{"end":{"character":13,"line":33},"start":{"character":5,"line":33}},"selectionRange":{"end":{"character":13,"line":33},"start":{"character":5,"line":33}}},{"children":[],"detail":"","kind":12,"name":"main","range":{"end":{"character":8,"line":38},"start":{"character":4,"line":38}},"selectionRange":{"end":{"character":8,"line":38},"start":{"character":4,"line":38}}}]}
buildDocumentSymbols. start
buildSymbolInfomations_bySymbols. start
buildSymbolInfomations_bySymbols. sym.name:windowInit ret:0
buildSymbolInfomations_bySymbols. sym.name:initMain ret:1
buildSymbolInfomations_bySymbols. sym.name:main ret:2
buildDocumentSymbols. cnt:3

response:Content-Length: 691

{"id":40,"jsonrpc":"2.0","result":[{"children":[],"detail":"","kind":12,"name":"windowInit","range":{"end":{"character":22,"line":29},"start":{"character":12,"line":29}},"selectionRange":{"end":{"character":22,"line":29},"start":{"character":12,"line":29}}},{"children":[],"detail":"","kind":12,"name":"initMain","range":{"end":{"character":13,"line":33},"start":{"character":5,"line":33}},"selectionRange":{"end":{"character":13,"line":33},"start":{"character":5,"line":33}}},{"children":[],"detail":"","kind":12,"name":"main","range":{"end":{"character":8,"line":38},"start":{"character":4,"line":38}},"selectionRange":{"end":{"character":8,"line":38},"start":{"character":4,"line":38}}}]}
buildSymbolSpace_byTextDocument. uri:file:///d:/ws/Sui/orc-linux/src/Main.orc, absPath:d:/ws/Sui/orc-linux/src/Main.orc
buildSymbolSpace_byTextDocument. mk parser
route. id:49, method:textDocument/documentLink, params:{
    "textDocument": {
        "uri": "file:///d%3A/ws/Sui/orc-linux/src/Main.orc"
    }
}

response:Content-Length: 37

{"id":49,"jsonrpc":"2.0","result":{}}

server=>client notification:Content-Length: 833

{"jsonrpc":"2.0","method":"textDocument/publishDiagnostics","params":{"diagnostics":[{"code":62113,"codeDescription":{"href":""},"message":"type error. undefined Type:App","range":{"end":{"character":23,"line":50},"start":{"character":4,"line":50}},"relatedInformation":[],"severity":1,"source":"","tags":[]},{"code":62113,"codeDescription":{"href":""},"message":"type error. undefined Type:Window","range":{"end":{"character":33,"line":57},"start":{"character":8,"line":57}},"relatedInformation":[],"severity":1,"source":"","tags":[]},{"code":62113,"codeDescription":{"href":""},"message":"type error. undefined Type:LayoutLinear","range":{"end":{"character":48,"line":60},"start":{"character":12,"line":60}},"relatedInformation":[],"severity":1,"source":"","tags":[]}],"uri":"file:///d:/ws/Sui/orc-linux/src/Main.orc","version":8}}
buildSymbolSpace_byTextDocument. program
buildSymbolSpace_byTextDocument. mkSpace
buildSymbolSpace_byTextDocument. init symbol builder v isitor
buildSymbolSpace_byTextDocument. SymbolBuilderVisitor.visit
buildSymbolSpace_byTextDocument  for uri file:///d:/ws/Sui/orc-linux/src/Main.orc. version:%d 
didChange succ
buildDocumentSymbols. start
buildSymbolInfomations_bySymbols. start
buildSymbolInfomations_bySymbols. sym.name:windowInit ret:0
buildSymbolInfomations_bySymbols. sym.name:initMain ret:1
buildSymbolInfomations_bySymbols. sym.name:main ret:2
buildDocumentSymbols. cnt:3

response:Content-Length: 691

{"id":41,"jsonrpc":"2.0","result":[{"children":[],"detail":"","kind":12,"name":"windowInit","range":{"end":{"character":22,"line":17},"start":{"character":12,"line":17}},"selectionRange":{"end":{"character":22,"line":17},"start":{"character":12,"line":17}}},{"children":[],"detail":"","kind":12,"name":"initMain","range":{"end":{"character":13,"line":21},"start":{"character":5,"line":21}},"selectionRange":{"end":{"character":13,"line":21},"start":{"character":5,"line":21}}},{"children":[],"detail":"","kind":12,"name":"main","range":{"end":{"character":8,"line":26},"start":{"character":4,"line":26}},"selectionRange":{"end":{"character":8,"line":26},"start":{"character":4,"line":26}}}]}
buildSymbolSpace_byTextDocument. uri:file:///d:/ws/Sui/orc-linux/src/Main.orc, absPath:d:/ws/Sui/orc-linux/src/Main.orc
buildSymbolSpace_byTextDocument. mk parser

server=>client notification:Content-Length: 821

{"jsonrpc":"2.0","method":"textDocument/publishDiagnostics","params":{"diagnostics":[{"code":0,"codeDescription":{"href":""},"message":"type error. undefined Type:App","range":{"end":{"character":23,"line":47},"start":{"character":4,"line":47}},"relatedInformation":[],"severity":1,"source":"","tags":[]},{"code":0,"codeDescription":{"href":""},"message":"type error. undefined Type:Window","range":{"end":{"character":33,"line":54},"start":{"character":8,"line":54}},"relatedInformation":[],"severity":1,"source":"","tags":[]},{"code":0,"codeDescription":{"href":""},"message":"type error. undefined Type:LayoutLinear","range":{"end":{"character":48,"line":57},"start":{"character":12,"line":57}},"relatedInformation":[],"severity":1,"source":"","tags":[]}],"uri":"file:///d:/ws/Sui/orc-linux/src/Main.orc","version":8}}
buildSymbolSpace_byTextDocument. program
buildSymbolSpace_byTextDocument. mkSpace
buildSymbolSpace_byTextDocument. init symbol builder v isitor
buildSymbolSpace_byTextDocument. SymbolBuilderVisitor.visit
buildSymbolSpace_byTextDocument  for uri file:///d:/ws/Sui/orc-linux/src/Main.orc. version:%d 
didChange succ
buildSymbolSpace_byTextDocument. uri:file:///d:/ws/Sui/orc-linux/src/Main.orc, absPath:d:/ws/Sui/orc-linux/src/Main.orc
buildSymbolSpace_byTextDocument. mk parser

server=>client notification:Content-Length: 821

{"jsonrpc":"2.0","method":"textDocument/publishDiagnostics","params":{"diagnostics":[{"code":0,"codeDescription":{"href":""},"message":"type error. undefined Type:App","range":{"end":{"character":23,"line":35},"start":{"character":4,"line":35}},"relatedInformation":[],"severity":1,"source":"","tags":[]},{"code":0,"codeDescription":{"href":""},"message":"type error. undefined Type:Window","range":{"end":{"character":33,"line":42},"start":{"character":8,"line":42}},"relatedInformation":[],"severity":1,"source":"","tags":[]},{"code":0,"codeDescription":{"href":""},"message":"type error. undefined Type:LayoutLinear","range":{"end":{"character":48,"line":45},"start":{"character":12,"line":45}},"relatedInformation":[],"severity":1,"source":"","tags":[]}],"uri":"file:///d:/ws/Sui/orc-linux/src/Main.orc","version":8}}
route. id:0, method:$/cancelRequest, params:{
    "id": 45
}

response:Content-Length: 36

{"id":0,"jsonrpc":"2.0","result":{}}
buildSymbolSpace_byTextDocument. program
buildSymbolSpace_byTextDocument. mkSpace
buildSymbolSpace_byTextDocument. init symbol builder v isitor
buildSymbolSpace_byTextDocument. SymbolBuilderVisitor.visit
buildSymbolSpace_byTextDocument  for uri file:///d:/ws/Sui/orc-linux/src/Main.orc. version:%d 
didChange succ
buildDocumentSymbols. start
buildSymbolInfomations_bySymbols. start
buildSymbolInfomations_bySymbols. sym.name:initMain ret:0
buildSymbolInfomations_bySymbols. sym.name:main ret:1
buildDocumentSymbols. cnt:2

response:Content-Length: 468

{"id":43,"jsonrpc":"2.0","result":[{"children":[],"detail":"","kind":12,"name":"initMain","range":{"end":{"character":13,"line":11},"start":{"character":5,"line":11}},"selectionRange":{"end":{"character":13,"line":11},"start":{"character":5,"line":11}}},{"children":[],"detail":"","kind":12,"name":"main","range":{"end":{"character":8,"line":16},"start":{"character":4,"line":16}},"selectionRange":{"end":{"character":8,"line":16},"start":{"character":4,"line":16}}}]}
buildSymbolSpace_byTextDocument. uri:file:///d:/ws/Sui/orc-linux/src/Main.orc, absPath:d:/ws/Sui/orc-linux/src/Main.orc
buildSymbolSpace_byTextDocument. mk parser
route. id:0, method:textDocument/didChange, params:{
    "contentChanges": [
        {
            "text": "#include <stdio.h>\r\n\r\n// #include \"./NanovgEntry.h\"\r\n\r\n#include \"../UrgcDll/urgc_api.h\"\r\n#include \"Orc/Orc.h\"\r\nimport * from \"./Orc/String.orc\"\r\n\r\n \r\n\r\nvoid initMain(){\r\n}\r\n\r\n\r\nint main(){\r\n    if (1){\r\n        printf(\"return \\n\")\r\n        return 0;\r\n    }\r\n    initMain()\r\n    windowInit();\r\n\r\n    printf(\"app used0\\n\")\r\n    App@ app = App_use()\r\n    printf(\"app used\\n\")\r\n    \r\n\r\n    // testWindow()\r\n\r\n    if 1 {\r\n        Window@ win = new Window()\r\n        // win.show();\r\n        win. {\r\n            LayoutLinear@ ll = new LayoutLinear()\r\n            win.rootView = ll\r\n            ll.{\r\n                //layoutLinear(o, 0).{\r\n                    o.width = 400\r\n                    o.height = 400\r\n                    o.backgroundColor = 0x93000000\r\n\r\n                    mkDrawButton(o, 0).{\r\n                        o.text = str(\"submit\")\r\n                        o.onClick = ^void(){\r\n                            // Toast_make(\"click\")\r\n                            app.eachWindow(^void (Window *win){\r\n                                win.rootView.printLayoutTimes(0)\r\n                            })\r\n                        }\r\n                    }\r\n                    mkView(o, 0).{\r\n                        o.backgroundColor = 0xffff0000\r\n                        o.width = 100\r\n                        o.height = 100\r\n                        o.margin.setAll(10)\r\n                    }\r\n                    mkEditText(o, 0).{\r\n                        // o.setText(str(\"hi there buzi buzi\"))\r\n                        // o.width = 200\r\n                        o.color = 0xff000000\r\n                        o.height = 40\r\n                        o.backgroundColor = 0x99999999\r\n                    }\r\n                    mkImageView(o, 0).{\r\n                        o.setSrc(str(\"./asset/SpongeBob.png\"))\r\n                    }\r\n                    mkTextView(o, 0).{\r\n                        o.setText(str(\"hi there buzi buzi\"))\r\n                        // o.width = 200\r\n                        // o.height = 40\r\n                        o.backgroundColor = 0x13ff0000\r\n                    }\r\n                    layoutLinear(o, 0).{\r\n                        o.direction.set(\"column\")\r\n                        o.backgroundColor = 0x33112233\r\n                        mkView(o, 0).{\r\n                            o.backgroundColor = 0xff00ff00\r\n                            o.width = 80\r\n                            o.height = 80\r\n                            o.margin.setAll(10)\r\n                        }\r\n                        mkView(o, 0).{\r\n                            o.backgroundColor = 0xff0000ff\r\n                            o.width = 60\r\n                            o.height = 160\r\n                            o.margin.setAll(10)\r\n                        }\r\n                    }\r\n                    mkLayoutGrid(o, 0).{\r\n                        o.width = 200\r\n                        o.height = 200\r\n                        o.backgroundColor = 0x33330000\r\n\r\n                        mkView(o, 0).{\r\n                            o.backgroundColor = 0xff0000ff\r\n                            o.width = 60\r\n                            o.height = 60\r\n                            o.margin.setAll(10)\r\n                        }\r\n                        mkView(o, 0).{\r\n                            o.backgroundColor = 0xff0000ff\r\n                            o.width = 60\r\n                            o.height = 60\r\n                            o.margin.setAll(10)\r\n                        }\r\n                        mkView(o, 0).{\r\n                            o.backgroundColor = 0xff0000ff\r\n                            o.width = 60\r\n                            o.height = 60\r\n                            o.margin.setAll(10)\r\n                        }\r\n                        mkView(o, 0).{\r\n                            o.backgroundColor = 0xff0000ff\r\n                            o.width = 60\r\n                            o.height = 60\r\n                            o.margin.setAll(10)\r\n                        }\r\n                    }\r\n                    mkRowWrap(o, 0).{\r\n                        o.width = 200\r\n                        o.height = 200\r\n                        o.backgroundColor = 0x33009900\r\n\r\n                        mkView(o, 0).{\r\n                            o.backgroundColor = 0xff0000ff\r\n                            o.width = 60\r\n                            o.height = 60\r\n                            o.margin.setAll(10)\r\n                        }\r\n                        mkView(o, 0).{\r\n                            o.backgroundColor = 0xff0000ff\r\n                            o.width = 60\r\n                            o.height = 60\r\n                            o.margin.setAll(10)\r\n                        }\r\n                        mkView(o, 0).{\r\n                            o.backgroundColor = 0xff0000ff\r\n                            o.width = 60\r\n                            o.height = 60\r\n                            o.margin.setAll(10)\r\n                        }\r\n                        mkView(o, 0).{\r\n                            o.backgroundColor = 0xff0000ff\r\n                            o.width = 60\r\n                            o.height = 60\r\n                            o.margin.setAll(10)\r\n                        }\r\n                    }\r\n                    layoutAlign(o, 0).{\r\n                        o.width = 200\r\n                        o.height = 200\r\n                        o.backgroundColor = 0x33009900\r\n\r\n                        mkView(o, 0).{\r\n                            o.backgroundColor = 0xfffff06f\r\n                            o.width = 60\r\n                            o.height = 60\r\n                            o.margin.setAll(10)\r\n\r\n                            layoutAlignCell(o, 0).{\r\n                                o.setBottomRight()\r\n                            }\r\n                        }\r\n                        mkView(o, 0).{\r\n                            o.backgroundColor = 0xff6000ff\r\n                            o.width = 60\r\n                            o.height = 60\r\n                            o.margin.setAll(10)\r\n\r\n                            layoutAlignCell(o, 0).{\r\n                                o.setBottomCenter()\r\n                            }\r\n                        }\r\n                        mkView(o, 0).{\r\n                            o.backgroundColor = 0xff00ffff\r\n                            o.width = 60\r\n                            o.height = 60\r\n                            o.margin.setAll(10)\r\n\r\n                            layoutAlignCell(o, 0).{\r\n                                o.setCenter()\r\n                            }\r\n                        }\r\n                        mkView(o, 0).{\r\n                            o.backgroundColor = 0xffff00ff\r\n                            o.width = 60\r\n                            o.height = 60\r\n                            o.margin.setAll(10)\r\n\r\n                            layoutAlignPositionCell(o, 0).{\r\n                                o.left = nan\r\n                                o.right = -60\r\n                                o.top = 3\r\n                            }\r\n                        }\r\n                        mkView(o, 0).{\r\n                            o.backgroundColor = 0xff6f009f\r\n\r\n                            layoutAlignPositionCell(o, 0).{\r\n                                o.left = 10\r\n                                o.right = 150\r\n                                o.top = 30\r\n                                o.bottom = 30\r\n                            }\r\n                        }\r\n                    }\r\n                //}\r\n            }\r\n\r\n\r\n            o.setTitle(\"orc机器人\")\r\n            o.setSize(840, 480)\r\n            o.setPos(400, 200)\r\n            o.show()\r\n        }\r\n\r\n    }\r\n\r\n\r\n\r\n    app.runEventLoop()\r\n\r\n    // testApp()\r\n    // testWindow()\r\n\r\n    // testVec2()\r\n    // // testToast()\r\n    // testRect()\r\n    // testRadius();\r\n    // testInset()\r\n    // testGlobal()\r\n    // testEvent()\r\n    // testEmitter()\r\n    // testEdge()\r\n    // testCursor()\r\n    // testColor()\r\n    // testClipboard()\r\n    // testBorder()\r\n    // testScreen()\r\n    // testTimer();\r\n\r\n\r\n    // testWindow();\r\n\r\n    // int ok = glewInit();\r\n    // printf(\"test Main ctx:%d\\n\", ctx)\r\n    // getchar();\r\n    // printf(\"glewINit:%d\\n\", ok);\r\n    printf(\"glewINit:%d\\n\", 1);\r\n    getchar();\r\n    return 0\r\n}\r\n\r\n"
        }
    ],
    "textDocument": {
        "uri": "file:///d%3A/ws/Sui/orc-linux/src/Main.orc",
        "version": 41
    }
}
didChange:file:///d:/ws/Sui/orc-linux/src/Main.orc 8371 41 
route. id:50, method:textDocument/documentHighlight, params:{
    "position": {
        "character": 0,
        "line": 10
    },
    "textDocument": {
        "uri": "file:///d%3A/ws/Sui/orc-linux/src/Main.orc"
    }
}

response:Content-Length: 37

{"id":50,"jsonrpc":"2.0","result":{}}
route. id:51, method:textDocument/documentSymbol, params:{
    "textDocument": {
        "uri": "file:///d%3A/ws/Sui/orc-linux/src/Main.orc"
    }
}
ent:file:///d:/ws/Sui/orc-linux/src/Main.orc 
route. id:52, method:textDocument/codeAction, params:{
    "context": {
        "diagnostics": []
    },
    "range": {
        "end": {
            "character": 0,
            "line": 10
        },
        "start": {
            "character": 0,
            "line": 10
        }
    },
    "textDocument": {
        "uri": "file:///d%3A/ws/Sui/orc-linux/src/Main.orc"
    }
}
codeAction succ

response:Content-Length: 383

{"id":52,"jsonrpc":"2.0","result":[{"command":{"arguments":[{"context":{"diagnostics":[],"only":[],"triggerKind":0},"range":{"end":{"character":0,"line":10},"start":{"character":0,"line":10}},"textDocument":{"uri":"file:///d:/ws/Sui/orc-linux/src/Main.orc"}}],"command":"orclsp.import","title":"orclsp.import"},"diagnostics":[],"isPrefered":true,"kind":"refactor","title":"import"}]}

server=>client notification:Content-Length: 833

{"jsonrpc":"2.0","method":"textDocument/publishDiagnostics","params":{"diagnostics":[{"code":62113,"codeDescription":{"href":""},"message":"type error. undefined Type:App","range":{"end":{"character":23,"line":34},"start":{"character":4,"line":34}},"relatedInformation":[],"severity":1,"source":"","tags":[]},{"code":62113,"codeDescription":{"href":""},"message":"type error. undefined Type:Window","range":{"end":{"character":33,"line":41},"start":{"character":8,"line":41}},"relatedInformation":[],"severity":1,"source":"","tags":[]},{"code":62113,"codeDescription":{"href":""},"message":"type error. undefined Type:LayoutLinear","range":{"end":{"character":48,"line":44},"start":{"character":12,"line":44}},"relatedInformation":[],"severity":1,"source":"","tags":[]}],"uri":"file:///d:/ws/Sui/orc-linux/src/Main.orc","version":8}}
buildSymbolSpace_byTextDocument. program
buildSymbolSpace_byTextDocument. mkSpace
buildSymbolSpace_byTextDocument. init symbol builder v isitor
buildSymbolSpace_byTextDocument. SymbolBuilderVisitor.visit
buildSymbolSpace_byTextDocument  for uri file:///d:/ws/Sui/orc-linux/src/Main.orc. version:%d 
didChange succ
buildDocumentSymbols. start
buildSymbolInfomations_bySymbols. start
buildSymbolInfomations_bySymbols. sym.name:initMain ret:0
buildSymbolInfomations_bySymbols. sym.name:main ret:1
buildDocumentSymbols. cnt:2

response:Content-Length: 468

{"id":45,"jsonrpc":"2.0","result":[{"children":[],"detail":"","kind":12,"name":"initMain","range":{"end":{"character":13,"line":10},"start":{"character":5,"line":10}},"selectionRange":{"end":{"character":13,"line":10},"start":{"character":5,"line":10}}},{"children":[],"detail":"","kind":12,"name":"main","range":{"end":{"character":8,"line":15},"start":{"character":4,"line":15}},"selectionRange":{"end":{"character":8,"line":15},"start":{"character":4,"line":15}}}]}
buildDocumentSymbols. start
buildSymbolInfomations_bySymbols. start
buildSymbolInfomations_bySymbols. sym.name:initMain ret:0
buildSymbolInfomations_bySymbols. sym.name:main ret:1
buildDocumentSymbols. cnt:2

response:Content-Length: 468

{"id":47,"jsonrpc":"2.0","result":[{"children":[],"detail":"","kind":12,"name":"initMain","range":{"end":{"character":13,"line":10},"start":{"character":5,"line":10}},"selectionRange":{"end":{"character":13,"line":10},"start":{"character":5,"line":10}}},{"children":[],"detail":"","kind":12,"name":"main","range":{"end":{"character":8,"line":15},"start":{"character":4,"line":15}},"selectionRange":{"end":{"character":8,"line":15},"start":{"character":4,"line":15}}}]}
buildDocumentSymbols. start
buildSymbolInfomations_bySymbols. start
buildSymbolInfomations_bySymbols. sym.name:initMain ret:0
buildSymbolInfomations_bySymbols. sym.name:main ret:1
buildDocumentSymbols. cnt:2

response:Content-Length: 468

{"id":48,"jsonrpc":"2.0","result":[{"children":[],"detail":"","kind":12,"name":"initMain","range":{"end":{"character":13,"line":10},"start":{"character":5,"line":10}},"selectionRange":{"end":{"character":13,"line":10},"start":{"character":5,"line":10}}},{"children":[],"detail":"","kind":12,"name":"main","range":{"end":{"character":8,"line":15},"start":{"character":4,"line":15}},"selectionRange":{"end":{"character":8,"line":15},"start":{"character":4,"line":15}}}]}
buildSymbolSpace_byTextDocument. uri:file:///d:/ws/Sui/orc-linux/src/Main.orc, absPath:d:/ws/Sui/orc-linux/src/Main.orc
buildSymbolSpace_byTextDocument. mk parser
route. id:53, method:textDocument/codeAction, params:{
    "context": {
        "diagnostics": []
    },
    "range": {
        "end": {
            "character": 0,
            "line": 10
        },
        "start": {
            "character": 0,
            "line": 10
        }
    },
    "textDocument": {
        "uri": "file:///d%3A/ws/Sui/orc-linux/src/Main.orc"
    }
}
codeAction succ

response:Content-Length: 383

{"id":53,"jsonrpc":"2.0","result":[{"command":{"arguments":[{"context":{"diagnostics":[],"only":[],"triggerKind":0},"range":{"end":{"character":0,"line":10},"start":{"character":0,"line":10}},"textDocument":{"uri":"file:///d:/ws/Sui/orc-linux/src/Main.orc"}}],"command":"orclsp.import","title":"orclsp.import"},"diagnostics":[],"isPrefered":true,"kind":"refactor","title":"import"}]}

server=>client notification:Content-Length: 833

{"jsonrpc":"2.0","method":"textDocument/publishDiagnostics","params":{"diagnostics":[{"code":62113,"codeDescription":{"href":""},"message":"type error. undefined Type:App","range":{"end":{"character":23,"line":25},"start":{"character":4,"line":25}},"relatedInformation":[],"severity":1,"source":"","tags":[]},{"code":62113,"codeDescription":{"href":""},"message":"type error. undefined Type:Window","range":{"end":{"character":33,"line":32},"start":{"character":8,"line":32}},"relatedInformation":[],"severity":1,"source":"","tags":[]},{"code":62113,"codeDescription":{"href":""},"message":"type error. undefined Type:LayoutLinear","range":{"end":{"character":48,"line":35},"start":{"character":12,"line":35}},"relatedInformation":[],"severity":1,"source":"","tags":[]}],"uri":"file:///d:/ws/Sui/orc-linux/src/Main.orc","version":8}}
buildSymbolSpace_byTextDocument. program
buildSymbolSpace_byTextDocument. mkSpace
buildSymbolSpace_byTextDocument. init symbol builder v isitor
buildSymbolSpace_byTextDocument. SymbolBuilderVisitor.visit
buildSymbolSpace_byTextDocument  for uri file:///d:/ws/Sui/orc-linux/src/Main.orc. version:%d 
didChange succ
buildDocumentSymbols. start
buildSymbolInfomations_bySymbols. start
buildSymbolInfomations_bySymbols. sym.name:initMain ret:0
buildSymbolInfomations_bySymbols. sym.name:main ret:1
buildDocumentSymbols. cnt:2

response:Content-Length: 468

{"id":51,"jsonrpc":"2.0","result":[{"children":[],"detail":"","kind":12,"name":"initMain","range":{"end":{"character":13,"line":10},"start":{"character":5,"line":10}},"selectionRange":{"end":{"character":13,"line":10},"start":{"character":5,"line":10}}},{"children":[],"detail":"","kind":12,"name":"main","range":{"end":{"character":8,"line":14},"start":{"character":4,"line":14}},"selectionRange":{"end":{"character":8,"line":14},"start":{"character":4,"line":14}}}]}
route. id:54, method:textDocument/documentLink, params:{
    "textDocument": {
        "uri": "file:///d%3A/ws/Sui/orc-linux/src/Main.orc"
    }
}

response:Content-Length: 37

{"id":54,"jsonrpc":"2.0","result":{}}
route. id:55, method:textDocument/documentColor, params:{
    "textDocument": {
        "uri": "file:///d%3A/ws/Sui/orc-linux/src/Main.orc"
    }
}

response:Content-Length: 37

{"id":55,"jsonrpc":"2.0","result":{}}

server=>client notification:Content-Length: 833

{"jsonrpc":"2.0","method":"textDocument/publishDiagnostics","params":{"diagnostics":[{"code":62113,"codeDescription":{"href":""},"message":"type error. undefined Type:App","range":{"end":{"character":23,"line":24},"start":{"character":4,"line":24}},"relatedInformation":[],"severity":1,"source":"","tags":[]},{"code":62113,"codeDescription":{"href":""},"message":"type error. undefined Type:Window","range":{"end":{"character":33,"line":31},"start":{"character":8,"line":31}},"relatedInformation":[],"severity":1,"source":"","tags":[]},{"code":62113,"codeDescription":{"href":""},"message":"type error. undefined Type:LayoutLinear","range":{"end":{"character":48,"line":34},"start":{"character":12,"line":34}},"relatedInformation":[],"severity":1,"source":"","tags":[]}],"uri":"file:///d:/ws/Sui/orc-linux/src/Main.orc","version":8}}
route. id:56, method:textDocument/codeAction, params:{
    "context": {
        "diagnostics": []
    },
    "range": {
        "end": {
            "character": 0,
            "line": 10
        },
        "start": {
            "character": 0,
            "line": 10
        }
    },
    "textDocument": {
        "uri": "file:///d%3A/ws/Sui/orc-linux/src/Main.orc"
    }
}
codeAction succ

response:Content-Length: 383

{"id":56,"jsonrpc":"2.0","result":[{"command":{"arguments":[{"context":{"diagnostics":[],"only":[],"triggerKind":0},"range":{"end":{"character":0,"line":10},"start":{"character":0,"line":10}},"textDocument":{"uri":"file:///d:/ws/Sui/orc-linux/src/Main.orc"}}],"command":"orclsp.import","title":"orclsp.import"},"diagnostics":[],"isPrefered":true,"kind":"refactor","title":"import"}]}
route. id:57, method:textDocument/documentSymbol, params:{
    "textDocument": {
        "uri": "file:///d%3A/ws/Sui/orc-linux/src/Main.orc"
    }
}
ent:file:///d:/ws/Sui/orc-linux/src/Main.orc 
buildDocumentSymbols. start
buildSymbolInfomations_bySymbols. start
buildSymbolInfomations_bySymbols. sym.name:initMain ret:0
buildSymbolInfomations_bySymbols. sym.name:main ret:1
buildDocumentSymbols. cnt:2

response:Content-Length: 468

{"id":57,"jsonrpc":"2.0","result":[{"children":[],"detail":"","kind":12,"name":"initMain","range":{"end":{"character":13,"line":10},"start":{"character":5,"line":10}},"selectionRange":{"end":{"character":13,"line":10},"start":{"character":5,"line":10}}},{"children":[],"detail":"","kind":12,"name":"main","range":{"end":{"character":8,"line":14},"start":{"character":4,"line":14}},"selectionRange":{"end":{"character":8,"line":14},"start":{"character":4,"line":14}}}]}

server=>client notification:Content-Length: 833

{"jsonrpc":"2.0","method":"textDocument/publishDiagnostics","params":{"diagnostics":[{"code":62113,"codeDescription":{"href":""},"message":"type error. undefined Type:App","range":{"end":{"character":23,"line":23},"start":{"character":4,"line":23}},"relatedInformation":[],"severity":1,"source":"","tags":[]},{"code":62113,"codeDescription":{"href":""},"message":"type error. undefined Type:Window","range":{"end":{"character":33,"line":30},"start":{"character":8,"line":30}},"relatedInformation":[],"severity":1,"source":"","tags":[]},{"code":62113,"codeDescription":{"href":""},"message":"type error. undefined Type:LayoutLinear","range":{"end":{"character":48,"line":33},"start":{"character":12,"line":33}},"relatedInformation":[],"severity":1,"source":"","tags":[]}],"uri":"file:///d:/ws/Sui/orc-linux/src/Main.orc","version":8}}

server=>client notification:Content-Length: 833

{"jsonrpc":"2.0","method":"textDocument/publishDiagnostics","params":{"diagnostics":[{"code":62113,"codeDescription":{"href":""},"message":"type error. undefined Type:App","range":{"end":{"character":23,"line":23},"start":{"character":4,"line":23}},"relatedInformation":[],"severity":1,"source":"","tags":[]},{"code":62113,"codeDescription":{"href":""},"message":"type error. undefined Type:Window","range":{"end":{"character":33,"line":30},"start":{"character":8,"line":30}},"relatedInformation":[],"severity":1,"source":"","tags":[]},{"code":62113,"codeDescription":{"href":""},"message":"type error. undefined Type:LayoutLinear","range":{"end":{"character":48,"line":33},"start":{"character":12,"line":33}},"relatedInformation":[],"severity":1,"source":"","tags":[]}],"uri":"file:///d:/ws/Sui/orc-linux/src/Main.orc","version":8}}

server=>client notification:Content-Length: 833

{"jsonrpc":"2.0","method":"textDocument/publishDiagnostics","params":{"diagnostics":[{"code":62113,"codeDescription":{"href":""},"message":"type error. undefined Type:App","range":{"end":{"character":23,"line":23},"start":{"character":4,"line":23}},"relatedInformation":[],"severity":1,"source":"","tags":[]},{"code":62113,"codeDescription":{"href":""},"message":"type error. undefined Type:Window","range":{"end":{"character":33,"line":30},"start":{"character":8,"line":30}},"relatedInformation":[],"severity":1,"source":"","tags":[]},{"code":62113,"codeDescription":{"href":""},"message":"type error. undefined Type:LayoutLinear","range":{"end":{"character":48,"line":33},"start":{"character":12,"line":33}},"relatedInformation":[],"severity":1,"source":"","tags":[]}],"uri":"file:///d:/ws/Sui/orc-linux/src/Main.orc","version":8}}
route. id:0, method:textDocument/didChange, params:{
    "contentChanges": [
        {
            "text": "#include <stdio.h>\r\n\r\n// #include \"./NanovgEntry.h\"\r\n\r\n#include \"../UrgcDll/urgc_api.h\"\r\n#include \"Orc/Orc.h\"\r\nimport * from \"./Orc/String.orc\"\r\n\r\n \r\n\r\nvoid initMain(){\r\n    // urgc_start_process_thread();\r\n}\r\n\r\n\r\nint main(){\r\n    if (1){\r\n        printf(\"return \\n\")\r\n        return 0;\r\n    }\r\n    initMain()\r\n    windowInit();\r\n\r\n    printf(\"app used0\\n\")\r\n    App@ app = App_use()\r\n    printf(\"app used\\n\")\r\n    \r\n\r\n    // testWindow()\r\n\r\n    if 1 {\r\n        Window@ win = new Window()\r\n        // win.show();\r\n        win. {\r\n            LayoutLinear@ ll = new LayoutLinear()\r\n            win.rootView = ll\r\n            ll.{\r\n                //layoutLinear(o, 0).{\r\n                    o.width = 400\r\n                    o.height = 400\r\n                    o.backgroundColor = 0x93000000\r\n\r\n                    mkDrawButton(o, 0).{\r\n                        o.text = str(\"submit\")\r\n                        o.onClick = ^void(){\r\n                            // Toast_make(\"click\")\r\n                            app.eachWindow(^void (Window *win){\r\n                                win.rootView.printLayoutTimes(0)\r\n                            })\r\n                        }\r\n                    }\r\n                    mkView(o, 0).{\r\n                        o.backgroundColor = 0xffff0000\r\n                        o.width = 100\r\n                        o.height = 100\r\n                        o.margin.setAll(10)\r\n                    }\r\n                    mkEditText(o, 0).{\r\n                        // o.setText(str(\"hi there buzi buzi\"))\r\n                        // o.width = 200\r\n                        o.color = 0xff000000\r\n                        o.height = 40\r\n                        o.backgroundColor = 0x99999999\r\n                    }\r\n                    mkImageView(o, 0).{\r\n                        o.setSrc(str(\"./asset/SpongeBob.png\"))\r\n                    }\r\n                    mkTextView(o, 0).{\r\n                        o.setText(str(\"hi there buzi buzi\"))\r\n                        // o.width = 200\r\n                        // o.height = 40\r\n                        o.backgroundColor = 0x13ff0000\r\n                    }\r\n                    layoutLinear(o, 0).{\r\n                        o.direction.set(\"column\")\r\n                        o.backgroundColor = 0x33112233\r\n                        mkView(o, 0).{\r\n                            o.backgroundColor = 0xff00ff00\r\n                            o.width = 80\r\n                            o.height = 80\r\n                            o.margin.setAll(10)\r\n                        }\r\n                        mkView(o, 0).{\r\n                            o.backgroundColor = 0xff0000ff\r\n                            o.width = 60\r\n                            o.height = 160\r\n                            o.margin.setAll(10)\r\n                        }\r\n                    }\r\n                    mkLayoutGrid(o, 0).{\r\n                        o.width = 200\r\n                        o.height = 200\r\n                        o.backgroundColor = 0x33330000\r\n\r\n                        mkView(o, 0).{\r\n                            o.backgroundColor = 0xff0000ff\r\n                            o.width = 60\r\n                            o.height = 60\r\n                            o.margin.setAll(10)\r\n                        }\r\n                        mkView(o, 0).{\r\n                            o.backgroundColor = 0xff0000ff\r\n                            o.width = 60\r\n                            o.height = 60\r\n                            o.margin.setAll(10)\r\n                        }\r\n                        mkView(o, 0).{\r\n                            o.backgroundColor = 0xff0000ff\r\n                            o.width = 60\r\n                            o.height = 60\r\n                            o.margin.setAll(10)\r\n                        }\r\n                        mkView(o, 0).{\r\n                            o.backgroundColor = 0xff0000ff\r\n                            o.width = 60\r\n                            o.height = 60\r\n                            o.margin.setAll(10)\r\n                        }\r\n                    }\r\n                    mkRowWrap(o, 0).{\r\n                        o.width = 200\r\n                        o.height = 200\r\n                        o.backgroundColor = 0x33009900\r\n\r\n                        mkView(o, 0).{\r\n                            o.backgroundColor = 0xff0000ff\r\n                            o.width = 60\r\n                            o.height = 60\r\n                            o.margin.setAll(10)\r\n                        }\r\n                        mkView(o, 0).{\r\n                            o.backgroundColor = 0xff0000ff\r\n                            o.width = 60\r\n                            o.height = 60\r\n                            o.margin.setAll(10)\r\n                        }\r\n                        mkView(o, 0).{\r\n                            o.backgroundColor = 0xff0000ff\r\n                            o.width = 60\r\n                            o.height = 60\r\n                            o.margin.setAll(10)\r\n                        }\r\n                        mkView(o, 0).{\r\n                            o.backgroundColor = 0xff0000ff\r\n                            o.width = 60\r\n                            o.height = 60\r\n                            o.margin.setAll(10)\r\n                        }\r\n                    }\r\n                    layoutAlign(o, 0).{\r\n                        o.width = 200\r\n                        o.height = 200\r\n                        o.backgroundColor = 0x33009900\r\n\r\n                        mkView(o, 0).{\r\n                            o.backgroundColor = 0xfffff06f\r\n                            o.width = 60\r\n                            o.height = 60\r\n                            o.margin.setAll(10)\r\n\r\n                            layoutAlignCell(o, 0).{\r\n                                o.setBottomRight()\r\n                            }\r\n                        }\r\n                        mkView(o, 0).{\r\n                            o.backgroundColor = 0xff6000ff\r\n                            o.width = 60\r\n                            o.height = 60\r\n                            o.margin.setAll(10)\r\n\r\n                            layoutAlignCell(o, 0).{\r\n                                o.setBottomCenter()\r\n                            }\r\n                        }\r\n                        mkView(o, 0).{\r\n                            o.backgroundColor = 0xff00ffff\r\n                            o.width = 60\r\n                            o.height = 60\r\n                            o.margin.setAll(10)\r\n\r\n                            layoutAlignCell(o, 0).{\r\n                                o.setCenter()\r\n                            }\r\n                        }\r\n                        mkView(o, 0).{\r\n                            o.backgroundColor = 0xffff00ff\r\n                            o.width = 60\r\n                            o.height = 60\r\n                            o.margin.setAll(10)\r\n\r\n                            layoutAlignPositionCell(o, 0).{\r\n                                o.left = nan\r\n                                o.right = -60\r\n                                o.top = 3\r\n                            }\r\n                        }\r\n                        mkView(o, 0).{\r\n                            o.backgroundColor = 0xff6f009f\r\n\r\n                            layoutAlignPositionCell(o, 0).{\r\n                                o.left = 10\r\n                                o.right = 150\r\n                                o.top = 30\r\n                                o.bottom = 30\r\n                            }\r\n                        }\r\n                    }\r\n                //}\r\n            }\r\n\r\n\r\n            o.setTitle(\"orc机器人\")\r\n            o.setSize(840, 480)\r\n            o.setPos(400, 200)\r\n            o.show()\r\n        }\r\n\r\n    }\r\n\r\n\r\n\r\n    app.runEventLoop()\r\n\r\n    // testApp()\r\n    // testWindow()\r\n\r\n    // testVec2()\r\n    // // testToast()\r\n    // testRect()\r\n    // testRadius();\r\n    // testInset()\r\n    // testGlobal()\r\n    // testEvent()\r\n    // testEmitter()\r\n    // testEdge()\r\n    // testCursor()\r\n    // testColor()\r\n    // testClipboard()\r\n    // testBorder()\r\n    // testScreen()\r\n    // testTimer();\r\n\r\n\r\n    // testWindow();\r\n\r\n    // int ok = glewInit();\r\n    // printf(\"test Main ctx:%d\\n\", ctx)\r\n    // getchar();\r\n    // printf(\"glewINit:%d\\n\", ok);\r\n    printf(\"glewINit:%d\\n\", 1);\r\n    getchar();\r\n    return 0\r\n}\r\n\r\n"
        }
    ],
    "textDocument": {
        "uri": "file:///d%3A/ws/Sui/orc-linux/src/Main.orc",
        "version": 42
    }
}
didChange:file:///d:/ws/Sui/orc-linux/src/Main.orc 8408 42 
buildSymbolSpace_byTextDocument. uri:file:///d:/ws/Sui/orc-linux/src/Main.orc, absPath:d:/ws/Sui/orc-linux/src/Main.orc
buildSymbolSpace_byTextDocument. mk parser
route. id:58, method:textDocument/documentSymbol, params:{
    "textDocument": {
        "uri": "file:///d%3A/ws/Sui/orc-linux/src/Main.orc"
    }
}
ent:file:///d:/ws/Sui/orc-linux/src/Main.orc 

server=>client notification:Content-Length: 833

{"jsonrpc":"2.0","method":"textDocument/publishDiagnostics","params":{"diagnostics":[{"code":62113,"codeDescription":{"href":""},"message":"type error. undefined Type:App","range":{"end":{"character":23,"line":23},"start":{"character":4,"line":23}},"relatedInformation":[],"severity":1,"source":"","tags":[]},{"code":62113,"codeDescription":{"href":""},"message":"type error. undefined Type:Window","range":{"end":{"character":33,"line":30},"start":{"character":8,"line":30}},"relatedInformation":[],"severity":1,"source":"","tags":[]},{"code":62113,"codeDescription":{"href":""},"message":"type error. undefined Type:LayoutLinear","range":{"end":{"character":48,"line":33},"start":{"character":12,"line":33}},"relatedInformation":[],"severity":1,"source":"","tags":[]}],"uri":"file:///d:/ws/Sui/orc-linux/src/Main.orc","version":8}}
buildSymbolSpace_byTextDocument. program
buildSymbolSpace_byTextDocument. mkSpace
buildSymbolSpace_byTextDocument. init symbol builder v isitor
buildSymbolSpace_byTextDocument. SymbolBuilderVisitor.visit
buildSymbolSpace_byTextDocument  for uri file:///d:/ws/Sui/orc-linux/src/Main.orc. version:%d 
didChange succ
buildDocumentSymbols. start
buildSymbolInfomations_bySymbols. start
buildSymbolInfomations_bySymbols. sym.name:initMain ret:0
buildSymbolInfomations_bySymbols. sym.name:main ret:1
buildDocumentSymbols. cnt:2

response:Content-Length: 468

{"id":58,"jsonrpc":"2.0","result":[{"children":[],"detail":"","kind":12,"name":"initMain","range":{"end":{"character":13,"line":10},"start":{"character":5,"line":10}},"selectionRange":{"end":{"character":13,"line":10},"start":{"character":5,"line":10}}},{"children":[],"detail":"","kind":12,"name":"main","range":{"end":{"character":8,"line":15},"start":{"character":4,"line":15}},"selectionRange":{"end":{"character":8,"line":15},"start":{"character":4,"line":15}}}]}

server=>client notification:Content-Length: 833

{"jsonrpc":"2.0","method":"textDocument/publishDiagnostics","params":{"diagnostics":[{"code":62113,"codeDescription":{"href":""},"message":"type error. undefined Type:App","range":{"end":{"character":23,"line":24},"start":{"character":4,"line":24}},"relatedInformation":[],"severity":1,"source":"","tags":[]},{"code":62113,"codeDescription":{"href":""},"message":"type error. undefined Type:Window","range":{"end":{"character":33,"line":31},"start":{"character":8,"line":31}},"relatedInformation":[],"severity":1,"source":"","tags":[]},{"code":62113,"codeDescription":{"href":""},"message":"type error. undefined Type:LayoutLinear","range":{"end":{"character":48,"line":34},"start":{"character":12,"line":34}},"relatedInformation":[],"severity":1,"source":"","tags":[]}],"uri":"file:///d:/ws/Sui/orc-linux/src/Main.orc","version":8}}
route. id:59, method:textDocument/documentLink, params:{
    "textDocument": {
        "uri": "file:///d%3A/ws/Sui/orc-linux/src/Main.orc"
    }
}

response:Content-Length: 37

{"id":59,"jsonrpc":"2.0","result":{}}
route. id:60, method:textDocument/documentColor, params:{
    "textDocument": {
        "uri": "file:///d%3A/ws/Sui/orc-linux/src/Main.orc"
    }
}

response:Content-Length: 37

{"id":60,"jsonrpc":"2.0","result":{}}
route. id:61, method:textDocument/documentHighlight, params:{
    "position": {
        "character": 0,
        "line": 10
    },
    "textDocument": {
        "uri": "file:///d%3A/ws/Sui/orc-linux/src/Main.orc"
    }
}

response:Content-Length: 37

{"id":61,"jsonrpc":"2.0","result":{}}
route. id:62, method:textDocument/codeAction, params:{
    "context": {
        "diagnostics": []
    },
    "range": {
        "end": {
            "character": 0,
            "line": 10
        },
        "start": {
            "character": 0,
            "line": 10
        }
    },
    "textDocument": {
        "uri": "file:///d%3A/ws/Sui/orc-linux/src/Main.orc"
    }
}
codeAction succ

response:Content-Length: 383

{"id":62,"jsonrpc":"2.0","result":[{"command":{"arguments":[{"context":{"diagnostics":[],"only":[],"triggerKind":0},"range":{"end":{"character":0,"line":10},"start":{"character":0,"line":10}},"textDocument":{"uri":"file:///d:/ws/Sui/orc-linux/src/Main.orc"}}],"command":"orclsp.import","title":"orclsp.import"},"diagnostics":[],"isPrefered":true,"kind":"refactor","title":"import"}]}
route. id:63, method:textDocument/documentSymbol, params:{
    "textDocument": {
        "uri": "file:///d%3A/ws/Sui/orc-linux/src/Main.orc"
    }
}
ent:file:///d:/ws/Sui/orc-linux/src/Main.orc 
buildDocumentSymbols. start
buildSymbolInfomations_bySymbols. start
buildSymbolInfomations_bySymbols. sym.name:initMain ret:0
buildSymbolInfomations_bySymbols. sym.name:main ret:1
buildDocumentSymbols. cnt:2

response:Content-Length: 468

{"id":63,"jsonrpc":"2.0","result":[{"children":[],"detail":"","kind":12,"name":"initMain","range":{"end":{"character":13,"line":10},"start":{"character":5,"line":10}},"selectionRange":{"end":{"character":13,"line":10},"start":{"character":5,"line":10}}},{"children":[],"detail":"","kind":12,"name":"main","range":{"end":{"character":8,"line":15},"start":{"character":4,"line":15}},"selectionRange":{"end":{"character":8,"line":15},"start":{"character":4,"line":15}}}]}
route. id:64, method:textDocument/hover, params:{
    "position": {
        "character": 29,
        "line": 40
    },
    "textDocument": {
        "uri": "file:///d%3A/ws/Sui/orc-linux/src/Main.orc"
    }
}
hover calc symbol error:不识别的表达式，无法求取类型:o.backgroundColor #41
hover succ

response:Content-Length: 178

{"id":64,"jsonrpc":"2.0","result":{"contents":{"kind":"plaintext","value":"ast:o.backgroundColor"},"range":{"end":{"character":32,"line":40},"start":{"character":29,"line":40}}}}
route. id:0, method:$/cancelRequest, params:{
    "id": 64
}

response:Content-Length: 36

{"id":0,"jsonrpc":"2.0","result":{}}
route. id:65, method:textDocument/codeAction, params:{
    "context": {
        "diagnostics": []
    },
    "range": {
        "end": {
            "character": 9,
            "line": 30
        },
        "start": {
            "character": 9,
            "line": 30
        }
    },
    "textDocument": {
        "uri": "file:///d%3A/ws/Sui/orc-linux/src/Main.orc"
    }
}
codeAction succ

response:Content-Length: 383

{"id":65,"jsonrpc":"2.0","result":[{"command":{"arguments":[{"context":{"diagnostics":[],"only":[],"triggerKind":0},"range":{"end":{"character":9,"line":30},"start":{"character":9,"line":30}},"textDocument":{"uri":"file:///d:/ws/Sui/orc-linux/src/Main.orc"}}],"command":"orclsp.import","title":"orclsp.import"},"diagnostics":[],"isPrefered":true,"kind":"refactor","title":"import"}]}
route. id:0, method:textDocument/didChange, params:{
    "contentChanges": [
        {
            "text": "#include <stdio.h>\r\n\r\n// #include \"./NanovgEntry.h\"\r\n\r\n#include \"../UrgcDll/urgc_api.h\"\r\n#include \"Orc/Orc.h\"\r\nimport * from \"./Orc/String.orc\"\r\n\r\n \r\n\r\nvoid initMain(){\r\n    // urgc_start_process_thread();\r\n}\r\n\r\n\r\nint main(){\r\n    if (1){\r\n        printf(\"return \\n\")\r\n        return 0;\r\n    }\r\n    initMain()\r\n    windowInit();\r\n\r\n    printf(\"app used0\\n\")\r\n    App@ app = App_use()\r\n    printf(\"app used\\n\")\r\n    \r\n\r\n    // testWindow()\r\n\r\n        Window@ win = new Window()\r\n        // win.show();\r\n        win. {\r\n            LayoutLinear@ ll = new LayoutLinear()\r\n            win.rootView = ll\r\n            ll.{\r\n                //layoutLinear(o, 0).{\r\n                    o.width = 400\r\n                    o.height = 400\r\n                    o.backgroundColor = 0x93000000\r\n\r\n                    mkDrawButton(o, 0).{\r\n                        o.text = str(\"submit\")\r\n                        o.onClick = ^void(){\r\n                            // Toast_make(\"click\")\r\n                            app.eachWindow(^void (Window *win){\r\n                                win.rootView.printLayoutTimes(0)\r\n                            })\r\n                        }\r\n                    }\r\n                    mkView(o, 0).{\r\n                        o.backgroundColor = 0xffff0000\r\n                        o.width = 100\r\n                        o.height = 100\r\n                        o.margin.setAll(10)\r\n                    }\r\n                    mkEditText(o, 0).{\r\n                        // o.setText(str(\"hi there buzi buzi\"))\r\n                        // o.width = 200\r\n                        o.color = 0xff000000\r\n                        o.height = 40\r\n                        o.backgroundColor = 0x99999999\r\n                    }\r\n                    mkImageView(o, 0).{\r\n                        o.setSrc(str(\"./asset/SpongeBob.png\"))\r\n                    }\r\n                    mkTextView(o, 0).{\r\n                        o.setText(str(\"hi there buzi buzi\"))\r\n                        // o.width = 200\r\n                        // o.height = 40\r\n                        o.backgroundColor = 0x13ff0000\r\n                    }\r\n                    layoutLinear(o, 0).{\r\n                        o.direction.set(\"column\")\r\n                        o.backgroundColor = 0x33112233\r\n                        mkView(o, 0).{\r\n                            o.backgroundColor = 0xff00ff00\r\n                            o.width = 80\r\n                            o.height = 80\r\n                            o.margin.setAll(10)\r\n                        }\r\n                        mkView(o, 0).{\r\n                            o.backgroundColor = 0xff0000ff\r\n                            o.width = 60\r\n                            o.height = 160\r\n                            o.margin.setAll(10)\r\n                        }\r\n                    }\r\n                    mkLayoutGrid(o, 0).{\r\n                        o.width = 200\r\n                        o.height = 200\r\n                        o.backgroundColor = 0x33330000\r\n\r\n                        mkView(o, 0).{\r\n                            o.backgroundColor = 0xff0000ff\r\n                            o.width = 60\r\n                            o.height = 60\r\n                            o.margin.setAll(10)\r\n                        }\r\n                        mkView(o, 0).{\r\n                            o.backgroundColor = 0xff0000ff\r\n                            o.width = 60\r\n                            o.height = 60\r\n                            o.margin.setAll(10)\r\n                        }\r\n                        mkView(o, 0).{\r\n                            o.backgroundColor = 0xff0000ff\r\n                            o.width = 60\r\n                            o.height = 60\r\n                            o.margin.setAll(10)\r\n                        }\r\n                        mkView(o, 0).{\r\n                            o.backgroundColor = 0xff0000ff\r\n                            o.width = 60\r\n                            o.height = 60\r\n                            o.margin.setAll(10)\r\n                        }\r\n                    }\r\n                    mkRowWrap(o, 0).{\r\n                        o.width = 200\r\n                        o.height = 200\r\n                        o.backgroundColor = 0x33009900\r\n\r\n                        mkView(o, 0).{\r\n                            o.backgroundColor = 0xff0000ff\r\n                            o.width = 60\r\n                            o.height = 60\r\n                            o.margin.setAll(10)\r\n                        }\r\n                        mkView(o, 0).{\r\n                            o.backgroundColor = 0xff0000ff\r\n                            o.width = 60\r\n                            o.height = 60\r\n                            o.margin.setAll(10)\r\n                        }\r\n                        mkView(o, 0).{\r\n                            o.backgroundColor = 0xff0000ff\r\n                            o.width = 60\r\n                            o.height = 60\r\n                            o.margin.setAll(10)\r\n                        }\r\n                        mkView(o, 0).{\r\n                            o.backgroundColor = 0xff0000ff\r\n                            o.width = 60\r\n                            o.height = 60\r\n                            o.margin.setAll(10)\r\n                        }\r\n                    }\r\n                    layoutAlign(o, 0).{\r\n                        o.width = 200\r\n                        o.height = 200\r\n                        o.backgroundColor = 0x33009900\r\n\r\n                        mkView(o, 0).{\r\n                            o.backgroundColor = 0xfffff06f\r\n                            o.width = 60\r\n                            o.height = 60\r\n                            o.margin.setAll(10)\r\n\r\n                            layoutAlignCell(o, 0).{\r\n                                o.setBottomRight()\r\n                            }\r\n                        }\r\n                        mkView(o, 0).{\r\n                            o.backgroundColor = 0xff6000ff\r\n                            o.width = 60\r\n                            o.height = 60\r\n                            o.margin.setAll(10)\r\n\r\n                            layoutAlignCell(o, 0).{\r\n                                o.setBottomCenter()\r\n                            }\r\n                        }\r\n                        mkView(o, 0).{\r\n                            o.backgroundColor = 0xff00ffff\r\n                            o.width = 60\r\n                            o.height = 60\r\n                            o.margin.setAll(10)\r\n\r\n                            layoutAlignCell(o, 0).{\r\n                                o.setCenter()\r\n                            }\r\n                        }\r\n                        mkView(o, 0).{\r\n                            o.backgroundColor = 0xffff00ff\r\n                            o.width = 60\r\n                            o.height = 60\r\n                            o.margin.setAll(10)\r\n\r\n                            layoutAlignPositionCell(o, 0).{\r\n                                o.left = nan\r\n                                o.right = -60\r\n                                o.top = 3\r\n                            }\r\n                        }\r\n                        mkView(o, 0).{\r\n                            o.backgroundColor = 0xff6f009f\r\n\r\n                            layoutAlignPositionCell(o, 0).{\r\n                                o.left = 10\r\n                                o.right = 150\r\n                                o.top = 30\r\n                                o.bottom = 30\r\n                            }\r\n                        }\r\n                    }\r\n                //}\r\n            }\r\n\r\n\r\n            o.setTitle(\"orc机器人\")\r\n            o.setSize(840, 480)\r\n            o.setPos(400, 200)\r\n            o.show()\r\n        }\r\n\r\n    }\r\n\r\n\r\n\r\n    app.runEventLoop()\r\n\r\n    // testApp()\r\n    // testWindow()\r\n\r\n    // testVec2()\r\n    // // testToast()\r\n    // testRect()\r\n    // testRadius();\r\n    // testInset()\r\n    // testGlobal()\r\n    // testEvent()\r\n    // testEmitter()\r\n    // testEdge()\r\n    // testCursor()\r\n    // testColor()\r\n    // testClipboard()\r\n    // testBorder()\r\n    // testScreen()\r\n    // testTimer();\r\n\r\n\r\n    // testWindow();\r\n\r\n    // int ok = glewInit();\r\n    // printf(\"test Main ctx:%d\\n\", ctx)\r\n    // getchar();\r\n    // printf(\"glewINit:%d\\n\", ok);\r\n    printf(\"glewINit:%d\\n\", 1);\r\n    getchar();\r\n    return 0\r\n}\r\n\r\n"
        }
    ],
    "textDocument": {
        "uri": "file:///d%3A/ws/Sui/orc-linux/src/Main.orc",
        "version": 43
    }
}
didChange:file:///d:/ws/Sui/orc-linux/src/Main.orc 8396 43 
route. id:66, method:textDocument/documentHighlight, params:{
    "position": {
        "character": 8,
        "line": 30
    },
    "textDocument": {
        "uri": "file:///d%3A/ws/Sui/orc-linux/src/Main.orc"
    }
}

response:Content-Length: 37

{"id":66,"jsonrpc":"2.0","result":{}}
buildSymbolSpace_byTextDocument. uri:file:///d:/ws/Sui/orc-linux/src/Main.orc, absPath:d:/ws/Sui/orc-linux/src/Main.orc
buildSymbolSpace_byTextDocument. mk parser
route. id:67, method:textDocument/codeAction, params:{
    "context": {
        "diagnostics": []
    },
    "range": {
        "end": {
            "character": 8,
            "line": 30
        },
        "start": {
            "character": 8,
            "line": 30
        }
    },
    "textDocument": {
        "uri": "file:///d%3A/ws/Sui/orc-linux/src/Main.orc"
    }
}
codeAction succ

response:Content-Length: 383

{"id":67,"jsonrpc":"2.0","result":[{"command":{"arguments":[{"context":{"diagnostics":[],"only":[],"triggerKind":0},"range":{"end":{"character":8,"line":30},"start":{"character":8,"line":30}},"textDocument":{"uri":"file:///d:/ws/Sui/orc-linux/src/Main.orc"}}],"command":"orclsp.import","title":"orclsp.import"},"diagnostics":[],"isPrefered":true,"kind":"refactor","title":"import"}]}
Actor cbHandle error. msg:has syntax errorroute. id:0, method:textDocument/didChange, params:{
    "contentChanges": [
        {
            "text": "#include <stdio.h>\r\n\r\n// #include \"./NanovgEntry.h\"\r\n\r\n#include \"../UrgcDll/urgc_api.h\"\r\n#include \"Orc/Orc.h\"\r\nimport * from \"./Orc/String.orc\"\r\n\r\n \r\n\r\nvoid initMain(){\r\n    // urgc_start_process_thread();\r\n}\r\n\r\n\r\nint main(){\r\n    if (1){\r\n        printf(\"return \\n\")\r\n        return 0;\r\n    }\r\n    initMain()\r\n    windowInit();\r\n\r\n    printf(\"app used0\\n\")\r\n    App@ app = App_use()\r\n    printf(\"app used\\n\")\r\n    \r\n\r\n    // testWindow()\r\n\r\n        // win.show();\r\n        win. {\r\n            LayoutLinear@ ll = new LayoutLinear()\r\n            win.rootView = ll\r\n            ll.{\r\n                //layoutLinear(o, 0).{\r\n                    o.width = 400\r\n                    o.height = 400\r\n                    o.backgroundColor = 0x93000000\r\n\r\n                    mkDrawButton(o, 0).{\r\n                        o.text = str(\"submit\")\r\n                        o.onClick = ^void(){\r\n                            // Toast_make(\"click\")\r\n                            app.eachWindow(^void (Window *win){\r\n                                win.rootView.printLayoutTimes(0)\r\n                            })\r\n                        }\r\n                    }\r\n                    mkView(o, 0).{\r\n                        o.backgroundColor = 0xffff0000\r\n                        o.width = 100\r\n                        o.height = 100\r\n                        o.margin.setAll(10)\r\n                    }\r\n                    mkEditText(o, 0).{\r\n                        // o.setText(str(\"hi there buzi buzi\"))\r\n                        // o.width = 200\r\n                        o.color = 0xff000000\r\n                        o.height = 40\r\n                        o.backgroundColor = 0x99999999\r\n                    }\r\n                    mkImageView(o, 0).{\r\n                        o.setSrc(str(\"./asset/SpongeBob.png\"))\r\n                    }\r\n                    mkTextView(o, 0).{\r\n                        o.setText(str(\"hi there buzi buzi\"))\r\n                        // o.width = 200\r\n                        // o.height = 40\r\n                        o.backgroundColor = 0x13ff0000\r\n                    }\r\n                    layoutLinear(o, 0).{\r\n                        o.direction.set(\"column\")\r\n                        o.backgroundColor = 0x33112233\r\n                        mkView(o, 0).{\r\n                            o.backgroundColor = 0xff00ff00\r\n                            o.width = 80\r\n                            o.height = 80\r\n                            o.margin.setAll(10)\r\n                        }\r\n                        mkView(o, 0).{\r\n                            o.backgroundColor = 0xff0000ff\r\n                            o.width = 60\r\n                            o.height = 160\r\n                            o.margin.setAll(10)\r\n                        }\r\n                    }\r\n                    mkLayoutGrid(o, 0).{\r\n                        o.width = 200\r\n                        o.height = 200\r\n                        o.backgroundColor = 0x33330000\r\n\r\n                        mkView(o, 0).{\r\n                            o.backgroundColor = 0xff0000ff\r\n                            o.width = 60\r\n                            o.height = 60\r\n                            o.margin.setAll(10)\r\n                        }\r\n                        mkView(o, 0).{\r\n                            o.backgroundColor = 0xff0000ff\r\n                            o.width = 60\r\n                            o.height = 60\r\n                            o.margin.setAll(10)\r\n                        }\r\n                        mkView(o, 0).{\r\n                            o.backgroundColor = 0xff0000ff\r\n                            o.width = 60\r\n                            o.height = 60\r\n                            o.margin.setAll(10)\r\n                        }\r\n                        mkView(o, 0).{\r\n                            o.backgroundColor = 0xff0000ff\r\n                            o.width = 60\r\n                            o.height = 60\r\n                            o.margin.setAll(10)\r\n                        }\r\n                    }\r\n                    mkRowWrap(o, 0).{\r\n                        o.width = 200\r\n                        o.height = 200\r\n                        o.backgroundColor = 0x33009900\r\n\r\n                        mkView(o, 0).{\r\n                            o.backgroundColor = 0xff0000ff\r\n                            o.width = 60\r\n                            o.height = 60\r\n                            o.margin.setAll(10)\r\n                        }\r\n                        mkView(o, 0).{\r\n                            o.backgroundColor = 0xff0000ff\r\n                            o.width = 60\r\n                            o.height = 60\r\n                            o.margin.setAll(10)\r\n                        }\r\n                        mkView(o, 0).{\r\n                            o.backgroundColor = 0xff0000ff\r\n                            o.width = 60\r\n                            o.height = 60\r\n                            o.margin.setAll(10)\r\n                        }\r\n                        mkView(o, 0).{\r\n                            o.backgroundColor = 0xff0000ff\r\n                            o.width = 60\r\n                            o.height = 60\r\n                            o.margin.setAll(10)\r\n                        }\r\n                    }\r\n                    layoutAlign(o, 0).{\r\n                        o.width = 200\r\n                        o.height = 200\r\n                        o.backgroundColor = 0x33009900\r\n\r\n                        mkView(o, 0).{\r\n                            o.backgroundColor = 0xfffff06f\r\n                            o.width = 60\r\n                            o.height = 60\r\n                            o.margin.setAll(10)\r\n\r\n                            layoutAlignCell(o, 0).{\r\n                                o.setBottomRight()\r\n                            }\r\n                        }\r\n                        mkView(o, 0).{\r\n                            o.backgroundColor = 0xff6000ff\r\n                            o.width = 60\r\n                            o.height = 60\r\n                            o.margin.setAll(10)\r\n\r\n                            layoutAlignCell(o, 0).{\r\n                                o.setBottomCenter()\r\n                            }\r\n                        }\r\n                        mkView(o, 0).{\r\n                            o.backgroundColor = 0xff00ffff\r\n                            o.width = 60\r\n                            o.height = 60\r\n                            o.margin.setAll(10)\r\n\r\n                            layoutAlignCell(o, 0).{\r\n                                o.setCenter()\r\n                            }\r\n                        }\r\n                        mkView(o, 0).{\r\n                            o.backgroundColor = 0xffff00ff\r\n                            o.width = 60\r\n                            o.height = 60\r\n                            o.margin.setAll(10)\r\n\r\n                            layoutAlignPositionCell(o, 0).{\r\n                                o.left = nan\r\n                                o.right = -60\r\n                                o.top = 3\r\n                            }\r\n                        }\r\n                        mkView(o, 0).{\r\n                            o.backgroundColor = 0xff6f009f\r\n\r\n                            layoutAlignPositionCell(o, 0).{\r\n                                o.left = 10\r\n                                o.right = 150\r\n                                o.top = 30\r\n                                o.bottom = 30\r\n                            }\r\n                        }\r\n                    }\r\n                //}\r\n            }\r\n\r\n\r\n            o.setTitle(\"orc机器人\")\r\n            o.setSize(840, 480)\r\n            o.setPos(400, 200)\r\n            o.show()\r\n        }\r\n\r\n    }\r\n\r\n\r\n\r\n    app.runEventLoop()\r\n\r\n    // testApp()\r\n    // testWindow()\r\n\r\n    // testVec2()\r\n    // // testToast()\r\n    // testRect()\r\n    // testRadius();\r\n    // testInset()\r\n    // testGlobal()\r\n    // testEvent()\r\n    // testEmitter()\r\n    // testEdge()\r\n    // testCursor()\r\n    // testColor()\r\n    // testClipboard()\r\n    // testBorder()\r\n    // testScreen()\r\n    // testTimer();\r\n\r\n\r\n    // testWindow();\r\n\r\n    // int ok = glewInit();\r\n    // printf(\"test Main ctx:%d\\n\", ctx)\r\n    // getchar();\r\n    // printf(\"glewINit:%d\\n\", ok);\r\n    printf(\"glewINit:%d\\n\", 1);\r\n    getchar();\r\n    return 0\r\n}\r\n\r\n"
        }
    ],
    "textDocument": {
        "uri": "file:///d%3A/ws/Sui/orc-linux/src/Main.orc",
        "version": 44
    }
}
didChange:file:///d:/ws/Sui/orc-linux/src/Main.orc 8360 44 
buildSymbolSpace_byTextDocument. uri:file:///d:/ws/Sui/orc-linux/src/Main.orc, absPath:d:/ws/Sui/orc-linux/src/Main.orc
buildSymbolSpace_byTextDocument. mk parser
route. id:68, method:textDocument/codeAction, params:{
    "context": {
        "diagnostics": []
    },
    "range": {
        "end": {
            "character": 8,
            "line": 30
        },
        "start": {
            "character": 8,
            "line": 30
        }
    },
    "textDocument": {
        "uri": "file:///d%3A/ws/Sui/orc-linux/src/Main.orc"
    }
}
codeAction succ

response:Content-Length: 383

{"id":68,"jsonrpc":"2.0","result":[{"command":{"arguments":[{"context":{"diagnostics":[],"only":[],"triggerKind":0},"range":{"end":{"character":8,"line":30},"start":{"character":8,"line":30}},"textDocument":{"uri":"file:///d:/ws/Sui/orc-linux/src/Main.orc"}}],"command":"orclsp.import","title":"orclsp.import"},"diagnostics":[],"isPrefered":true,"kind":"refactor","title":"import"}]}
route. id:69, method:textDocument/documentSymbol, params:{
    "textDocument": {
        "uri": "file:///d%3A/ws/Sui/orc-linux/src/Main.orc"
    }
}
ent:file:///d:/ws/Sui/orc-linux/src/Main.orc 
Actor cbHandle error. msg:has syntax errorbuildDocumentSymbols. start
buildSymbolInfomations_bySymbols. start
buildSymbolInfomations_bySymbols. sym.name:initMain ret:0
buildSymbolInfomations_bySymbols. sym.name:main ret:1
buildDocumentSymbols. cnt:2

response:Content-Length: 468

{"id":69,"jsonrpc":"2.0","result":[{"children":[],"detail":"","kind":12,"name":"initMain","range":{"end":{"character":13,"line":10},"start":{"character":5,"line":10}},"selectionRange":{"end":{"character":13,"line":10},"start":{"character":5,"line":10}}},{"children":[],"detail":"","kind":12,"name":"main","range":{"end":{"character":8,"line":15},"start":{"character":4,"line":15}},"selectionRange":{"end":{"character":8,"line":15},"start":{"character":4,"line":15}}}]}
route. id:0, method:textDocument/didChange, params:{
    "contentChanges": [
        {
            "text": "#include <stdio.h>\r\n\r\n// #include \"./NanovgEntry.h\"\r\n\r\n#include \"../UrgcDll/urgc_api.h\"\r\n#include \"Orc/Orc.h\"\r\nimport * from \"./Orc/String.orc\"\r\n\r\n \r\n\r\nvoid initMain(){\r\n    // urgc_start_process_thread();\r\n}\r\n\r\n\r\nint main(){\r\n    if (1){\r\n        printf(\"return \\n\")\r\n        return 0;\r\n    }\r\n    initMain()\r\n    windowInit();\r\n\r\n    printf(\"app used0\\n\")\r\n    App@ app = App_use()\r\n    printf(\"app used\\n\")\r\n    \r\n\r\n    // testWindow()\r\n\r\n                    o.height = 400\r\n                    o.backgroundColor = 0x93000000\r\n\r\n                    mkDrawButton(o, 0).{\r\n                        o.text = str(\"submit\")\r\n                        o.onClick = ^void(){\r\n                            // Toast_make(\"click\")\r\n                            app.eachWindow(^void (Window *win){\r\n                                win.rootView.printLayoutTimes(0)\r\n                            })\r\n                        }\r\n                    }\r\n                    mkView(o, 0).{\r\n                        o.backgroundColor = 0xffff0000\r\n                        o.width = 100\r\n                        o.height = 100\r\n                        o.margin.setAll(10)\r\n                    }\r\n                    mkEditText(o, 0).{\r\n                        // o.setText(str(\"hi there buzi buzi\"))\r\n                        // o.width = 200\r\n                        o.color = 0xff000000\r\n                        o.height = 40\r\n                        o.backgroundColor = 0x99999999\r\n                    }\r\n                    mkImageView(o, 0).{\r\n                        o.setSrc(str(\"./asset/SpongeBob.png\"))\r\n                    }\r\n                    mkTextView(o, 0).{\r\n                        o.setText(str(\"hi there buzi buzi\"))\r\n                        // o.width = 200\r\n                        // o.height = 40\r\n                        o.backgroundColor = 0x13ff0000\r\n                    }\r\n                    layoutLinear(o, 0).{\r\n                        o.direction.set(\"column\")\r\n                        o.backgroundColor = 0x33112233\r\n                        mkView(o, 0).{\r\n                            o.backgroundColor = 0xff00ff00\r\n                            o.width = 80\r\n                            o.height = 80\r\n                            o.margin.setAll(10)\r\n                        }\r\n                        mkView(o, 0).{\r\n                            o.backgroundColor = 0xff0000ff\r\n                            o.width = 60\r\n                            o.height = 160\r\n                            o.margin.setAll(10)\r\n                        }\r\n                    }\r\n                    mkLayoutGrid(o, 0).{\r\n                        o.width = 200\r\n                        o.height = 200\r\n                        o.backgroundColor = 0x33330000\r\n\r\n                        mkView(o, 0).{\r\n                            o.backgroundColor = 0xff0000ff\r\n                            o.width = 60\r\n                            o.height = 60\r\n                            o.margin.setAll(10)\r\n                        }\r\n                        mkView(o, 0).{\r\n                            o.backgroundColor = 0xff0000ff\r\n                            o.width = 60\r\n                            o.height = 60\r\n                            o.margin.setAll(10)\r\n                        }\r\n                        mkView(o, 0).{\r\n                            o.backgroundColor = 0xff0000ff\r\n                            o.width = 60\r\n                            o.height = 60\r\n                            o.margin.setAll(10)\r\n                        }\r\n                        mkView(o, 0).{\r\n                            o.backgroundColor = 0xff0000ff\r\n                            o.width = 60\r\n                            o.height = 60\r\n                            o.margin.setAll(10)\r\n                        }\r\n                    }\r\n                    mkRowWrap(o, 0).{\r\n                        o.width = 200\r\n                        o.height = 200\r\n                        o.backgroundColor = 0x33009900\r\n\r\n                        mkView(o, 0).{\r\n                            o.backgroundColor = 0xff0000ff\r\n                            o.width = 60\r\n                            o.height = 60\r\n                            o.margin.setAll(10)\r\n                        }\r\n                        mkView(o, 0).{\r\n                            o.backgroundColor = 0xff0000ff\r\n                            o.width = 60\r\n                            o.height = 60\r\n                            o.margin.setAll(10)\r\n                        }\r\n                        mkView(o, 0).{\r\n                            o.backgroundColor = 0xff0000ff\r\n                            o.width = 60\r\n                            o.height = 60\r\n                            o.margin.setAll(10)\r\n                        }\r\n                        mkView(o, 0).{\r\n                            o.backgroundColor = 0xff0000ff\r\n                            o.width = 60\r\n                            o.height = 60\r\n                            o.margin.setAll(10)\r\n                        }\r\n                    }\r\n                    layoutAlign(o, 0).{\r\n                        o.width = 200\r\n                        o.height = 200\r\n                        o.backgroundColor = 0x33009900\r\n\r\n                        mkView(o, 0).{\r\n                            o.backgroundColor = 0xfffff06f\r\n                            o.width = 60\r\n                            o.height = 60\r\n                            o.margin.setAll(10)\r\n\r\n                            layoutAlignCell(o, 0).{\r\n                                o.setBottomRight()\r\n                            }\r\n                        }\r\n                        mkView(o, 0).{\r\n                            o.backgroundColor = 0xff6000ff\r\n                            o.width = 60\r\n                            o.height = 60\r\n                            o.margin.setAll(10)\r\n\r\n                            layoutAlignCell(o, 0).{\r\n                                o.setBottomCenter()\r\n                            }\r\n                        }\r\n                        mkView(o, 0).{\r\n                            o.backgroundColor = 0xff00ffff\r\n                            o.width = 60\r\n                            o.height = 60\r\n                            o.margin.setAll(10)\r\n\r\n                            layoutAlignCell(o, 0).{\r\n                                o.setCenter()\r\n                            }\r\n                        }\r\n                        mkView(o, 0).{\r\n                            o.backgroundColor = 0xffff00ff\r\n                            o.width = 60\r\n                            o.height = 60\r\n                            o.margin.setAll(10)\r\n\r\n                            layoutAlignPositionCell(o, 0).{\r\n                                o.left = nan\r\n                                o.right = -60\r\n                                o.top = 3\r\n                            }\r\n                        }\r\n                        mkView(o, 0).{\r\n                            o.backgroundColor = 0xff6f009f\r\n\r\n                            layoutAlignPositionCell(o, 0).{\r\n                                o.left = 10\r\n                                o.right = 150\r\n                                o.top = 30\r\n                                o.bottom = 30\r\n                            }\r\n                        }\r\n                    }\r\n                //}\r\n            }\r\n\r\n\r\n            o.setTitle(\"orc机器人\")\r\n            o.setSize(840, 480)\r\n            o.setPos(400, 200)\r\n            o.show()\r\n        }\r\n\r\n    }\r\n\r\n\r\n\r\n    app.runEventLoop()\r\n\r\n    // testApp()\r\n    // testWindow()\r\n\r\n    // testVec2()\r\n    // // testToast()\r\n    // testRect()\r\n    // testRadius();\r\n    // testInset()\r\n    // testGlobal()\r\n    // testEvent()\r\n    // testEmitter()\r\n    // testEdge()\r\n    // testCursor()\r\n    // testColor()\r\n    // testClipboard()\r\n    // testBorder()\r\n    // testScreen()\r\n    // testTimer();\r\n\r\n\r\n    // testWindow();\r\n\r\n    // int ok = glewInit();\r\n    // printf(\"test Main ctx:%d\\n\", ctx)\r\n    // getchar();\r\n    // printf(\"glewINit:%d\\n\", ok);\r\n    printf(\"glewINit:%d\\n\", 1);\r\n    getchar();\r\n    return 0\r\n}\r\n\r\n"
        }
    ],
    "textDocument": {
        "uri": "file:///d%3A/ws/Sui/orc-linux/src/Main.orc",
        "version": 51
    }
}
didChange:file:///d:/ws/Sui/orc-linux/src/Main.orc 8145 51 
route. id:70, method:textDocument/documentColor, params:{
    "textDocument": {
        "uri": "file:///d%3A/ws/Sui/orc-linux/src/Main.orc"
    }
}

response:Content-Length: 37

{"id":70,"jsonrpc":"2.0","result":{}}
buildSymbolSpace_byTextDocument. uri:file:///d:/ws/Sui/orc-linux/src/Main.orc, absPath:d:/ws/Sui/orc-linux/src/Main.orc
buildSymbolSpace_byTextDocument. mk parser
Actor cbHandle error. msg:has syntax errorroute. id:0, method:textDocument/didChange, params:{
    "contentChanges": [
        {
            "text": "#include <stdio.h>\r\n\r\n// #include \"./NanovgEntry.h\"\r\n\r\n#include \"../UrgcDll/urgc_api.h\"\r\n#include \"Orc/Orc.h\"\r\nimport * from \"./Orc/String.orc\"\r\n\r\n \r\n\r\nvoid initMain(){\r\n    // urgc_start_process_thread();\r\n}\r\n\r\n\r\nint main(){\r\n    if (1){\r\n        printf(\"return \\n\")\r\n        return 0;\r\n    }\r\n    initMain()\r\n    windowInit();\r\n\r\n    printf(\"app used0\\n\")\r\n    App@ app = App_use()\r\n    printf(\"app used\\n\")\r\n    \r\n\r\n    // testWindow()\r\n\r\n                        // o.height = 40\r\n                        o.backgroundColor = 0x13ff0000\r\n                    }\r\n                    layoutLinear(o, 0).{\r\n                        o.direction.set(\"column\")\r\n                        o.backgroundColor = 0x33112233\r\n                        mkView(o, 0).{\r\n                            o.backgroundColor = 0xff00ff00\r\n                            o.width = 80\r\n                            o.height = 80\r\n                            o.margin.setAll(10)\r\n                        }\r\n                        mkView(o, 0).{\r\n                            o.backgroundColor = 0xff0000ff\r\n                            o.width = 60\r\n                            o.height = 160\r\n                            o.margin.setAll(10)\r\n                        }\r\n                    }\r\n                    mkLayoutGrid(o, 0).{\r\n                        o.width = 200\r\n                        o.height = 200\r\n                        o.backgroundColor = 0x33330000\r\n\r\n                        mkView(o, 0).{\r\n                            o.backgroundColor = 0xff0000ff\r\n                            o.width = 60\r\n                            o.height = 60\r\n                            o.margin.setAll(10)\r\n                        }\r\n                        mkView(o, 0).{\r\n                            o.backgroundColor = 0xff0000ff\r\n                            o.width = 60\r\n                            o.height = 60\r\n                            o.margin.setAll(10)\r\n                        }\r\n                        mkView(o, 0).{\r\n                            o.backgroundColor = 0xff0000ff\r\n                            o.width = 60\r\n                            o.height = 60\r\n                            o.margin.setAll(10)\r\n                        }\r\n                        mkView(o, 0).{\r\n                            o.backgroundColor = 0xff0000ff\r\n                            o.width = 60\r\n                            o.height = 60\r\n                            o.margin.setAll(10)\r\n                        }\r\n                    }\r\n                    mkRowWrap(o, 0).{\r\n                        o.width = 200\r\n                        o.height = 200\r\n                        o.backgroundColor = 0x33009900\r\n\r\n                        mkView(o, 0).{\r\n                            o.backgroundColor = 0xff0000ff\r\n                            o.width = 60\r\n                            o.height = 60\r\n                            o.margin.setAll(10)\r\n                        }\r\n                        mkView(o, 0).{\r\n                            o.backgroundColor = 0xff0000ff\r\n                            o.width = 60\r\n                            o.height = 60\r\n                            o.margin.setAll(10)\r\n                        }\r\n                        mkView(o, 0).{\r\n                            o.backgroundColor = 0xff0000ff\r\n                            o.width = 60\r\n                            o.height = 60\r\n                            o.margin.setAll(10)\r\n                        }\r\n                        mkView(o, 0).{\r\n                            o.backgroundColor = 0xff0000ff\r\n                            o.width = 60\r\n                            o.height = 60\r\n                            o.margin.setAll(10)\r\n                        }\r\n                    }\r\n                    layoutAlign(o, 0).{\r\n                        o.width = 200\r\n                        o.height = 200\r\n                        o.backgroundColor = 0x33009900\r\n\r\n                        mkView(o, 0).{\r\n                            o.backgroundColor = 0xfffff06f\r\n                            o.width = 60\r\n                            o.height = 60\r\n                            o.margin.setAll(10)\r\n\r\n                            layoutAlignCell(o, 0).{\r\n                                o.setBottomRight()\r\n                            }\r\n                        }\r\n                        mkView(o, 0).{\r\n                            o.backgroundColor = 0xff6000ff\r\n                            o.width = 60\r\n                            o.height = 60\r\n                            o.margin.setAll(10)\r\n\r\n                            layoutAlignCell(o, 0).{\r\n                                o.setBottomCenter()\r\n                            }\r\n                        }\r\n                        mkView(o, 0).{\r\n                            o.backgroundColor = 0xff00ffff\r\n                            o.width = 60\r\n                            o.height = 60\r\n                            o.margin.setAll(10)\r\n\r\n                            layoutAlignCell(o, 0).{\r\n                                o.setCenter()\r\n                            }\r\n                        }\r\n                        mkView(o, 0).{\r\n                            o.backgroundColor = 0xffff00ff\r\n                            o.width = 60\r\n                            o.height = 60\r\n                            o.margin.setAll(10)\r\n\r\n                            layoutAlignPositionCell(o, 0).{\r\n                                o.left = nan\r\n                                o.right = -60\r\n                                o.top = 3\r\n                            }\r\n                        }\r\n                        mkView(o, 0).{\r\n                            o.backgroundColor = 0xff6f009f\r\n\r\n                            layoutAlignPositionCell(o, 0).{\r\n                                o.left = 10\r\n                                o.right = 150\r\n                                o.top = 30\r\n                                o.bottom = 30\r\n                            }\r\n                        }\r\n                    }\r\n                //}\r\n            }\r\n\r\n\r\n            o.setTitle(\"orc机器人\")\r\n            o.setSize(840, 480)\r\n            o.setPos(400, 200)\r\n            o.show()\r\n        }\r\n\r\n    }\r\n\r\n\r\n\r\n    app.runEventLoop()\r\n\r\n    // testApp()\r\n    // testWindow()\r\n\r\n    // testVec2()\r\n    // // testToast()\r\n    // testRect()\r\n    // testRadius();\r\n    // testInset()\r\n    // testGlobal()\r\n    // testEvent()\r\n    // testEmitter()\r\n    // testEdge()\r\n    // testCursor()\r\n    // testColor()\r\n    // testClipboard()\r\n    // testBorder()\r\n    // testScreen()\r\n    // testTimer();\r\n\r\n\r\n    // testWindow();\r\n\r\n    // int ok = glewInit();\r\n    // printf(\"test Main ctx:%d\\n\", ctx)\r\n    // getchar();\r\n    // printf(\"glewINit:%d\\n\", ok);\r\n    printf(\"glewINit:%d\\n\", 1);\r\n    getchar();\r\n    return 0\r\n}\r\n\r\n"
        }
    ],
    "textDocument": {
        "uri": "file:///d%3A/ws/Sui/orc-linux/src/Main.orc",
        "version": 82
    }
}
didChange:file:///d:/ws/Sui/orc-linux/src/Main.orc 6832 82 
route. id:71, method:textDocument/documentColor, params:{
    "textDocument": {
        "uri": "file:///d%3A/ws/Sui/orc-linux/src/Main.orc"
    }
}

response:Content-Length: 37

{"id":71,"jsonrpc":"2.0","result":{}}
buildSymbolSpace_byTextDocument. uri:file:///d:/ws/Sui/orc-linux/src/Main.orc, absPath:d:/ws/Sui/orc-linux/src/Main.orc
buildSymbolSpace_byTextDocument. mk parser
Actor cbHandle error. msg:has syntax errorroute. id:0, method:textDocument/didChange, params:{
    "contentChanges": [
        {
            "text": "#include <stdio.h>\r\n\r\n// #include \"./NanovgEntry.h\"\r\n\r\n#include \"../UrgcDll/urgc_api.h\"\r\n#include \"Orc/Orc.h\"\r\nimport * from \"./Orc/String.orc\"\r\n\r\n \r\n\r\nvoid initMain(){\r\n    // urgc_start_process_thread();\r\n}\r\n\r\n\r\nint main(){\r\n    if (1){\r\n        printf(\"return \\n\")\r\n        return 0;\r\n    }\r\n    initMain()\r\n    windowInit();\r\n\r\n    printf(\"app used0\\n\")\r\n    App@ app = App_use()\r\n    printf(\"app used\\n\")\r\n    \r\n\r\n    // testWindow()\r\n\r\n                            o.backgroundColor = 0xff0000ff\r\n                            o.width = 60\r\n                            o.height = 60\r\n                            o.margin.setAll(10)\r\n                        }\r\n                        mkView(o, 0).{\r\n                            o.backgroundColor = 0xff0000ff\r\n                            o.width = 60\r\n                            o.height = 60\r\n                            o.margin.setAll(10)\r\n                        }\r\n                        mkView(o, 0).{\r\n                            o.backgroundColor = 0xff0000ff\r\n                            o.width = 60\r\n                            o.height = 60\r\n                            o.margin.setAll(10)\r\n                        }\r\n                    }\r\n                    mkRowWrap(o, 0).{\r\n                        o.width = 200\r\n                        o.height = 200\r\n                        o.backgroundColor = 0x33009900\r\n\r\n                        mkView(o, 0).{\r\n                            o.backgroundColor = 0xff0000ff\r\n                            o.width = 60\r\n                            o.height = 60\r\n                            o.margin.setAll(10)\r\n                        }\r\n                        mkView(o, 0).{\r\n                            o.backgroundColor = 0xff0000ff\r\n                            o.width = 60\r\n                            o.height = 60\r\n                            o.margin.setAll(10)\r\n                        }\r\n                        mkView(o, 0).{\r\n                            o.backgroundColor = 0xff0000ff\r\n                            o.width = 60\r\n                            o.height = 60\r\n                            o.margin.setAll(10)\r\n                        }\r\n                        mkView(o, 0).{\r\n                            o.backgroundColor = 0xff0000ff\r\n                            o.width = 60\r\n                            o.height = 60\r\n                            o.margin.setAll(10)\r\n                        }\r\n                    }\r\n                    layoutAlign(o, 0).{\r\n                        o.width = 200\r\n                        o.height = 200\r\n                        o.backgroundColor = 0x33009900\r\n\r\n                        mkView(o, 0).{\r\n                            o.backgroundColor = 0xfffff06f\r\n                            o.width = 60\r\n                            o.height = 60\r\n                            o.margin.setAll(10)\r\n\r\n                            layoutAlignCell(o, 0).{\r\n                                o.setBottomRight()\r\n                            }\r\n                        }\r\n                        mkView(o, 0).{\r\n                            o.backgroundColor = 0xff6000ff\r\n                            o.width = 60\r\n                            o.height = 60\r\n                            o.margin.setAll(10)\r\n\r\n                            layoutAlignCell(o, 0).{\r\n                                o.setBottomCenter()\r\n                            }\r\n                        }\r\n                        mkView(o, 0).{\r\n                            o.backgroundColor = 0xff00ffff\r\n                            o.width = 60\r\n                            o.height = 60\r\n                            o.margin.setAll(10)\r\n\r\n                            layoutAlignCell(o, 0).{\r\n                                o.setCenter()\r\n                            }\r\n                        }\r\n                        mkView(o, 0).{\r\n                            o.backgroundColor = 0xffff00ff\r\n                            o.width = 60\r\n                            o.height = 60\r\n                            o.margin.setAll(10)\r\n\r\n                            layoutAlignPositionCell(o, 0).{\r\n                                o.left = nan\r\n                                o.right = -60\r\n                                o.top = 3\r\n                            }\r\n                        }\r\n                        mkView(o, 0).{\r\n                            o.backgroundColor = 0xff6f009f\r\n\r\n                            layoutAlignPositionCell(o, 0).{\r\n                                o.left = 10\r\n                                o.right = 150\r\n                                o.top = 30\r\n                                o.bottom = 30\r\n                            }\r\n                        }\r\n                    }\r\n                //}\r\n            }\r\n\r\n\r\n            o.setTitle(\"orc机器人\")\r\n            o.setSize(840, 480)\r\n            o.setPos(400, 200)\r\n            o.show()\r\n        }\r\n\r\n    }\r\n\r\n\r\n\r\n    app.runEventLoop()\r\n\r\n    // testApp()\r\n    // testWindow()\r\n\r\n    // testVec2()\r\n    // // testToast()\r\n    // testRect()\r\n    // testRadius();\r\n    // testInset()\r\n    // testGlobal()\r\n    // testEvent()\r\n    // testEmitter()\r\n    // testEdge()\r\n    // testCursor()\r\n    // testColor()\r\n    // testClipboard()\r\n    // testBorder()\r\n    // testScreen()\r\n    // testTimer();\r\n\r\n\r\n    // testWindow();\r\n\r\n    // int ok = glewInit();\r\n    // printf(\"test Main ctx:%d\\n\", ctx)\r\n    // getchar();\r\n    // printf(\"glewINit:%d\\n\", ok);\r\n    printf(\"glewINit:%d\\n\", 1);\r\n    getchar();\r\n    return 0\r\n}\r\n\r\n"
        }
    ],
    "textDocument": {
        "uri": "file:///d%3A/ws/Sui/orc-linux/src/Main.orc",
        "version": 113
    }
}
didChange:file:///d:/ws/Sui/orc-linux/src/Main.orc 5536 113 
route. id:72, method:textDocument/documentColor, params:{
    "textDocument": {
        "uri": "file:///d%3A/ws/Sui/orc-linux/src/Main.orc"
    }
}

response:Content-Length: 37

{"id":72,"jsonrpc":"2.0","result":{}}
buildSymbolSpace_byTextDocument. uri:file:///d:/ws/Sui/orc-linux/src/Main.orc, absPath:d:/ws/Sui/orc-linux/src/Main.orc
buildSymbolSpace_byTextDocument. mk parser
Actor cbHandle error. msg:has syntax errorroute. id:0, method:textDocument/didChange, params:{
    "contentChanges": [
        {
            "text": "#include <stdio.h>\r\n\r\n// #include \"./NanovgEntry.h\"\r\n\r\n#include \"../UrgcDll/urgc_api.h\"\r\n#include \"Orc/Orc.h\"\r\nimport * from \"./Orc/String.orc\"\r\n\r\n \r\n\r\nvoid initMain(){\r\n    // urgc_start_process_thread();\r\n}\r\n\r\n\r\nint main(){\r\n    if (1){\r\n        printf(\"return \\n\")\r\n        return 0;\r\n    }\r\n    initMain()\r\n    windowInit();\r\n\r\n    printf(\"app used0\\n\")\r\n    App@ app = App_use()\r\n    printf(\"app used\\n\")\r\n    \r\n\r\n    // testWindow()\r\n\r\n                            o.width = 60\r\n                            o.height = 60\r\n                            o.margin.setAll(10)\r\n                        }\r\n                        mkView(o, 0).{\r\n                            o.backgroundColor = 0xff0000ff\r\n                            o.width = 60\r\n                            o.height = 60\r\n                            o.margin.setAll(10)\r\n                        }\r\n                        mkView(o, 0).{\r\n                            o.backgroundColor = 0xff0000ff\r\n                            o.width = 60\r\n                            o.height = 60\r\n                            o.margin.setAll(10)\r\n                        }\r\n                    }\r\n                    layoutAlign(o, 0).{\r\n                        o.width = 200\r\n                        o.height = 200\r\n                        o.backgroundColor = 0x33009900\r\n\r\n                        mkView(o, 0).{\r\n                            o.backgroundColor = 0xfffff06f\r\n                            o.width = 60\r\n                            o.height = 60\r\n                            o.margin.setAll(10)\r\n\r\n                            layoutAlignCell(o, 0).{\r\n                                o.setBottomRight()\r\n                            }\r\n                        }\r\n                        mkView(o, 0).{\r\n                            o.backgroundColor = 0xff6000ff\r\n                            o.width = 60\r\n                            o.height = 60\r\n                            o.margin.setAll(10)\r\n\r\n                            layoutAlignCell(o, 0).{\r\n                                o.setBottomCenter()\r\n                            }\r\n                        }\r\n                        mkView(o, 0).{\r\n                            o.backgroundColor = 0xff00ffff\r\n                            o.width = 60\r\n                            o.height = 60\r\n                            o.margin.setAll(10)\r\n\r\n                            layoutAlignCell(o, 0).{\r\n                                o.setCenter()\r\n                            }\r\n                        }\r\n                        mkView(o, 0).{\r\n                            o.backgroundColor = 0xffff00ff\r\n                            o.width = 60\r\n                            o.height = 60\r\n                            o.margin.setAll(10)\r\n\r\n                            layoutAlignPositionCell(o, 0).{\r\n                                o.left = nan\r\n                                o.right = -60\r\n                                o.top = 3\r\n                            }\r\n                        }\r\n                        mkView(o, 0).{\r\n                            o.backgroundColor = 0xff6f009f\r\n\r\n                            layoutAlignPositionCell(o, 0).{\r\n                                o.left = 10\r\n                                o.right = 150\r\n                                o.top = 30\r\n                                o.bottom = 30\r\n                            }\r\n                        }\r\n                    }\r\n                //}\r\n            }\r\n\r\n\r\n            o.setTitle(\"orc机器人\")\r\n            o.setSize(840, 480)\r\n            o.setPos(400, 200)\r\n            o.show()\r\n        }\r\n\r\n    }\r\n\r\n\r\n\r\n    app.runEventLoop()\r\n\r\n    // testApp()\r\n    // testWindow()\r\n\r\n    // testVec2()\r\n    // // testToast()\r\n    // testRect()\r\n    // testRadius();\r\n    // testInset()\r\n    // testGlobal()\r\n    // testEvent()\r\n    // testEmitter()\r\n    // testEdge()\r\n    // testCursor()\r\n    // testColor()\r\n    // testClipboard()\r\n    // testBorder()\r\n    // testScreen()\r\n    // testTimer();\r\n\r\n\r\n    // testWindow();\r\n\r\n    // int ok = glewInit();\r\n    // printf(\"test Main ctx:%d\\n\", ctx)\r\n    // getchar();\r\n    // printf(\"glewINit:%d\\n\", ok);\r\n    printf(\"glewINit:%d\\n\", 1);\r\n    getchar();\r\n    return 0\r\n}\r\n\r\n"
        }
    ],
    "textDocument": {
        "uri": "file:///d%3A/ws/Sui/orc-linux/src/Main.orc",
        "version": 144
    }
}
didChange:file:///d:/ws/Sui/orc-linux/src/Main.orc 4233 144 
route. id:73, method:textDocument/documentColor, params:{
    "textDocument": {
        "uri": "file:///d%3A/ws/Sui/orc-linux/src/Main.orc"
    }
}

response:Content-Length: 37

{"id":73,"jsonrpc":"2.0","result":{}}
buildSymbolSpace_byTextDocument. uri:file:///d:/ws/Sui/orc-linux/src/Main.orc, absPath:d:/ws/Sui/orc-linux/src/Main.orc
buildSymbolSpace_byTextDocument. mk parser
Actor cbHandle error. msg:has syntax errorroute. id:0, method:textDocument/didChange, params:{
    "contentChanges": [
        {
            "text": "#include <stdio.h>\r\n\r\n// #include \"./NanovgEntry.h\"\r\n\r\n#include \"../UrgcDll/urgc_api.h\"\r\n#include \"Orc/Orc.h\"\r\nimport * from \"./Orc/String.orc\"\r\n\r\n \r\n\r\nvoid initMain(){\r\n    // urgc_start_process_thread();\r\n}\r\n\r\n\r\nint main(){\r\n    if (1){\r\n        printf(\"return \\n\")\r\n        return 0;\r\n    }\r\n    initMain()\r\n    windowInit();\r\n\r\n    printf(\"app used0\\n\")\r\n    App@ app = App_use()\r\n    printf(\"app used\\n\")\r\n    \r\n\r\n    // testWindow()\r\n\r\n                        }\r\n                        mkView(o, 0).{\r\n                            o.backgroundColor = 0xff6000ff\r\n                            o.width = 60\r\n                            o.height = 60\r\n                            o.margin.setAll(10)\r\n\r\n                            layoutAlignCell(o, 0).{\r\n                                o.setBottomCenter()\r\n                            }\r\n                        }\r\n                        mkView(o, 0).{\r\n                            o.backgroundColor = 0xff00ffff\r\n                            o.width = 60\r\n                            o.height = 60\r\n                            o.margin.setAll(10)\r\n\r\n                            layoutAlignCell(o, 0).{\r\n                                o.setCenter()\r\n                            }\r\n                        }\r\n                        mkView(o, 0).{\r\n                            o.backgroundColor = 0xffff00ff\r\n                            o.width = 60\r\n                            o.height = 60\r\n                            o.margin.setAll(10)\r\n\r\n                            layoutAlignPositionCell(o, 0).{\r\n                                o.left = nan\r\n                                o.right = -60\r\n                                o.top = 3\r\n                            }\r\n                        }\r\n                        mkView(o, 0).{\r\n                            o.backgroundColor = 0xff6f009f\r\n\r\n                            layoutAlignPositionCell(o, 0).{\r\n                                o.left = 10\r\n                                o.right = 150\r\n                                o.top = 30\r\n                                o.bottom = 30\r\n                            }\r\n                        }\r\n                    }\r\n                //}\r\n            }\r\n\r\n\r\n            o.setTitle(\"orc机器人\")\r\n            o.setSize(840, 480)\r\n            o.setPos(400, 200)\r\n            o.show()\r\n        }\r\n\r\n    }\r\n\r\n\r\n\r\n    app.runEventLoop()\r\n\r\n    // testApp()\r\n    // testWindow()\r\n\r\n    // testVec2()\r\n    // // testToast()\r\n    // testRect()\r\n    // testRadius();\r\n    // testInset()\r\n    // testGlobal()\r\n    // testEvent()\r\n    // testEmitter()\r\n    // testEdge()\r\n    // testCursor()\r\n    // testColor()\r\n    // testClipboard()\r\n    // testBorder()\r\n    // testScreen()\r\n    // testTimer();\r\n\r\n\r\n    // testWindow();\r\n\r\n    // int ok = glewInit();\r\n    // printf(\"test Main ctx:%d\\n\", ctx)\r\n    // getchar();\r\n    // printf(\"glewINit:%d\\n\", ok);\r\n    printf(\"glewINit:%d\\n\", 1);\r\n    getchar();\r\n    return 0\r\n}\r\n\r\n"
        }
    ],
    "textDocument": {
        "uri": "file:///d%3A/ws/Sui/orc-linux/src/Main.orc",
        "version": 175
    }
}
didChange:file:///d:/ws/Sui/orc-linux/src/Main.orc 2977 175 
route. id:74, method:textDocument/documentColor, params:{
    "textDocument": {
        "uri": "file:///d%3A/ws/Sui/orc-linux/src/Main.orc"
    }
}

response:Content-Length: 37

{"id":74,"jsonrpc":"2.0","result":{}}
buildSymbolSpace_byTextDocument. uri:file:///d:/ws/Sui/orc-linux/src/Main.orc, absPath:d:/ws/Sui/orc-linux/src/Main.orc
buildSymbolSpace_byTextDocument. mk parser
Actor cbHandle error. msg:has syntax errorroute. id:0, method:textDocument/didChange, params:{
    "contentChanges": [
        {
            "text": "#include <stdio.h>\r\n\r\n// #include \"./NanovgEntry.h\"\r\n\r\n#include \"../UrgcDll/urgc_api.h\"\r\n#include \"Orc/Orc.h\"\r\nimport * from \"./Orc/String.orc\"\r\n\r\n \r\n\r\nvoid initMain(){\r\n    // urgc_start_process_thread();\r\n}\r\n\r\n\r\nint main(){\r\n    if (1){\r\n        printf(\"return \\n\")\r\n        return 0;\r\n    }\r\n    initMain()\r\n    windowInit();\r\n\r\n    printf(\"app used0\\n\")\r\n    App@ app = App_use()\r\n    printf(\"app used\\n\")\r\n    \r\n\r\n    // testWindow()\r\n\r\n                            }\r\n                        }\r\n                        mkView(o, 0).{\r\n                            o.backgroundColor = 0xff6f009f\r\n\r\n                            layoutAlignPositionCell(o, 0).{\r\n                                o.left = 10\r\n                                o.right = 150\r\n                                o.top = 30\r\n                                o.bottom = 30\r\n                            }\r\n                        }\r\n                    }\r\n                //}\r\n            }\r\n\r\n\r\n            o.setTitle(\"orc机器人\")\r\n            o.setSize(840, 480)\r\n            o.setPos(400, 200)\r\n            o.show()\r\n        }\r\n\r\n    }\r\n\r\n\r\n\r\n    app.runEventLoop()\r\n\r\n    // testApp()\r\n    // testWindow()\r\n\r\n    // testVec2()\r\n    // // testToast()\r\n    // testRect()\r\n    // testRadius();\r\n    // testInset()\r\n    // testGlobal()\r\n    // testEvent()\r\n    // testEmitter()\r\n    // testEdge()\r\n    // testCursor()\r\n    // testColor()\r\n    // testClipboard()\r\n    // testBorder()\r\n    // testScreen()\r\n    // testTimer();\r\n\r\n\r\n    // testWindow();\r\n\r\n    // int ok = glewInit();\r\n    // printf(\"test Main ctx:%d\\n\", ctx)\r\n    // getchar();\r\n    // printf(\"glewINit:%d\\n\", ok);\r\n    printf(\"glewINit:%d\\n\", 1);\r\n    getchar();\r\n    return 0\r\n}\r\n\r\n"
        }
    ],
    "textDocument": {
        "uri": "file:///d%3A/ws/Sui/orc-linux/src/Main.orc",
        "version": 206
    }
}
didChange:file:///d:/ws/Sui/orc-linux/src/Main.orc 1723 206 
route. id:75, method:textDocument/documentColor, params:{
    "textDocument": {
        "uri": "file:///d%3A/ws/Sui/orc-linux/src/Main.orc"
    }
}

response:Content-Length: 37

{"id":75,"jsonrpc":"2.0","result":{}}
buildSymbolSpace_byTextDocument. uri:file:///d:/ws/Sui/orc-linux/src/Main.orc, absPath:d:/ws/Sui/orc-linux/src/Main.orc
buildSymbolSpace_byTextDocument. mk parser
buildSymbolSpace_byTextDocument. program
buildSymbolSpace_byTextDocument. mkSpace
buildSymbolSpace_byTextDocument. init symbol builder v isitor
buildSymbolSpace_byTextDocument. SymbolBuilderVisitor.visit
buildSymbolSpace_byTextDocument  for uri file:///d:/ws/Sui/orc-linux/src/Main.orc. version:%d 
didChange succ

server=>client notification:Content-Length: 372

{"jsonrpc":"2.0","method":"textDocument/publishDiagnostics","params":{"diagnostics":[{"code":62113,"codeDescription":{"href":""},"message":"type error. undefined Type:App","range":{"end":{"character":23,"line":24},"start":{"character":4,"line":24}},"relatedInformation":[],"severity":1,"source":"","tags":[]}],"uri":"file:///d:/ws/Sui/orc-linux/src/Main.orc","version":8}}
route. id:0, method:textDocument/didChange, params:{
    "contentChanges": [
        {
            "text": "#include <stdio.h>\r\n\r\n// #include \"./NanovgEntry.h\"\r\n\r\n#include \"../UrgcDll/urgc_api.h\"\r\n#include \"Orc/Orc.h\"\r\nimport * from \"./Orc/String.orc\"\r\n\r\n \r\n\r\nvoid initMain(){\r\n    // urgc_start_process_thread();\r\n}\r\n\r\n\r\nint main(){\r\n    if (1){\r\n        printf(\"return \\n\")\r\n        return 0;\r\n    }\r\n    initMain()\r\n    windowInit();\r\n\r\n    printf(\"app used0\\n\")\r\n    App@ app = App_use()\r\n    printf(\"app used\\n\")\r\n    \r\n\r\n    // testWindow()\r\n\r\n\r\n\r\n\r\n    app.runEventLoop()\r\n\r\n    // testApp()\r\n    // testWindow()\r\n\r\n    // testVec2()\r\n    // // testToast()\r\n    // testRect()\r\n    // testRadius();\r\n    // testInset()\r\n    // testGlobal()\r\n    // testEvent()\r\n    // testEmitter()\r\n    // testEdge()\r\n    // testCursor()\r\n    // testColor()\r\n    // testClipboard()\r\n    // testBorder()\r\n    // testScreen()\r\n    // testTimer();\r\n\r\n\r\n    // testWindow();\r\n\r\n    // int ok = glewInit();\r\n    // printf(\"test Main ctx:%d\\n\", ctx)\r\n    // getchar();\r\n    // printf(\"glewINit:%d\\n\", ok);\r\n    printf(\"glewINit:%d\\n\", 1);\r\n    getchar();\r\n    return 0\r\n}\r\n\r\n"
        }
    ],
    "textDocument": {
        "uri": "file:///d%3A/ws/Sui/orc-linux/src/Main.orc",
        "version": 230
    }
}
didChange:file:///d:/ws/Sui/orc-linux/src/Main.orc 1051 230 
buildSymbolSpace_byTextDocument. uri:file:///d:/ws/Sui/orc-linux/src/Main.orc, absPath:d:/ws/Sui/orc-linux/src/Main.orc
buildSymbolSpace_byTextDocument. mk parser
buildSymbolSpace_byTextDocument. program
buildSymbolSpace_byTextDocument. mkSpace
buildSymbolSpace_byTextDocument. init symbol builder v isitor
buildSymbolSpace_byTextDocument. SymbolBuilderVisitor.visit
buildSymbolSpace_byTextDocument  for uri file:///d:/ws/Sui/orc-linux/src/Main.orc. version:%d 
didChange succ

server=>client notification:Content-Length: 372

{"jsonrpc":"2.0","method":"textDocument/publishDiagnostics","params":{"diagnostics":[{"code":62113,"codeDescription":{"href":""},"message":"type error. undefined Type:App","range":{"end":{"character":23,"line":24},"start":{"character":4,"line":24}},"relatedInformation":[],"severity":1,"source":"","tags":[]}],"uri":"file:///d:/ws/Sui/orc-linux/src/Main.orc","version":8}}
route. id:76, method:textDocument/documentColor, params:{
    "textDocument": {
        "uri": "file:///d%3A/ws/Sui/orc-linux/src/Main.orc"
    }
}

response:Content-Length: 37

{"id":76,"jsonrpc":"2.0","result":{}}
route. id:77, method:textDocument/documentSymbol, params:{
    "textDocument": {
        "uri": "file:///d%3A/ws/Sui/orc-linux/src/Main.orc"
    }
}
ent:file:///d:/ws/Sui/orc-linux/src/Main.orc 
buildDocumentSymbols. start
buildSymbolInfomations_bySymbols. start
buildSymbolInfomations_bySymbols. sym.name:initMain ret:0
buildSymbolInfomations_bySymbols. sym.name:main ret:1
buildDocumentSymbols. cnt:2

response:Content-Length: 468

{"id":77,"jsonrpc":"2.0","result":[{"children":[],"detail":"","kind":12,"name":"initMain","range":{"end":{"character":13,"line":10},"start":{"character":5,"line":10}},"selectionRange":{"end":{"character":13,"line":10},"start":{"character":5,"line":10}}},{"children":[],"detail":"","kind":12,"name":"main","range":{"end":{"character":8,"line":15},"start":{"character":4,"line":15}},"selectionRange":{"end":{"character":8,"line":15},"start":{"character":4,"line":15}}}]}
route. id:0, method:textDocument/didChange, params:{
    "contentChanges": [
        {
            "text": "#include <stdio.h>\r\n\r\n// #include \"./NanovgEntry.h\"\r\n\r\n#include \"../UrgcDll/urgc_api.h\"\r\n#include \"Orc/Orc.h\"\r\nimport * from \"./Orc/String.orc\"\r\n\r\n \r\n\r\nvoid initMain(){\r\n    // urgc_start_process_thread();\r\n}\r\n\r\n\r\nint main(){\r\n    if (1){\r\n        printf(\"return \\n\")\r\n        return 0;\r\n    }\r\n    initMain()\r\n    windowInit();\r\n\r\n    printf(\"app used0\\n\")\r\n    App@ app = App_use()\r\n    printf(\"app used\\n\")\r\n    \r\n\r\n    // testWindow()\r\n\r\n\r\n\r\n    app.runEventLoop()\r\n\r\n    // testApp()\r\n    // testWindow()\r\n\r\n    // testVec2()\r\n    // // testToast()\r\n    // testRect()\r\n    // testRadius();\r\n    // testInset()\r\n    // testGlobal()\r\n    // testEvent()\r\n    // testEmitter()\r\n    // testEdge()\r\n    // testCursor()\r\n    // testColor()\r\n    // testClipboard()\r\n    // testBorder()\r\n    // testScreen()\r\n    // testTimer();\r\n\r\n\r\n    // testWindow();\r\n\r\n    // int ok = glewInit();\r\n    // printf(\"test Main ctx:%d\\n\", ctx)\r\n    // getchar();\r\n    // printf(\"glewINit:%d\\n\", ok);\r\n    printf(\"glewINit:%d\\n\", 1);\r\n    getchar();\r\n    return 0\r\n}\r\n\r\n"
        }
    ],
    "textDocument": {
        "uri": "file:///d%3A/ws/Sui/orc-linux/src/Main.orc",
        "version": 231
    }
}
didChange:file:///d:/ws/Sui/orc-linux/src/Main.orc 1049 231 
buildSymbolSpace_byTextDocument. uri:file:///d:/ws/Sui/orc-linux/src/Main.orc, absPath:d:/ws/Sui/orc-linux/src/Main.orc
buildSymbolSpace_byTextDocument. mk parser
buildSymbolSpace_byTextDocument. program
buildSymbolSpace_byTextDocument. mkSpace
buildSymbolSpace_byTextDocument. init symbol builder v isitor
buildSymbolSpace_byTextDocument. SymbolBuilderVisitor.visit
buildSymbolSpace_byTextDocument  for uri file:///d:/ws/Sui/orc-linux/src/Main.orc. version:%d 
didChange succ

server=>client notification:Content-Length: 372

{"jsonrpc":"2.0","method":"textDocument/publishDiagnostics","params":{"diagnostics":[{"code":62113,"codeDescription":{"href":""},"message":"type error. undefined Type:App","range":{"end":{"character":23,"line":24},"start":{"character":4,"line":24}},"relatedInformation":[],"severity":1,"source":"","tags":[]}],"uri":"file:///d:/ws/Sui/orc-linux/src/Main.orc","version":8}}
route. id:78, method:textDocument/documentSymbol, params:{
    "textDocument": {
        "uri": "file:///d%3A/ws/Sui/orc-linux/src/Main.orc"
    }
}
ent:file:///d:/ws/Sui/orc-linux/src/Main.orc 
buildDocumentSymbols. start
buildSymbolInfomations_bySymbols. start
buildSymbolInfomations_bySymbols. sym.name:initMain ret:0
buildSymbolInfomations_bySymbols. sym.name:main ret:1
buildDocumentSymbols. cnt:2

response:Content-Length: 468

{"id":78,"jsonrpc":"2.0","result":[{"children":[],"detail":"","kind":12,"name":"initMain","range":{"end":{"character":13,"line":10},"start":{"character":5,"line":10}},"selectionRange":{"end":{"character":13,"line":10},"start":{"character":5,"line":10}}},{"children":[],"detail":"","kind":12,"name":"main","range":{"end":{"character":8,"line":15},"start":{"character":4,"line":15}},"selectionRange":{"end":{"character":8,"line":15},"start":{"character":4,"line":15}}}]}
route. id:0, method:textDocument/didChange, params:{
    "contentChanges": [
        {
            "text": "#include <stdio.h>\r\n\r\n// #include \"./NanovgEntry.h\"\r\n\r\n#include \"../UrgcDll/urgc_api.h\"\r\n#include \"Orc/Orc.h\"\r\nimport * from \"./Orc/String.orc\"\r\n\r\n \r\n\r\nvoid initMain(){\r\n    // urgc_start_process_thread();\r\n}\r\n\r\n\r\nint main(){\r\n    if (1){\r\n        printf(\"return \\n\")\r\n        return 0;\r\n    }\r\n    initMain()\r\n    windowInit();\r\n\r\n    printf(\"app used0\\n\")\r\n    App@ app = App_use()\r\n    printf(\"app used\\n\")\r\n    \r\n\r\n\r\n\r\n\r\n    app.runEventLoop()\r\n\r\n    // testApp()\r\n    // testWindow()\r\n\r\n    // testVec2()\r\n    // // testToast()\r\n    // testRect()\r\n    // testRadius();\r\n    // testInset()\r\n    // testGlobal()\r\n    // testEvent()\r\n    // testEmitter()\r\n    // testEdge()\r\n    // testCursor()\r\n    // testColor()\r\n    // testClipboard()\r\n    // testBorder()\r\n    // testScreen()\r\n    // testTimer();\r\n\r\n\r\n    // testWindow();\r\n\r\n    // int ok = glewInit();\r\n    // printf(\"test Main ctx:%d\\n\", ctx)\r\n    // getchar();\r\n    // printf(\"glewINit:%d\\n\", ok);\r\n    printf(\"glewINit:%d\\n\", 1);\r\n    getchar();\r\n    return 0\r\n}\r\n\r\n"
        }
    ],
    "textDocument": {
        "uri": "file:///d%3A/ws/Sui/orc-linux/src/Main.orc",
        "version": 232
    }
}
didChange:file:///d:/ws/Sui/orc-linux/src/Main.orc 1028 232 
route. id:79, method:textDocument/documentColor, params:{
    "textDocument": {
        "uri": "file:///d%3A/ws/Sui/orc-linux/src/Main.orc"
    }
}

response:Content-Length: 37

{"id":79,"jsonrpc":"2.0","result":{}}
buildSymbolSpace_byTextDocument. uri:file:///d:/ws/Sui/orc-linux/src/Main.orc, absPath:d:/ws/Sui/orc-linux/src/Main.orc
buildSymbolSpace_byTextDocument. mk parser
buildSymbolSpace_byTextDocument. program
buildSymbolSpace_byTextDocument. mkSpace
buildSymbolSpace_byTextDocument. init symbol builder v isitor
buildSymbolSpace_byTextDocument. SymbolBuilderVisitor.visit
buildSymbolSpace_byTextDocument  for uri file:///d:/ws/Sui/orc-linux/src/Main.orc. version:%d 
didChange succ

server=>client notification:Content-Length: 372

{"jsonrpc":"2.0","method":"textDocument/publishDiagnostics","params":{"diagnostics":[{"code":62113,"codeDescription":{"href":""},"message":"type error. undefined Type:App","range":{"end":{"character":23,"line":24},"start":{"character":4,"line":24}},"relatedInformation":[],"severity":1,"source":"","tags":[]}],"uri":"file:///d:/ws/Sui/orc-linux/src/Main.orc","version":8}}
route. id:0, method:textDocument/didChange, params:{
    "contentChanges": [
        {
            "text": "#include <stdio.h>\r\n\r\n// #include \"./NanovgEntry.h\"\r\n\r\n#include \"../UrgcDll/urgc_api.h\"\r\n#include \"Orc/Orc.h\"\r\nimport * from \"./Orc/String.orc\"\r\n\r\n \r\n\r\nvoid initMain(){\r\n    // urgc_start_process_thread();\r\n}\r\n\r\n\r\nint main(){\r\n    if (1){\r\n        printf(\"return \\n\")\r\n        return 0;\r\n    }\r\n    initMain()\r\n    windowInit();\r\n\r\n    printf(\"app used0\\n\")\r\n    App@ app = App_use()\r\n    printf(\"app used\\n\")\r\n    \r\n\r\n    app.runEventLoop()\r\n\r\n    // testApp()\r\n    // testWindow()\r\n\r\n    // testVec2()\r\n    // // testToast()\r\n    // testRect()\r\n    // testRadius();\r\n    // testInset()\r\n    // testGlobal()\r\n    // testEvent()\r\n    // testEmitter()\r\n    // testEdge()\r\n    // testCursor()\r\n    // testColor()\r\n    // testClipboard()\r\n    // testBorder()\r\n    // testScreen()\r\n    // testTimer();\r\n\r\n\r\n    // testWindow();\r\n\r\n    // int ok = glewInit();\r\n    // printf(\"test Main ctx:%d\\n\", ctx)\r\n    // getchar();\r\n    // printf(\"glewINit:%d\\n\", ok);\r\n    printf(\"glewINit:%d\\n\", 1);\r\n    getchar();\r\n    return 0\r\n}\r\n\r\n"
        }
    ],
    "textDocument": {
        "uri": "file:///d%3A/ws/Sui/orc-linux/src/Main.orc",
        "version": 235
    }
}
didChange:file:///d:/ws/Sui/orc-linux/src/Main.orc 1022 235 
route. id:80, method:textDocument/documentHighlight, params:{
    "position": {
        "character": 4,
        "line": 28
    },
    "textDocument": {
        "uri": "file:///d%3A/ws/Sui/orc-linux/src/Main.orc"
    }
}

response:Content-Length: 37

{"id":80,"jsonrpc":"2.0","result":{}}
buildSymbolSpace_byTextDocument. uri:file:///d:/ws/Sui/orc-linux/src/Main.orc, absPath:d:/ws/Sui/orc-linux/src/Main.orc
buildSymbolSpace_byTextDocument. mk parser
buildSymbolSpace_byTextDocument. program
buildSymbolSpace_byTextDocument. mkSpace
buildSymbolSpace_byTextDocument. init symbol builder v isitor
buildSymbolSpace_byTextDocument. SymbolBuilderVisitor.visit
buildSymbolSpace_byTextDocument  for uri file:///d:/ws/Sui/orc-linux/src/Main.orc. version:%d 
didChange succ

server=>client notification:Content-Length: 372

{"jsonrpc":"2.0","method":"textDocument/publishDiagnostics","params":{"diagnostics":[{"code":62113,"codeDescription":{"href":""},"message":"type error. undefined Type:App","range":{"end":{"character":23,"line":24},"start":{"character":4,"line":24}},"relatedInformation":[],"severity":1,"source":"","tags":[]}],"uri":"file:///d:/ws/Sui/orc-linux/src/Main.orc","version":8}}
route. id:0, method:textDocument/didChange, params:{
    "contentChanges": [
        {
            "text": "#include <stdio.h>\r\n\r\n// #include \"./NanovgEntry.h\"\r\n\r\n#include \"../UrgcDll/urgc_api.h\"\r\n#include \"Orc/Orc.h\"\r\nimport * from \"./Orc/String.orc\"\r\n\r\n \r\n\r\nvoid initMain(){\r\n    // urgc_start_process_thread();\r\n}\r\n\r\n\r\nint main(){\r\n    if (1){\r\n        printf(\"return \\n\")\r\n        return 0;\r\n    }\r\n    initMain()\r\n    windowInit();\r\n\r\n    printf(\"app used0\\n\")\r\n    App@ app = App_use()\r\n    printf(\"app used\\n\")\r\n    \r\n\r\n    // testApp()\r\n    // testWindow()\r\n\r\n    // testVec2()\r\n    // // testToast()\r\n    // testRect()\r\n    // testRadius();\r\n    // testInset()\r\n    // testGlobal()\r\n    // testEvent()\r\n    // testEmitter()\r\n    // testEdge()\r\n    // testCursor()\r\n    // testColor()\r\n    // testClipboard()\r\n    // testBorder()\r\n    // testScreen()\r\n    // testTimer();\r\n\r\n\r\n    // testWindow();\r\n\r\n    // int ok = glewInit();\r\n    // printf(\"test Main ctx:%d\\n\", ctx)\r\n    // getchar();\r\n    // printf(\"glewINit:%d\\n\", ok);\r\n    printf(\"glewINit:%d\\n\", 1);\r\n    getchar();\r\n    return 0\r\n}\r\n\r\n"
        }
    ],
    "textDocument": {
        "uri": "file:///d%3A/ws/Sui/orc-linux/src/Main.orc",
        "version": 237
    }
}
didChange:file:///d:/ws/Sui/orc-linux/src/Main.orc 996 237 
buildSymbolSpace_byTextDocument. uri:file:///d:/ws/Sui/orc-linux/src/Main.orc, absPath:d:/ws/Sui/orc-linux/src/Main.orc
buildSymbolSpace_byTextDocument. mk parser
buildSymbolSpace_byTextDocument. program
buildSymbolSpace_byTextDocument. mkSpace
buildSymbolSpace_byTextDocument. init symbol builder v isitor
buildSymbolSpace_byTextDocument. SymbolBuilderVisitor.visit
buildSymbolSpace_byTextDocument  for uri file:///d:/ws/Sui/orc-linux/src/Main.orc. version:%d 
didChange succ

server=>client notification:Content-Length: 372

{"jsonrpc":"2.0","method":"textDocument/publishDiagnostics","params":{"diagnostics":[{"code":62113,"codeDescription":{"href":""},"message":"type error. undefined Type:App","range":{"end":{"character":23,"line":24},"start":{"character":4,"line":24}},"relatedInformation":[],"severity":1,"source":"","tags":[]}],"uri":"file:///d:/ws/Sui/orc-linux/src/Main.orc","version":8}}
route. id:81, method:textDocument/codeAction, params:{
    "context": {
        "diagnostics": []
    },
    "range": {
        "end": {
            "character": 4,
            "line": 28
        },
        "start": {
            "character": 4,
            "line": 28
        }
    },
    "textDocument": {
        "uri": "file:///d%3A/ws/Sui/orc-linux/src/Main.orc"
    }
}
codeAction succ

response:Content-Length: 383

{"id":81,"jsonrpc":"2.0","result":[{"command":{"arguments":[{"context":{"diagnostics":[],"only":[],"triggerKind":0},"range":{"end":{"character":4,"line":28},"start":{"character":4,"line":28}},"textDocument":{"uri":"file:///d:/ws/Sui/orc-linux/src/Main.orc"}}],"command":"orclsp.import","title":"orclsp.import"},"diagnostics":[],"isPrefered":true,"kind":"refactor","title":"import"}]}
route. id:82, method:textDocument/documentColor, params:{
    "textDocument": {
        "uri": "file:///d%3A/ws/Sui/orc-linux/src/Main.orc"
    }
}

response:Content-Length: 37

{"id":82,"jsonrpc":"2.0","result":{}}
route. id:83, method:textDocument/documentSymbol, params:{
    "textDocument": {
        "uri": "file:///d%3A/ws/Sui/orc-linux/src/Main.orc"
    }
}
ent:file:///d:/ws/Sui/orc-linux/src/Main.orc 
buildDocumentSymbols. start
buildSymbolInfomations_bySymbols. start
buildSymbolInfomations_bySymbols. sym.name:initMain ret:0
buildSymbolInfomations_bySymbols. sym.name:main ret:1
buildDocumentSymbols. cnt:2

response:Content-Length: 468

{"id":83,"jsonrpc":"2.0","result":[{"children":[],"detail":"","kind":12,"name":"initMain","range":{"end":{"character":13,"line":10},"start":{"character":5,"line":10}},"selectionRange":{"end":{"character":13,"line":10},"start":{"character":5,"line":10}}},{"children":[],"detail":"","kind":12,"name":"main","range":{"end":{"character":8,"line":15},"start":{"character":4,"line":15}},"selectionRange":{"end":{"character":8,"line":15},"start":{"character":4,"line":15}}}]}
route. id:0, method:textDocument/didChange, params:{
    "contentChanges": [
        {
            "text": "#include <stdio.h>\r\n\r\n// #include \"./NanovgEntry.h\"\r\n\r\n#include \"../UrgcDll/urgc_api.h\"\r\n#include \"Orc/Orc.h\"\r\nimport * from \"./Orc/String.orc\"\r\n\r\n \r\n\r\nvoid initMain(){\r\n    // urgc_start_process_thread();\r\n}\r\n\r\n\r\nint main(){\r\n    if (1){\r\n        printf(\"return \\n\")\r\n        return 0;\r\n    }\r\n    initMain()\r\n    windowInit();\r\n\r\n    printf(\"app used0\\n\")\r\n    App@ app = App_use()\r\n    printf(\"app used\\n\")\r\n    \r\n\r\n    // int ok = glewInit();\r\n    // printf(\"test Main ctx:%d\\n\", ctx)\r\n    // getchar();\r\n    // printf(\"glewINit:%d\\n\", ok);\r\n    printf(\"glewINit:%d\\n\", 1);\r\n    getchar();\r\n    return 0\r\n}\r\n\r\n"
        }
    ],
    "textDocument": {
        "uri": "file:///d%3A/ws/Sui/orc-linux/src/Main.orc",
        "version": 259
    }
}
didChange:file:///d:/ws/Sui/orc-linux/src/Main.orc 614 259 
buildSymbolSpace_byTextDocument. uri:file:///d:/ws/Sui/orc-linux/src/Main.orc, absPath:d:/ws/Sui/orc-linux/src/Main.orc
buildSymbolSpace_byTextDocument. mk parser
buildSymbolSpace_byTextDocument. program
buildSymbolSpace_byTextDocument. mkSpace
buildSymbolSpace_byTextDocument. init symbol builder v isitor
buildSymbolSpace_byTextDocument. SymbolBuilderVisitor.visit
buildSymbolSpace_byTextDocument  for uri file:///d:/ws/Sui/orc-linux/src/Main.orc. version:%d 
didChange succ

server=>client notification:Content-Length: 372

{"jsonrpc":"2.0","method":"textDocument/publishDiagnostics","params":{"diagnostics":[{"code":62113,"codeDescription":{"href":""},"message":"type error. undefined Type:App","range":{"end":{"character":23,"line":24},"start":{"character":4,"line":24}},"relatedInformation":[],"severity":1,"source":"","tags":[]}],"uri":"file:///d:/ws/Sui/orc-linux/src/Main.orc","version":8}}
route. id:84, method:textDocument/codeAction, params:{
    "context": {
        "diagnostics": []
    },
    "range": {
        "end": {
            "character": 4,
            "line": 28
        },
        "start": {
            "character": 4,
            "line": 28
        }
    },
    "textDocument": {
        "uri": "file:///d%3A/ws/Sui/orc-linux/src/Main.orc"
    }
}
codeAction succ

response:Content-Length: 383

{"id":84,"jsonrpc":"2.0","result":[{"command":{"arguments":[{"context":{"diagnostics":[],"only":[],"triggerKind":0},"range":{"end":{"character":4,"line":28},"start":{"character":4,"line":28}},"textDocument":{"uri":"file:///d:/ws/Sui/orc-linux/src/Main.orc"}}],"command":"orclsp.import","title":"orclsp.import"},"diagnostics":[],"isPrefered":true,"kind":"refactor","title":"import"}]}
route. id:0, method:$/cancelRequest, params:{
    "id": 84
}

response:Content-Length: 36

{"id":0,"jsonrpc":"2.0","result":{}}
route. id:0, method:textDocument/didChange, params:{
    "contentChanges": [
        {
            "text": "#include <stdio.h>\r\n\r\n// #include \"./NanovgEntry.h\"\r\n\r\n#include \"../UrgcDll/urgc_api.h\"\r\n#include \"Orc/Orc.h\"\r\nimport * from \"./Orc/String.orc\"\r\n\r\n \r\n\r\nvoid initMain(){\r\n    // urgc_start_process_thread();\r\n}\r\n\r\n\r\nint main(){\r\n    if (1){\r\n        printf(\"return \\n\")\r\n        return 0;\r\n    }\r\n    initMain()\r\n    windowInit();\r\n\r\n    printf(\"app used0\\n\")\r\n    App@ app = App_use()\r\n    printf(\"app used\\n\")\r\n    \r\n\r\n    // printf(\"test Main ctx:%d\\n\", ctx)\r\n    // getchar();\r\n    // printf(\"glewINit:%d\\n\", ok);\r\n    printf(\"glewINit:%d\\n\", 1);\r\n    getchar();\r\n    return 0\r\n}\r\n\r\n"
        }
    ],
    "textDocument": {
        "uri": "file:///d%3A/ws/Sui/orc-linux/src/Main.orc",
        "version": 260
    }
}
didChange:file:///d:/ws/Sui/orc-linux/src/Main.orc 585 260 
route. id:85, method:textDocument/documentColor, params:{
    "textDocument": {
        "uri": "file:///d%3A/ws/Sui/orc-linux/src/Main.orc"
    }
}

response:Content-Length: 37

{"id":85,"jsonrpc":"2.0","result":{}}
buildSymbolSpace_byTextDocument. uri:file:///d:/ws/Sui/orc-linux/src/Main.orc, absPath:d:/ws/Sui/orc-linux/src/Main.orc
buildSymbolSpace_byTextDocument. mk parser
buildSymbolSpace_byTextDocument. program
buildSymbolSpace_byTextDocument. mkSpace
buildSymbolSpace_byTextDocument. init symbol builder v isitor
buildSymbolSpace_byTextDocument. SymbolBuilderVisitor.visit
buildSymbolSpace_byTextDocument  for uri file:///d:/ws/Sui/orc-linux/src/Main.orc. version:%d 
didChange succ

server=>client notification:Content-Length: 372

{"jsonrpc":"2.0","method":"textDocument/publishDiagnostics","params":{"diagnostics":[{"code":62113,"codeDescription":{"href":""},"message":"type error. undefined Type:App","range":{"end":{"character":23,"line":24},"start":{"character":4,"line":24}},"relatedInformation":[],"severity":1,"source":"","tags":[]}],"uri":"file:///d:/ws/Sui/orc-linux/src/Main.orc","version":8}}
route. id:0, method:textDocument/didChange, params:{
    "contentChanges": [
        {
            "text": "#include <stdio.h>\r\n\r\n// #include \"./NanovgEntry.h\"\r\n\r\n#include \"../UrgcDll/urgc_api.h\"\r\n#include \"Orc/Orc.h\"\r\nimport * from \"./Orc/String.orc\"\r\n\r\n \r\n\r\nvoid initMain(){\r\n    // urgc_start_process_thread();\r\n}\r\n\r\n\r\nint main(){\r\n    if (1){\r\n        printf(\"return \\n\")\r\n        return 0;\r\n    }\r\n    initMain()\r\n    windowInit();\r\n\r\n    printf(\"app used0\\n\")\r\n    App@ app = App_use()\r\n    printf(\"app used\\n\")\r\n    \r\n\r\n    // getchar();\r\n    // printf(\"glewINit:%d\\n\", ok);\r\n    printf(\"glewINit:%d\\n\", 1);\r\n    getchar();\r\n    return 0\r\n}\r\n\r\n"
        }
    ],
    "textDocument": {
        "uri": "file:///d%3A/ws/Sui/orc-linux/src/Main.orc",
        "version": 261
    }
}
didChange:file:///d:/ws/Sui/orc-linux/src/Main.orc 543 261 
buildSymbolSpace_byTextDocument. uri:file:///d:/ws/Sui/orc-linux/src/Main.orc, absPath:d:/ws/Sui/orc-linux/src/Main.orc
buildSymbolSpace_byTextDocument. mk parser
buildSymbolSpace_byTextDocument. program
buildSymbolSpace_byTextDocument. mkSpace
buildSymbolSpace_byTextDocument. init symbol builder v isitor
buildSymbolSpace_byTextDocument. SymbolBuilderVisitor.visit
buildSymbolSpace_byTextDocument  for uri file:///d:/ws/Sui/orc-linux/src/Main.orc. version:%d 
didChange succ

server=>client notification:Content-Length: 372

{"jsonrpc":"2.0","method":"textDocument/publishDiagnostics","params":{"diagnostics":[{"code":62113,"codeDescription":{"href":""},"message":"type error. undefined Type:App","range":{"end":{"character":23,"line":24},"start":{"character":4,"line":24}},"relatedInformation":[],"severity":1,"source":"","tags":[]}],"uri":"file:///d:/ws/Sui/orc-linux/src/Main.orc","version":8}}
route. id:0, method:textDocument/didChange, params:{
    "contentChanges": [
        {
            "text": "#include <stdio.h>\r\n\r\n// #include \"./NanovgEntry.h\"\r\n\r\n#include \"../UrgcDll/urgc_api.h\"\r\n#include \"Orc/Orc.h\"\r\nimport * from \"./Orc/String.orc\"\r\n\r\n \r\n\r\nvoid initMain(){\r\n    // urgc_start_process_thread();\r\n}\r\n\r\n\r\nint main(){\r\n    if (1){\r\n        printf(\"return \\n\")\r\n        return 0;\r\n    }\r\n    initMain()\r\n    windowInit();\r\n\r\n    printf(\"app used0\\n\")\r\n    App@ app = App_use()\r\n    printf(\"app used\\n\")\r\n    \r\n\r\n    printf(\"glewINit:%d\\n\", 1);\r\n    getchar();\r\n    return 0\r\n}\r\n\r\n"
        }
    ],
    "textDocument": {
        "uri": "file:///d%3A/ws/Sui/orc-linux/src/Main.orc",
        "version": 263
    }
}
didChange:file:///d:/ws/Sui/orc-linux/src/Main.orc 487 263 
route. id:86, method:textDocument/documentHighlight, params:{
    "position": {
        "character": 4,
        "line": 28
    },
    "textDocument": {
        "uri": "file:///d%3A/ws/Sui/orc-linux/src/Main.orc"
    }
}

response:Content-Length: 37

{"id":86,"jsonrpc":"2.0","result":{}}
buildSymbolSpace_byTextDocument. uri:file:///d:/ws/Sui/orc-linux/src/Main.orc, absPath:d:/ws/Sui/orc-linux/src/Main.orc
buildSymbolSpace_byTextDocument. mk parser
buildSymbolSpace_byTextDocument. program
buildSymbolSpace_byTextDocument. mkSpace
buildSymbolSpace_byTextDocument. init symbol builder v isitor
buildSymbolSpace_byTextDocument. SymbolBuilderVisitor.visit
buildSymbolSpace_byTextDocument  for uri file:///d:/ws/Sui/orc-linux/src/Main.orc. version:%d 
didChange succ

server=>client notification:Content-Length: 372

{"jsonrpc":"2.0","method":"textDocument/publishDiagnostics","params":{"diagnostics":[{"code":62113,"codeDescription":{"href":""},"message":"type error. undefined Type:App","range":{"end":{"character":23,"line":24},"start":{"character":4,"line":24}},"relatedInformation":[],"severity":1,"source":"","tags":[]}],"uri":"file:///d:/ws/Sui/orc-linux/src/Main.orc","version":8}}
route. id:87, method:textDocument/documentHighlight, params:{
    "position": {
        "character": 4,
        "line": 28
    },
    "textDocument": {
        "uri": "file:///d%3A/ws/Sui/orc-linux/src/Main.orc"
    }
}

response:Content-Length: 37

{"id":87,"jsonrpc":"2.0","result":{}}
route. id:88, method:textDocument/documentSymbol, params:{
    "textDocument": {
        "uri": "file:///d%3A/ws/Sui/orc-linux/src/Main.orc"
    }
}
ent:file:///d:/ws/Sui/orc-linux/src/Main.orc 
buildDocumentSymbols. start
route. id:89, method:textDocument/codeAction, params:{
    "context": {
        "diagnostics": []
    },
    "range": {
        "end": {
            "character": 4,
            "line": 28
        },
        "start": {
            "character": 4,
            "line": 28
        }
    },
    "textDocument": {
        "uri": "file:///d%3A/ws/Sui/orc-linux/src/Main.orc"
    }
}
buildSymbolInfomations_bySymbols. start
buildSymbolInfomations_bySymbols. sym.name:initMain ret:0
buildSymbolInfomations_bySymbols. sym.name:main ret:1
buildDocumentSymbols. cnt:2
codeAction succ

response:Content-Length: 468

{"id":88,"jsonrpc":"2.0","result":[{"children":[],"detail":"","kind":12,"name":"initMain","range":{"end":{"character":13,"line":10},"start":{"character":5,"line":10}},"selectionRange":{"end":{"character":13,"line":10},"start":{"character":5,"line":10}}},{"children":[],"detail":"","kind":12,"name":"main","range":{"end":{"character":8,"line":15},"start":{"character":4,"line":15}},"selectionRange":{"end":{"character":8,"line":15},"start":{"character":4,"line":15}}}]}

response:Content-Length: 383

{"id":89,"jsonrpc":"2.0","result":[{"command":{"arguments":[{"context":{"diagnostics":[],"only":[],"triggerKind":0},"range":{"end":{"character":4,"line":28},"start":{"character":4,"line":28}},"textDocument":{"uri":"file:///d:/ws/Sui/orc-linux/src/Main.orc"}}],"command":"orclsp.import","title":"orclsp.import"},"diagnostics":[],"isPrefered":true,"kind":"refactor","title":"import"}]}
route. id:90, method:textDocument/documentColor, params:{
    "textDocument": {
        "uri": "file:///d%3A/ws/Sui/orc-linux/src/Main.orc"
    }
}

response:Content-Length: 37

{"id":90,"jsonrpc":"2.0","result":{}}
route. id:91, method:textDocument/documentHighlight, params:{
    "position": {
        "character": 4,
        "line": 25
    },
    "textDocument": {
        "uri": "file:///d%3A/ws/Sui/orc-linux/src/Main.orc"
    }
}

response:Content-Length: 37

{"id":91,"jsonrpc":"2.0","result":{}}
route. id:92, method:textDocument/documentHighlight, params:{
    "position": {
        "character": 4,
        "line": 24
    },
    "textDocument": {
        "uri": "file:///d%3A/ws/Sui/orc-linux/src/Main.orc"
    }
}

response:Content-Length: 37

{"id":92,"jsonrpc":"2.0","result":{}}
route. id:93, method:textDocument/documentLink, params:{
    "textDocument": {
        "uri": "file:///d%3A/ws/Sui/orc-linux/src/Main.orc"
    }
}

response:Content-Length: 37

{"id":93,"jsonrpc":"2.0","result":{}}
route. id:94, method:textDocument/documentHighlight, params:{
    "position": {
        "character": 4,
        "line": 23
    },
    "textDocument": {
        "uri": "file:///d%3A/ws/Sui/orc-linux/src/Main.orc"
    }
}

response:Content-Length: 37

{"id":94,"jsonrpc":"2.0","result":{}}
route. id:95, method:textDocument/documentSymbol, params:{
    "textDocument": {
        "uri": "file:///d%3A/ws/Sui/orc-linux/src/Main.orc"
    }
}
ent:file:///d:/ws/Sui/orc-linux/src/Main.orc 
buildDocumentSymbols. start
buildSymbolInfomations_bySymbols. start
buildSymbolInfomations_bySymbols. sym.name:initMain ret:0
buildSymbolInfomations_bySymbols. sym.name:main ret:1
buildDocumentSymbols. cnt:2

response:Content-Length: 468

{"id":95,"jsonrpc":"2.0","result":[{"children":[],"detail":"","kind":12,"name":"initMain","range":{"end":{"character":13,"line":10},"start":{"character":5,"line":10}},"selectionRange":{"end":{"character":13,"line":10},"start":{"character":5,"line":10}}},{"children":[],"detail":"","kind":12,"name":"main","range":{"end":{"character":8,"line":15},"start":{"character":4,"line":15}},"selectionRange":{"end":{"character":8,"line":15},"start":{"character":4,"line":15}}}]}
route. id:96, method:textDocument/documentHighlight, params:{
    "position": {
        "character": 4,
        "line": 21
    },
    "textDocument": {
        "uri": "file:///d%3A/ws/Sui/orc-linux/src/Main.orc"
    }
}

response:Content-Length: 37

{"id":96,"jsonrpc":"2.0","result":{}}
route. id:97, method:textDocument/codeAction, params:{
    "context": {
        "diagnostics": []
    },
    "range": {
        "end": {
            "character": 4,
            "line": 21
        },
        "start": {
            "character": 4,
            "line": 21
        }
    },
    "textDocument": {
        "uri": "file:///d%3A/ws/Sui/orc-linux/src/Main.orc"
    }
}
codeAction succ

response:Content-Length: 383

{"id":97,"jsonrpc":"2.0","result":[{"command":{"arguments":[{"context":{"diagnostics":[],"only":[],"triggerKind":0},"range":{"end":{"character":4,"line":21},"start":{"character":4,"line":21}},"textDocument":{"uri":"file:///d:/ws/Sui/orc-linux/src/Main.orc"}}],"command":"orclsp.import","title":"orclsp.import"},"diagnostics":[],"isPrefered":true,"kind":"refactor","title":"import"}]}
route. id:98, method:textDocument/codeAction, params:{
    "context": {
        "diagnostics": []
    },
    "range": {
        "end": {
            "character": 0,
            "line": 12
        },
        "start": {
            "character": 0,
            "line": 12
        }
    },
    "textDocument": {
        "uri": "file:///d%3A/ws/Sui/orc-linux/src/Main.orc"
    }
}
codeAction succ

response:Content-Length: 383

{"id":98,"jsonrpc":"2.0","result":[{"command":{"arguments":[{"context":{"diagnostics":[],"only":[],"triggerKind":0},"range":{"end":{"character":0,"line":12},"start":{"character":0,"line":12}},"textDocument":{"uri":"file:///d:/ws/Sui/orc-linux/src/Main.orc"}}],"command":"orclsp.import","title":"orclsp.import"},"diagnostics":[],"isPrefered":true,"kind":"refactor","title":"import"}]}
route. id:99, method:textDocument/codeAction, params:{
    "context": {
        "diagnostics": []
    },
    "range": {
        "end": {
            "character": 4,
            "line": 11
        },
        "start": {
            "character": 4,
            "line": 11
        }
    },
    "textDocument": {
        "uri": "file:///d%3A/ws/Sui/orc-linux/src/Main.orc"
    }
}
codeAction succ

response:Content-Length: 383

{"id":99,"jsonrpc":"2.0","result":[{"command":{"arguments":[{"context":{"diagnostics":[],"only":[],"triggerKind":0},"range":{"end":{"character":4,"line":11},"start":{"character":4,"line":11}},"textDocument":{"uri":"file:///d:/ws/Sui/orc-linux/src/Main.orc"}}],"command":"orclsp.import","title":"orclsp.import"},"diagnostics":[],"isPrefered":true,"kind":"refactor","title":"import"}]}
route. id:100, method:textDocument/codeAction, params:{
    "context": {
        "diagnostics": []
    },
    "range": {
        "end": {
            "character": 0,
            "line": 12
        },
        "start": {
            "character": 0,
            "line": 12
        }
    },
    "textDocument": {
        "uri": "file:///d%3A/ws/Sui/orc-linux/src/Main.orc"
    }
}
codeAction succ

response:Content-Length: 384

{"id":100,"jsonrpc":"2.0","result":[{"command":{"arguments":[{"context":{"diagnostics":[],"only":[],"triggerKind":0},"range":{"end":{"character":0,"line":12},"start":{"character":0,"line":12}},"textDocument":{"uri":"file:///d:/ws/Sui/orc-linux/src/Main.orc"}}],"command":"orclsp.import","title":"orclsp.import"},"diagnostics":[],"isPrefered":true,"kind":"refactor","title":"import"}]}
route. id:101, method:textDocument/documentHighlight, params:{
    "position": {
        "character": 4,
        "line": 21
    },
    "textDocument": {
        "uri": "file:///d%3A/ws/Sui/orc-linux/src/Main.orc"
    }
}

response:Content-Length: 38

{"id":101,"jsonrpc":"2.0","result":{}}
route. id:102, method:textDocument/codeAction, params:{
    "context": {
        "diagnostics": []
    },
    "range": {
        "end": {
            "character": 4,
            "line": 21
        },
        "start": {
            "character": 4,
            "line": 21
        }
    },
    "textDocument": {
        "uri": "file:///d%3A/ws/Sui/orc-linux/src/Main.orc"
    }
}
codeAction succ

response:Content-Length: 384

{"id":102,"jsonrpc":"2.0","result":[{"command":{"arguments":[{"context":{"diagnostics":[],"only":[],"triggerKind":0},"range":{"end":{"character":4,"line":21},"start":{"character":4,"line":21}},"textDocument":{"uri":"file:///d:/ws/Sui/orc-linux/src/Main.orc"}}],"command":"orclsp.import","title":"orclsp.import"},"diagnostics":[],"isPrefered":true,"kind":"refactor","title":"import"}]}
route. id:103, method:textDocument/documentHighlight, params:{
    "position": {
        "character": 4,
        "line": 21
    },
    "textDocument": {
        "uri": "file:///d%3A/ws/Sui/orc-linux/src/Main.orc"
    }
}

response:Content-Length: 38

{"id":103,"jsonrpc":"2.0","result":{}}
route. id:104, method:textDocument/codeAction, params:{
    "context": {
        "diagnostics": []
    },
    "range": {
        "end": {
            "character": 4,
            "line": 21
        },
        "start": {
            "character": 4,
            "line": 21
        }
    },
    "textDocument": {
        "uri": "file:///d%3A/ws/Sui/orc-linux/src/Main.orc"
    }
}
codeAction succ

response:Content-Length: 384

{"id":104,"jsonrpc":"2.0","result":[{"command":{"arguments":[{"context":{"diagnostics":[],"only":[],"triggerKind":0},"range":{"end":{"character":4,"line":21},"start":{"character":4,"line":21}},"textDocument":{"uri":"file:///d:/ws/Sui/orc-linux/src/Main.orc"}}],"command":"orclsp.import","title":"orclsp.import"},"diagnostics":[],"isPrefered":true,"kind":"refactor","title":"import"}]}
route. id:0, method:textDocument/didChange, params:{
    "contentChanges": [
        {
            "text": "#include <stdio.h>\r\n\r\n// #include \"./NanovgEntry.h\"\r\n\r\n#include \"../UrgcDll/urgc_api.h\"\r\n#include \"Orc/Orc.h\"\r\nimport * from \"./Orc/String.orc\"\r\n\r\n \r\n\r\nvoid initMain(){\r\n    // urgc_start_process_thread();\r\n}\r\n\r\n\r\nint main(){\r\n    if (1){\r\n        printf(\"return \\n\")\r\n        return 0;\r\n    }\r\n    initMain()\r\n\r\n    printf(\"app used0\\n\")\r\n    App@ app = App_use()\r\n    printf(\"app used\\n\")\r\n    \r\n\r\n    printf(\"glewINit:%d\\n\", 1);\r\n    getchar();\r\n    return 0\r\n}\r\n\r\n"
        }
    ],
    "textDocument": {
        "uri": "file:///d%3A/ws/Sui/orc-linux/src/Main.orc",
        "version": 264
    }
}
didChange:file:///d:/ws/Sui/orc-linux/src/Main.orc 468 264 
buildSymbolSpace_byTextDocument. uri:file:///d:/ws/Sui/orc-linux/src/Main.orc, absPath:d:/ws/Sui/orc-linux/src/Main.orc
buildSymbolSpace_byTextDocument. mk parser
buildSymbolSpace_byTextDocument. program
buildSymbolSpace_byTextDocument. mkSpace
buildSymbolSpace_byTextDocument. init symbol builder v isitor
buildSymbolSpace_byTextDocument. SymbolBuilderVisitor.visit
buildSymbolSpace_byTextDocument  for uri file:///d:/ws/Sui/orc-linux/src/Main.orc. version:%d 
didChange succ

server=>client notification:Content-Length: 372

{"jsonrpc":"2.0","method":"textDocument/publishDiagnostics","params":{"diagnostics":[{"code":62113,"codeDescription":{"href":""},"message":"type error. undefined Type:App","range":{"end":{"character":23,"line":23},"start":{"character":4,"line":23}},"relatedInformation":[],"severity":1,"source":"","tags":[]}],"uri":"file:///d:/ws/Sui/orc-linux/src/Main.orc","version":8}}
route. id:105, method:textDocument/documentSymbol, params:{
    "textDocument": {
        "uri": "file:///d%3A/ws/Sui/orc-linux/src/Main.orc"
    }
}
ent:file:///d:/ws/Sui/orc-linux/src/Main.orc 
buildDocumentSymbols. start
buildSymbolInfomations_bySymbols. start
buildSymbolInfomations_bySymbols. sym.name:initMain ret:0
buildSymbolInfomations_bySymbols. sym.name:main ret:1
buildDocumentSymbols. cnt:2

response:Content-Length: 469

{"id":105,"jsonrpc":"2.0","result":[{"children":[],"detail":"","kind":12,"name":"initMain","range":{"end":{"character":13,"line":10},"start":{"character":5,"line":10}},"selectionRange":{"end":{"character":13,"line":10},"start":{"character":5,"line":10}}},{"children":[],"detail":"","kind":12,"name":"main","range":{"end":{"character":8,"line":15},"start":{"character":4,"line":15}},"selectionRange":{"end":{"character":8,"line":15},"start":{"character":4,"line":15}}}]}
route. id:106, method:textDocument/documentSymbol, params:{
    "textDocument": {
        "uri": "file:///d%3A/ws/Sui/orc-linux/src/Main.orc"
    }
}
ent:file:///d:/ws/Sui/orc-linux/src/Main.orc 
buildDocumentSymbols. start
buildSymbolInfomations_bySymbols. start
buildSymbolInfomations_bySymbols. sym.name:initMain ret:0
buildSymbolInfomations_bySymbols. sym.name:main ret:1
buildDocumentSymbols. cnt:2

response:Content-Length: 469

{"id":106,"jsonrpc":"2.0","result":[{"children":[],"detail":"","kind":12,"name":"initMain","range":{"end":{"character":13,"line":10},"start":{"character":5,"line":10}},"selectionRange":{"end":{"character":13,"line":10},"start":{"character":5,"line":10}}},{"children":[],"detail":"","kind":12,"name":"main","range":{"end":{"character":8,"line":15},"start":{"character":4,"line":15}},"selectionRange":{"end":{"character":8,"line":15},"start":{"character":4,"line":15}}}]}
route. id:107, method:textDocument/documentLink, params:{
    "textDocument": {
        "uri": "file:///d%3A/ws/Sui/orc-linux/src/Main.orc"
    }
}

response:Content-Length: 38

{"id":107,"jsonrpc":"2.0","result":{}}
route. id:108, method:textDocument/documentColor, params:{
    "textDocument": {
        "uri": "file:///d%3A/ws/Sui/orc-linux/src/Main.orc"
    }
}

response:Content-Length: 38

{"id":108,"jsonrpc":"2.0","result":{}}
route. id:0, method:textDocument/didChange, params:{
    "contentChanges": [
        {
            "text": "#include <stdio.h>\r\n\r\n// #include \"./NanovgEntry.h\"\r\n\r\n#include \"../UrgcDll/urgc_api.h\"\r\n#include \"Orc/Orc.h\"\r\nimport * from \"./Orc/String.orc\"\r\n\r\n \r\n\r\nvoid initMain(){\r\n    // urgc_start_process_thread();\r\n}\r\n\r\n\r\nint main(){\r\n        printf(\"return \\n\")\r\n        return 0;\r\n    }\r\n    initMain()\r\n\r\n    printf(\"app used0\\n\")\r\n    App@ app = App_use()\r\n    printf(\"app used\\n\")\r\n    \r\n\r\n    printf(\"glewINit:%d\\n\", 1);\r\n    getchar();\r\n    return 0\r\n}\r\n\r\n"
        }
    ],
    "textDocument": {
        "uri": "file:///d%3A/ws/Sui/orc-linux/src/Main.orc",
        "version": 265
    }
}
didChange:file:///d:/ws/Sui/orc-linux/src/Main.orc 455 265 
buildSymbolSpace_byTextDocument. uri:file:///d:/ws/Sui/orc-linux/src/Main.orc, absPath:d:/ws/Sui/orc-linux/src/Main.orc
route. id:109, method:textDocument/documentHighlight, params:{
    "position": {
        "character": 8,
        "line": 16
    },
    "textDocument": {
        "uri": "file:///d%3A/ws/Sui/orc-linux/src/Main.orc"
    }
}

response:Content-Length: 38

{"id":109,"jsonrpc":"2.0","result":{}}
buildSymbolSpace_byTextDocument. mk parser
Actor cbHandle error. msg:has syntax errorroute. id:0, method:textDocument/didChange, params:{
    "contentChanges": [
        {
            "text": "#include <stdio.h>\r\n\r\n// #include \"./NanovgEntry.h\"\r\n\r\n#include \"../UrgcDll/urgc_api.h\"\r\n#include \"Orc/Orc.h\"\r\nimport * from \"./Orc/String.orc\"\r\n\r\n \r\n\r\nvoid initMain(){\r\n    // urgc_start_process_thread();\r\n}\r\n\r\n\r\nint main(){\r\n        return 0;\r\n    }\r\n    initMain()\r\n\r\n    printf(\"app used0\\n\")\r\n    App@ app = App_use()\r\n    printf(\"app used\\n\")\r\n    \r\n\r\n    printf(\"glewINit:%d\\n\", 1);\r\n    getchar();\r\n    return 0\r\n}\r\n\r\n"
        }
    ],
    "textDocument": {
        "uri": "file:///d%3A/ws/Sui/orc-linux/src/Main.orc",
        "version": 266
    }
}
didChange:file:///d:/ws/Sui/orc-linux/src/Main.orc 426 266 
route. id:110, method:textDocument/documentHighlight, params:{
    "position": {
        "character": 8,
        "line": 16
    },
    "textDocument": {
        "uri": "file:///d%3A/ws/Sui/orc-linux/src/Main.orc"
    }
}

response:Content-Length: 38

{"id":110,"jsonrpc":"2.0","result":{}}
buildSymbolSpace_byTextDocument. uri:file:///d:/ws/Sui/orc-linux/src/Main.orc, absPath:d:/ws/Sui/orc-linux/src/Main.orc
buildSymbolSpace_byTextDocument. mk parser
Actor cbHandle error. msg:has syntax errorroute. id:0, method:textDocument/didChange, params:{
    "contentChanges": [
        {
            "text": "#include <stdio.h>\r\n\r\n// #include \"./NanovgEntry.h\"\r\n\r\n#include \"../UrgcDll/urgc_api.h\"\r\n#include \"Orc/Orc.h\"\r\nimport * from \"./Orc/String.orc\"\r\n\r\n \r\n\r\nvoid initMain(){\r\n    // urgc_start_process_thread();\r\n}\r\n\r\n\r\nint main(){\r\n    initMain()\r\n\r\n    printf(\"app used0\\n\")\r\n    App@ app = App_use()\r\n    printf(\"app used\\n\")\r\n    \r\n\r\n    printf(\"glewINit:%d\\n\", 1);\r\n    getchar();\r\n    return 0\r\n}\r\n\r\n"
        }
    ],
    "textDocument": {
        "uri": "file:///d%3A/ws/Sui/orc-linux/src/Main.orc",
        "version": 268
    }
}
didChange:file:///d:/ws/Sui/orc-linux/src/Main.orc 400 268 
route. id:111, method:textDocument/documentHighlight, params:{
    "position": {
        "character": 4,
        "line": 16
    },
    "textDocument": {
        "uri": "file:///d%3A/ws/Sui/orc-linux/src/Main.orc"
    }
}

response:Content-Length: 38

{"id":111,"jsonrpc":"2.0","result":{}}
buildSymbolSpace_byTextDocument. uri:file:///d:/ws/Sui/orc-linux/src/Main.orc, absPath:d:/ws/Sui/orc-linux/src/Main.orc
buildSymbolSpace_byTextDocument. mk parser
buildSymbolSpace_byTextDocument. program
buildSymbolSpace_byTextDocument. mkSpace
buildSymbolSpace_byTextDocument. init symbol builder v isitor
buildSymbolSpace_byTextDocument. SymbolBuilderVisitor.visit
buildSymbolSpace_byTextDocument  for uri file:///d:/ws/Sui/orc-linux/src/Main.orc. version:%d 
didChange succ

server=>client notification:Content-Length: 372

{"jsonrpc":"2.0","method":"textDocument/publishDiagnostics","params":{"diagnostics":[{"code":62113,"codeDescription":{"href":""},"message":"type error. undefined Type:App","range":{"end":{"character":23,"line":19},"start":{"character":4,"line":19}},"relatedInformation":[],"severity":1,"source":"","tags":[]}],"uri":"file:///d:/ws/Sui/orc-linux/src/Main.orc","version":8}}
route. id:112, method:textDocument/documentSymbol, params:{
    "textDocument": {
        "uri": "file:///d%3A/ws/Sui/orc-linux/src/Main.orc"
    }
}
ent:file:///d:/ws/Sui/orc-linux/src/Main.orc 
buildDocumentSymbols. start
buildSymbolInfomations_bySymbols. start
buildSymbolInfomations_bySymbols. sym.name:initMain ret:0
buildSymbolInfomations_bySymbols. sym.name:main ret:1
buildDocumentSymbols. cnt:2

response:Content-Length: 469

{"id":112,"jsonrpc":"2.0","result":[{"children":[],"detail":"","kind":12,"name":"initMain","range":{"end":{"character":13,"line":10},"start":{"character":5,"line":10}},"selectionRange":{"end":{"character":13,"line":10},"start":{"character":5,"line":10}}},{"children":[],"detail":"","kind":12,"name":"main","range":{"end":{"character":8,"line":15},"start":{"character":4,"line":15}},"selectionRange":{"end":{"character":8,"line":15},"start":{"character":4,"line":15}}}]}
route. id:113, method:textDocument/documentSymbol, params:{
    "textDocument": {
        "uri": "file:///d%3A/ws/Sui/orc-linux/src/Main.orc"
    }
}
ent:file:///d:/ws/Sui/orc-linux/src/Main.orc 
route. id:114, method:textDocument/documentHighlight, params:{
    "position": {
        "character": 4,
        "line": 18
    },
    "textDocument": {
        "uri": "file:///d%3A/ws/Sui/orc-linux/src/Main.orc"
    }
}

response:Content-Length: 38

{"id":114,"jsonrpc":"2.0","result":{}}
buildDocumentSymbols. start
buildSymbolInfomations_bySymbols. start
buildSymbolInfomations_bySymbols. sym.name:initMain ret:0
buildSymbolInfomations_bySymbols. sym.name:main ret:1
buildDocumentSymbols. cnt:2

response:Content-Length: 469

{"id":113,"jsonrpc":"2.0","result":[{"children":[],"detail":"","kind":12,"name":"initMain","range":{"end":{"character":13,"line":10},"start":{"character":5,"line":10}},"selectionRange":{"end":{"character":13,"line":10},"start":{"character":5,"line":10}}},{"children":[],"detail":"","kind":12,"name":"main","range":{"end":{"character":8,"line":15},"start":{"character":4,"line":15}},"selectionRange":{"end":{"character":8,"line":15},"start":{"character":4,"line":15}}}]}
route. id:115, method:textDocument/documentColor, params:{
    "textDocument": {
        "uri": "file:///d%3A/ws/Sui/orc-linux/src/Main.orc"
    }
}

response:Content-Length: 38

{"id":115,"jsonrpc":"2.0","result":{}}
route. id:116, method:textDocument/documentHighlight, params:{
    "position": {
        "character": 4,
        "line": 19
    },
    "textDocument": {
        "uri": "file:///d%3A/ws/Sui/orc-linux/src/Main.orc"
    }
}

response:Content-Length: 38

{"id":116,"jsonrpc":"2.0","result":{}}
route. id:117, method:textDocument/codeAction, params:{
    "context": {
        "diagnostics": [
            {
                "code": 62113,
                "codeDescription": {
                    "href": "file:///"
                },
                "message": "type error. undefined Type:App",
                "range": {
                    "end": {
                        "character": 23,
                        "line": 19
                    },
                    "start": {
                        "character": 4,
                        "line": 19
                    }
                },
                "relatedInformation": [],
                "severity": 1
            }
        ]
    },
    "range": {
        "end": {
            "character": 4,
            "line": 19
        },
        "start": {
            "character": 4,
            "line": 19
        }
    },
    "textDocument": {
        "uri": "file:///d%3A/ws/Sui/orc-linux/src/Main.orc"
    }
}
codeAction succ

response:Content-Length: 615

{"id":117,"jsonrpc":"2.0","result":[{"command":{"arguments":[{"context":{"diagnostics":[{"code":62113,"codeDescription":{"href":"file:///"},"message":"type error. undefined Type:App","range":{"end":{"character":23,"line":19},"start":{"character":4,"line":19}},"relatedInformation":[],"severity":1,"source":"","tags":[]}],"only":[],"triggerKind":0},"range":{"end":{"character":4,"line":19},"start":{"character":4,"line":19}},"textDocument":{"uri":"file:///d:/ws/Sui/orc-linux/src/Main.orc"}}],"command":"orclsp.import","title":"orclsp.import"},"diagnostics":[],"isPrefered":true,"kind":"refactor","title":"import"}]}
route. id:118, method:textDocument/documentLink, params:{
    "textDocument": {
        "uri": "file:///d%3A/ws/Sui/orc-linux/src/Main.orc"
    }
}

response:Content-Length: 38

{"id":118,"jsonrpc":"2.0","result":{}}
route. id:0, method:textDocument/didChange, params:{
    "contentChanges": [
        {
            "text": "#include <stdio.h>\r\n\r\n// #include \"./NanovgEntry.h\"\r\n\r\n#include \"../UrgcDll/urgc_api.h\"\r\n#include \"Orc/Orc.h\"\r\nimport * from \"./Orc/String.orc\"\r\n\r\n \r\n\r\nvoid initMain(){\r\n    // urgc_start_process_thread();\r\n}\r\n\r\n\r\nint main(){\r\n    initMain()\r\n\r\n    printf(\"app used0\\n\")\r\n    printf(\"app used\\n\")\r\n    \r\n\r\n    printf(\"glewINit:%d\\n\", 1);\r\n    getchar();\r\n    return 0\r\n}\r\n\r\n"
        }
    ],
    "textDocument": {
        "uri": "file:///d%3A/ws/Sui/orc-linux/src/Main.orc",
        "version": 269
    }
}
didChange:file:///d:/ws/Sui/orc-linux/src/Main.orc 374 269 
route. id:119, method:textDocument/documentHighlight, params:{
    "position": {
        "character": 4,
        "line": 19
    },
    "textDocument": {
        "uri": "file:///d%3A/ws/Sui/orc-linux/src/Main.orc"
    }
}

response:Content-Length: 38

{"id":119,"jsonrpc":"2.0","result":{}}
buildSymbolSpace_byTextDocument. uri:file:///d:/ws/Sui/orc-linux/src/Main.orc, absPath:d:/ws/Sui/orc-linux/src/Main.orc
buildSymbolSpace_byTextDocument. mk parser
buildSymbolSpace_byTextDocument. program
buildSymbolSpace_byTextDocument. mkSpace
buildSymbolSpace_byTextDocument. init symbol builder v isitor
buildSymbolSpace_byTextDocument. SymbolBuilderVisitor.visit
buildSymbolSpace_byTextDocument  for uri file:///d:/ws/Sui/orc-linux/src/Main.orc. version:%d 
didChange succ

server=>client notification:Content-Length: 149

{"jsonrpc":"2.0","method":"textDocument/publishDiagnostics","params":{"diagnostics":[],"uri":"file:///d:/ws/Sui/orc-linux/src/Main.orc","version":8}}
route. id:0, method:textDocument/didChange, params:{
    "contentChanges": [
        {
            "text": "#include <stdio.h>\r\n\r\n// #include \"./NanovgEntry.h\"\r\n\r\n#include \"../UrgcDll/urgc_api.h\"\r\n#include \"Orc/Orc.h\"\r\nimport * from \"./Orc/String.orc\"\r\n\r\n \r\n\r\nvoid initMain(){\r\n    // urgc_start_process_thread();\r\n}\r\n\r\n\r\nint main(){\r\n    initMain()\r\n\r\n    printf(\"app used0\\n\")\r\n\r\n    printf(\"glewINit:%d\\n\", 1);\r\n    getchar();\r\n    return 0\r\n}\r\n\r\n"
        }
    ],
    "textDocument": {
        "uri": "file:///d%3A/ws/Sui/orc-linux/src/Main.orc",
        "version": 271
    }
}
didChange:file:///d:/ws/Sui/orc-linux/src/Main.orc 342 271 
buildSymbolSpace_byTextDocument. uri:file:///d:/ws/Sui/orc-linux/src/Main.orc, absPath:d:/ws/Sui/orc-linux/src/Main.orc
buildSymbolSpace_byTextDocument. mk parser
buildSymbolSpace_byTextDocument. program
buildSymbolSpace_byTextDocument. mkSpace
buildSymbolSpace_byTextDocument. init symbol builder v isitor
buildSymbolSpace_byTextDocument. SymbolBuilderVisitor.visit
buildSymbolSpace_byTextDocument  for uri file:///d:/ws/Sui/orc-linux/src/Main.orc. version:%d 
didChange succ

server=>client notification:Content-Length: 149

{"jsonrpc":"2.0","method":"textDocument/publishDiagnostics","params":{"diagnostics":[],"uri":"file:///d:/ws/Sui/orc-linux/src/Main.orc","version":8}}
route. id:120, method:textDocument/documentSymbol, params:{
    "textDocument": {
        "uri": "file:///d%3A/ws/Sui/orc-linux/src/Main.orc"
    }
}
ent:file:///d:/ws/Sui/orc-linux/src/Main.orc 
route. id:121, method:textDocument/documentSymbol, params:{
    "textDocument": {
        "uri": "file:///d%3A/ws/Sui/orc-linux/src/Main.orc"
    }
}
ent:file:///d:/ws/Sui/orc-linux/src/Main.orc 
buildDocumentSymbols. start
buildSymbolInfomations_bySymbols. start
buildSymbolInfomations_bySymbols. sym.name:initMain ret:0
buildSymbolInfomations_bySymbols. sym.name:main ret:1
buildDocumentSymbols. cnt:2

response:Content-Length: 469

{"id":120,"jsonrpc":"2.0","result":[{"children":[],"detail":"","kind":12,"name":"initMain","range":{"end":{"character":13,"line":10},"start":{"character":5,"line":10}},"selectionRange":{"end":{"character":13,"line":10},"start":{"character":5,"line":10}}},{"children":[],"detail":"","kind":12,"name":"main","range":{"end":{"character":8,"line":15},"start":{"character":4,"line":15}},"selectionRange":{"end":{"character":8,"line":15},"start":{"character":4,"line":15}}}]}
buildDocumentSymbols. start
buildSymbolInfomations_bySymbols. start
buildSymbolInfomations_bySymbols. sym.name:initMain ret:0
buildSymbolInfomations_bySymbols. sym.name:main ret:1
buildDocumentSymbols. cnt:2

response:Content-Length: 469

{"id":121,"jsonrpc":"2.0","result":[{"children":[],"detail":"","kind":12,"name":"initMain","range":{"end":{"character":13,"line":10},"start":{"character":5,"line":10}},"selectionRange":{"end":{"character":13,"line":10},"start":{"character":5,"line":10}}},{"children":[],"detail":"","kind":12,"name":"main","range":{"end":{"character":8,"line":15},"start":{"character":4,"line":15}},"selectionRange":{"end":{"character":8,"line":15},"start":{"character":4,"line":15}}}]}
route. id:122, method:textDocument/documentColor, params:{
    "textDocument": {
        "uri": "file:///d%3A/ws/Sui/orc-linux/src/Main.orc"
    }
}

response:Content-Length: 38

{"id":122,"jsonrpc":"2.0","result":{}}
route. id:123, method:textDocument/documentLink, params:{
    "textDocument": {
        "uri": "file:///d%3A/ws/Sui/orc-linux/src/Main.orc"
    }
}

response:Content-Length: 38

{"id":123,"jsonrpc":"2.0","result":{}}
route. id:124, method:textDocument/documentHighlight, params:{
    "position": {
        "character": 0,
        "line": 10
    },
    "textDocument": {
        "uri": "file:///d%3A/ws/Sui/orc-linux/src/Main.orc"
    }
}

response:Content-Length: 38

{"id":124,"jsonrpc":"2.0","result":{}}
route. id:125, method:textDocument/documentHighlight, params:{
    "position": {
        "character": 0,
        "line": 6
    },
    "textDocument": {
        "uri": "file:///d%3A/ws/Sui/orc-linux/src/Main.orc"
    }
}

response:Content-Length: 38

{"id":125,"jsonrpc":"2.0","result":{}}
route. id:0, method:textDocument/didChange, params:{
    "contentChanges": [
        {
            "text": "#include <stdio.h>\r\n\r\n// #include \"./NanovgEntry.h\"\r\n\r\n#include \"../UrgcDll/urgc_api.h\"\r\n#include \"Orc/Orc.h\"\r\n\r\nimport * from \"./Orc/String.orc\"\r\n\r\n \r\n\r\nvoid initMain(){\r\n    // urgc_start_process_thread();\r\n}\r\n\r\n\r\nint main(){\r\n    initMain()\r\n\r\n    printf(\"app used0\\n\")\r\n\r\n    printf(\"glewINit:%d\\n\", 1);\r\n    getchar();\r\n    return 0\r\n}\r\n\r\n"
        }
    ],
    "textDocument": {
        "uri": "file:///d%3A/ws/Sui/orc-linux/src/Main.orc",
        "version": 272
    }
}
didChange:file:///d:/ws/Sui/orc-linux/src/Main.orc 344 272 
buildSymbolSpace_byTextDocument. uri:file:///d:/ws/Sui/orc-linux/src/Main.orc, absPath:d:/ws/Sui/orc-linux/src/Main.orc
buildSymbolSpace_byTextDocument. mk parser
buildSymbolSpace_byTextDocument. program
buildSymbolSpace_byTextDocument. mkSpace
buildSymbolSpace_byTextDocument. init symbol builder v isitor
buildSymbolSpace_byTextDocument. SymbolBuilderVisitor.visit
buildSymbolSpace_byTextDocument  for uri file:///d:/ws/Sui/orc-linux/src/Main.orc. version:%d 
didChange succ

server=>client notification:Content-Length: 149

{"jsonrpc":"2.0","method":"textDocument/publishDiagnostics","params":{"diagnostics":[],"uri":"file:///d:/ws/Sui/orc-linux/src/Main.orc","version":8}}
route. id:126, method:textDocument/documentSymbol, params:{
    "textDocument": {
        "uri": "file:///d%3A/ws/Sui/orc-linux/src/Main.orc"
    }
}
ent:file:///d:/ws/Sui/orc-linux/src/Main.orc 
route. id:127, method:textDocument/documentSymbol, params:{
    "textDocument": {
        "uri": "file:///d%3A/ws/Sui/orc-linux/src/Main.orc"
    }
}
ent:file:///d:/ws/Sui/orc-linux/src/Main.orc 
buildDocumentSymbols. start
buildSymbolInfomations_bySymbols. start
buildSymbolInfomations_bySymbols. sym.name:initMain ret:0
buildSymbolInfomations_bySymbols. sym.name:main ret:1
buildDocumentSymbols. cnt:2

response:Content-Length: 469

{"id":126,"jsonrpc":"2.0","result":[{"children":[],"detail":"","kind":12,"name":"initMain","range":{"end":{"character":13,"line":11},"start":{"character":5,"line":11}},"selectionRange":{"end":{"character":13,"line":11},"start":{"character":5,"line":11}}},{"children":[],"detail":"","kind":12,"name":"main","range":{"end":{"character":8,"line":16},"start":{"character":4,"line":16}},"selectionRange":{"end":{"character":8,"line":16},"start":{"character":4,"line":16}}}]}
buildDocumentSymbols. start
buildSymbolInfomations_bySymbols. start
buildSymbolInfomations_bySymbols. sym.name:initMain ret:0
buildSymbolInfomations_bySymbols. sym.name:main ret:1
buildDocumentSymbols. cnt:2

response:Content-Length: 469

{"id":127,"jsonrpc":"2.0","result":[{"children":[],"detail":"","kind":12,"name":"initMain","range":{"end":{"character":13,"line":11},"start":{"character":5,"line":11}},"selectionRange":{"end":{"character":13,"line":11},"start":{"character":5,"line":11}}},{"children":[],"detail":"","kind":12,"name":"main","range":{"end":{"character":8,"line":16},"start":{"character":4,"line":16}},"selectionRange":{"end":{"character":8,"line":16},"start":{"character":4,"line":16}}}]}
route. id:128, method:textDocument/codeAction, params:{
    "context": {
        "diagnostics": []
    },
    "range": {
        "end": {
            "character": 0,
            "line": 4
        },
        "start": {
            "character": 0,
            "line": 4
        }
    },
    "textDocument": {
        "uri": "file:///d%3A/ws/Sui/orc-linux/src/Main.orc"
    }
}
codeAction succ

response:Content-Length: 382

{"id":128,"jsonrpc":"2.0","result":[{"command":{"arguments":[{"context":{"diagnostics":[],"only":[],"triggerKind":0},"range":{"end":{"character":0,"line":4},"start":{"character":0,"line":4}},"textDocument":{"uri":"file:///d:/ws/Sui/orc-linux/src/Main.orc"}}],"command":"orclsp.import","title":"orclsp.import"},"diagnostics":[],"isPrefered":true,"kind":"refactor","title":"import"}]}
route. id:129, method:textDocument/documentLink, params:{
    "textDocument": {
        "uri": "file:///d%3A/ws/Sui/orc-linux/src/Main.orc"
    }
}

response:Content-Length: 38

{"id":129,"jsonrpc":"2.0","result":{}}
route. id:130, method:textDocument/documentColor, params:{
    "textDocument": {
        "uri": "file:///d%3A/ws/Sui/orc-linux/src/Main.orc"
    }
}

response:Content-Length: 38

{"id":130,"jsonrpc":"2.0","result":{}}
route. id:0, method:textDocument/willSave, params:{
    "reason": 1,
    "textDocument": {
        "uri": "file:///d%3A/ws/Sui/orc-linux/src/Main.orc"
    }
}

response:Content-Length: 36

{"id":0,"jsonrpc":"2.0","result":{}}
route. id:0, method:textDocument/didSave, params:{
    "textDocument": {
        "uri": "file:///d%3A/ws/Sui/orc-linux/src/Main.orc"
    }
}

response:Content-Length: 36

{"id":0,"jsonrpc":"2.0","result":{}}
route. id:0, method:textDocument/willSave, params:{
    "reason": 1,
    "textDocument": {
        "uri": "file:///d%3A/ws/Sui/orc-linux/src/Main.orc"
    }
}

response:Content-Length: 36

{"id":0,"jsonrpc":"2.0","result":{}}
route. id:0, method:textDocument/didSave, params:{
    "textDocument": {
        "uri": "file:///d%3A/ws/Sui/orc-linux/src/Main.orc"
    }
}

response:Content-Length: 36

{"id":0,"jsonrpc":"2.0","result":{}}
route. id:0, method:textDocument/didOpen, params:{
    "textDocument": {
        "languageId": "orc",
        "text": "package Orc\r\n\r\n#include \"./Orc.h\"\r\n\r\n// #include <stdlib.h>\r\n#include <string.h>\r\n#include <stdio.h>\r\n\r\nimport * from \"./String.orc\"\r\n\r\n//受urgc管理的列表\r\n\r\n\r\nclass Number {\r\n    String@ toString(){\r\n        return str(\"\")\r\n    }\r\n    long long toLongLong(){\r\n        return 0\r\n    }\r\n    int toInt(){\r\n        return 0\r\n    }\r\n    double toDouble(){\r\n        return 0\r\n    }\r\n    float toFloat(){\r\n        return 0\r\n    }\r\n}\r\nclass Integer extends Number {\r\n    int value = 0\r\n    String@ toString(){\r\n        return str(\"\").addi(self.value)\r\n    }\r\n    int toLongLong(){\r\n        return self.value\r\n    }\r\n    int toInt(){\r\n        return self.value\r\n    }\r\n    double toDouble(){\r\n        return (double)self.value\r\n    }\r\n    float toFloat(){\r\n        return (float)self.value\r\n    }\r\n}\r\nclass Boolean extends Number {\r\n    bool value = false;\r\n    String@ toString(){\r\n        return str(\"\").add(self.value?\"true\":\"false\")\r\n    }\r\n    long long toLongLong(){\r\n        return self.value\r\n    }\r\n    int toInt(){\r\n        return self.value\r\n    }\r\n    double toDouble(){\r\n        return self.value\r\n    }\r\n    float toFloat(){\r\n        return (float)self.value\r\n    }\r\n}\r\nclass Float extends Number {\r\n    float value = 0\r\n    String@ toString(){\r\n        return str(\"\").addf(self.value)\r\n    }\r\n    long long toLongLong(){\r\n        return self.value\r\n    }\r\n    int toInt(){\r\n        return self.value\r\n    }\r\n    double toDouble(){\r\n        return self.value\r\n    }\r\n    float toFloat(){\r\n        return (float)self.value\r\n    }\r\n}\r\nclass Double extends Number {\r\n    double value = 0;\r\n    String@ toString(){\r\n        return str(\"\").addf(self.value)\r\n    }\r\n    long long toLongLong(){\r\n        return self.value\r\n    }\r\n    int toInt(){\r\n        return self.value\r\n    }\r\n    double toDouble(){\r\n        return self.value\r\n    }\r\n    float toFloat(){\r\n        return (float)self.value\r\n    }\r\n}\r\nclass StructObj {\r\n    void *pStruct\r\n    MetaStruct* metaStruct\r\n    void dtor(){\r\n        if self.pStruct {\r\n            free(self.pStruct)\r\n            self.pStruct = null\r\n        }\r\n    }\r\n    void copyTo(void *dst){\r\n        if dst {\r\n            memcpy(dst, self.pStruct, self.metaStruct.size)\r\n        }\r\n    }\r\n}\r\nStructObj@ mkStructObj(MetaStruct* metaStruct, void *pStruct){\r\n    StructObj@ sobj = new StructObj()\r\n    sobj.pStruct = MetaStruct_dupStruct(metaStruct, pStruct)\r\n    sobj.metaStruct = metaStruct\r\n    return sobj\r\n}\r\n\r\nInteger@ mkInteger(int v){\r\n    Integer@ o = new Integer();\r\n    o.value = v\r\n    return o\r\n}\r\nBoolean@ mkBoolean(bool v){\r\n    Boolean@ o = new Boolean();\r\n    o.value = v\r\n    return o\r\n}\r\nDouble@ mkDouble(double v){\r\n    Double@ o = new Double();\r\n    o.value = v\r\n    return o\r\n}\r\nFloat@ mkFloat(float val){\r\n    Float@ v = new Float()\r\n    v.value = val\r\n    return v\r\n}\r\n\r\n\r\nvoid Orc_setField(Object *obj, OrcMetaField*mf, Object* value){\r\n    void *p = OrcMetaField_getPtr(mf, obj)\r\n    int type = OrcMetaField_getType(mf)\r\n\r\n    if value instanceof Number {\r\n        Number* num = (Number*) value\r\n\r\n        if type == OrcMetaType_float {\r\n            *((float*)p) = num.toFloat()\r\n        }\r\n        else if type == OrcMetaType_double {\r\n            *((double*)p) = num.toDouble()\r\n        }\r\n        else if type == OrcMetaType_long_long {\r\n            *((long long*)p) = (long long)num.toLongLong()\r\n        }\r\n        else if type == OrcMetaType_long {\r\n            *((long*)p) = (long)num.toLongLong()\r\n        }\r\n        else if type == OrcMetaType_int {\r\n            *((int*)p) = num.toInt()\r\n        }\r\n        else if type == OrcMetaType_char {\r\n            *((char*)p) = num.toInt()\r\n        }\r\n        else if type == OrcMetaType_bool {\r\n            *((bool*)p) = num.toInt()\r\n        }\r\n    }\r\n    else if type == OrcMetaType_class{\r\n        if mf.isRef {\r\n            //引用\r\n            urgc_set_field_class(obj, (void**)p, value);\r\n        }\r\n        else if mf.isPointer {\r\n            //普通的指针\r\n            *((void**)p) = value\r\n        }\r\n    }\r\n        //普通的结构体\r\n    else if !mf.isPointer && !mf.isRef && value instanceof StructObj{\r\n        StructObj* sobj = (StructObj*)value\r\n        sobj.copyTo(p)\r\n    }\r\n}",
        "uri": "file:///d%3A/ws/Sui/orc-linux/src/Orc/Number.orc",
        "version": 1
    }
}
=========>didOpen. tid:25256
route. id:131, method:textDocument/documentColor, params:{
    "textDocument": {
        "uri": "file:///d%3A/ws/Sui/orc-linux/src/Orc/Number.orc"
    }
}

response:Content-Length: 38

{"id":131,"jsonrpc":"2.0","result":{}}
route. id:132, method:textDocument/codeAction, params:{
    "context": {
        "diagnostics": []
    },
    "range": {
        "end": {
            "character": 0,
            "line": 0
        },
        "start": {
            "character": 0,
            "line": 0
        }
    },
    "textDocument": {
        "uri": "file:///d%3A/ws/Sui/orc-linux/src/Orc/Number.orc"
    }
}
codeAction succ

response:Content-Length: 388

{"id":132,"jsonrpc":"2.0","result":[{"command":{"arguments":[{"context":{"diagnostics":[],"only":[],"triggerKind":0},"range":{"end":{"character":0,"line":0},"start":{"character":0,"line":0}},"textDocument":{"uri":"file:///d:/ws/Sui/orc-linux/src/Orc/Number.orc"}}],"command":"orclsp.import","title":"orclsp.import"},"diagnostics":[],"isPrefered":true,"kind":"refactor","title":"import"}]}
route. id:133, method:textDocument/documentSymbol, params:{
    "textDocument": {
        "uri": "file:///d%3A/ws/Sui/orc-linux/src/Orc/Number.orc"
    }
}
ent:file:///d:/ws/Sui/orc-linux/src/Orc/Number.orc 
thread:32904 ent:orc file:///d:/ws/Sui/orc-linux/src/Orc/Number.orc 4216 1
create new TextDocumentSymbolInfo for uri file:///d:/ws/Sui/orc-linux/src/Orc/Number.orc. 
buildSymbolSpace_byTextDocument. uri:file:///d:/ws/Sui/orc-linux/src/Orc/Number.orc, absPath:d:/ws/Sui/orc-linux/src/Orc/Number.orc
buildSymbolSpace_byTextDocument. mk parser
route. id:134, method:textDocument/documentLink, params:{
    "textDocument": {
        "uri": "file:///d%3A/ws/Sui/orc-linux/src/Orc/Number.orc"
    }
}

response:Content-Length: 38

{"id":134,"jsonrpc":"2.0","result":{}}
buildSymbolSpace_byTextDocument. program
buildSymbolSpace_byTextDocument. mkSpace
buildSymbolSpace_byTextDocument. init symbol builder v isitor
buildSymbolSpace_byTextDocument. SymbolBuilderVisitor.visit
buildSymbolSpace_byTextDocument  for uri file:///d:/ws/Sui/orc-linux/src/Orc/Number.orc. version:%d 
updateTextDocumentSymbolInfo succ
buildDocumentSymbols. start
buildSymbolInfomations_bySymbols. start
buildSymbolInfomations_bySymbols. sym.name:Number ret:0
buildSymbolInfomations_bySymbols. sym.name:toString ret:0
buildSymbolInfomations_bySymbols. sym.name:toLongLong ret:1
buildSymbolInfomations_bySymbols. sym.name:toInt ret:2
buildSymbolInfomations_bySymbols. sym.name:toDouble ret:3
buildSymbolInfomations_bySymbols. sym.name:toFloat ret:4
buildSymbolInfomations_bySymbols. sym.name:Integer ret:1
buildSymbolInfomations_bySymbols. sym.name:value ret:0
buildSymbolInfomations_bySymbols. sym.name:toString ret:1
buildSymbolInfomations_bySymbols. sym.name:toLongLong ret:2
buildSymbolInfomations_bySymbols. sym.name:toInt ret:3
buildSymbolInfomations_bySymbols. sym.name:toDouble ret:4
buildSymbolInfomations_bySymbols. sym.name:toFloat ret:5
buildSymbolInfomations_bySymbols. sym.name:Boolean ret:2
buildSymbolInfomations_bySymbols. sym.name:value ret:0
buildSymbolInfomations_bySymbols. sym.name:toString ret:1
buildSymbolInfomations_bySymbols. sym.name:toLongLong ret:2
buildSymbolInfomations_bySymbols. sym.name:toInt ret:3
buildSymbolInfomations_bySymbols. sym.name:toDouble ret:4
buildSymbolInfomations_bySymbols. sym.name:toFloat ret:5
buildSymbolInfomations_bySymbols. sym.name:Float ret:3
buildSymbolInfomations_bySymbols. sym.name:value ret:0
buildSymbolInfomations_bySymbols. sym.name:toString ret:1
buildSymbolInfomations_bySymbols. sym.name:toLongLong ret:2
buildSymbolInfomations_bySymbols. sym.name:toInt ret:3
buildSymbolInfomations_bySymbols. sym.name:toDouble ret:4
buildSymbolInfomations_bySymbols. sym.name:toFloat ret:5
buildSymbolInfomations_bySymbols. sym.name:Double ret:4
buildSymbolInfomations_bySymbols. sym.name:value ret:0
buildSymbolInfomations_bySymbols. sym.name:toString ret:1
buildSymbolInfomations_bySymbols. sym.name:toLongLong ret:2
buildSymbolInfomations_bySymbols. sym.name:toInt ret:3
buildSymbolInfomations_bySymbols. sym.name:toDouble ret:4
buildSymbolInfomations_bySymbols. sym.name:toFloat ret:5
buildSymbolInfomations_bySymbols. sym.name:StructObj ret:5
buildSymbolInfomations_bySymbols. sym.name:pStruct ret:0
buildSymbolInfomations_bySymbols. sym.name:metaStruct ret:1
buildSymbolInfomations_bySymbols. sym.name:dtor ret:2
buildSymbolInfomations_bySymbols. sym.name:copyTo ret:3
buildSymbolInfomations_bySymbols. sym.name:mkStructObj ret:6
buildSymbolInfomations_bySymbols. sym.name:mkInteger ret:7
buildSymbolInfomations_bySymbols. sym.name:mkBoolean ret:8
buildSymbolInfomations_bySymbols. sym.name:mkDouble ret:9
buildSymbolInfomations_bySymbols. sym.name:mkFloat ret:10
buildSymbolInfomations_bySymbols. sym.name:Orc_setField ret:11
buildDocumentSymbols. cnt:12

response:Content-Length: 9951

{"id":133,"jsonrpc":"2.0","result":[{"children":[{"children":[],"detail":"","kind":12,"name":"toString","range":{"end":{"character":20,"line":14},"start":{"character":12,"line":14}},"selectionRange":{"end":{"character":20,"line":14},"start":{"character":12,"line":14}}},{"children":[],"detail":"","kind":12,"name":"toLongLong","range":{"end":{"character":24,"line":17},"start":{"character":14,"line":17}},"selectionRange":{"end":{"character":24,"line":17},"start":{"character":14,"line":17}}},{"children":[],"detail":"","kind":12,"name":"toInt","range":{"end":{"character":13,"line":20},"start":{"character":8,"line":20}},"selectionRange":{"end":{"character":13,"line":20},"start":{"character":8,"line":20}}},{"children":[],"detail":"","kind":12,"name":"toDouble","range":{"end":{"character":19,"line":23},"start":{"character":11,"line":23}},"selectionRange":{"end":{"character":19,"line":23},"start":{"character":11,"line":23}}},{"children":[],"detail":"","kind":12,"name":"toFloat","range":{"end":{"character":17,"line":26},"start":{"character":10,"line":26}},"selectionRange":{"end":{"character":17,"line":26},"start":{"character":10,"line":26}}}],"detail":"","kind":12,"name":"Number","range":{"end":{"character":12,"line":13},"start":{"character":6,"line":13}},"selectionRange":{"end":{"character":12,"line":13},"start":{"character":6,"line":13}}},{"children":[{"children":[],"detail":"","kind":12,"name":"value","range":{"end":{"character":13,"line":31},"start":{"character":8,"line":31}},"selectionRange":{"end":{"character":13,"line":31},"start":{"character":8,"line":31}}},{"children":[],"detail":"","kind":12,"name":"toString","range":{"end":{"character":20,"line":32},"start":{"character":12,"line":32}},"selectionRange":{"end":{"character":20,"line":32},"start":{"character":12,"line":32}}},{"children":[],"detail":"","kind":12,"name":"toLongLong","range":{"end":{"character":18,"line":35},"start":{"character":8,"line":35}},"selectionRange":{"end":{"character":18,"line":35},"start":{"character":8,"line":35}}},{"children":[],"detail":"","kind":12,"name":"toInt","range":{"end":{"character":13,"line":38},"start":{"character":8,"line":38}},"selectionRange":{"end":{"character":13,"line":38},"start":{"character":8,"line":38}}},{"children":[],"detail":"","kind":12,"name":"toDouble","range":{"end":{"character":19,"line":41},"start":{"character":11,"line":41}},"selectionRange":{"end":{"character":19,"line":41},"start":{"character":11,"line":41}}},{"children":[],"detail":"","kind":12,"name":"toFloat","range":{"end":{"character":17,"line":44},"start":{"character":10,"line":44}},"selectionRange":{"end":{"character":17,"line":44},"start":{"character":10,"line":44}}}],"detail":"","kind":12,"name":"Integer","range":{"end":{"character":13,"line":30},"start":{"character":6,"line":30}},"selectionRange":{"end":{"character":13,"line":30},"start":{"character":6,"line":30}}},{"children":[{"children":[],"detail":"","kind":12,"name":"value","range":{"end":{"character":14,"line":49},"start":{"character":9,"line":49}},"selectionRange":{"end":{"character":14,"line":49},"start":{"character":9,"line":49}}},{"children":[],"detail":"","kind":12,"name":"toString","range":{"end":{"character":20,"line":50},"start":{"character":12,"line":50}},"selectionRange":{"end":{"character":20,"line":50},"start":{"character":12,"line":50}}},{"children":[],"detail":"","kind":12,"name":"toLongLong","range":{"end":{"character":24,"line":53},"start":{"character":14,"line":53}},"selectionRange":{"end":{"character":24,"line":53},"start":{"character":14,"line":53}}},{"children":[],"detail":"","kind":12,"name":"toInt","range":{"end":{"character":13,"line":56},"start":{"character":8,"line":56}},"selectionRange":{"end":{"character":13,"line":56},"start":{"character":8,"line":56}}},{"children":[],"detail":"","kind":12,"name":"toDouble","range":{"end":{"character":19,"line":59},"start":{"character":11,"line":59}},"selectionRange":{"end":{"character":19,"line":59},"start":{"character":11,"line":59}}},{"children":[],"detail":"","kind":12,"name":"toFloat","range":{"end":{"character":17,"line":62},"start":{"character":10,"line":62}},"selectionRange":{"end":{"character":17,"line":62},"start":{"character":10,"line":62}}}],"detail":"","kind":12,"name":"Boolean","range":{"end":{"character":13,"line":48},"start":{"character":6,"line":48}},"selectionRange":{"end":{"character":13,"line":48},"start":{"character":6,"line":48}}},{"children":[{"children":[],"detail":"","kind":12,"name":"value","range":{"end":{"character":15,"line":67},"start":{"character":10,"line":67}},"selectionRange":{"end":{"character":15,"line":67},"start":{"character":10,"line":67}}},{"children":[],"detail":"","kind":12,"name":"toString","range":{"end":{"character":20,"line":68},"start":{"character":12,"line":68}},"selectionRange":{"end":{"character":20,"line":68},"start":{"character":12,"line":68}}},{"children":[],"detail":"","kind":12,"name":"toLongLong","range":{"end":{"character":24,"line":71},"start":{"character":14,"line":71}},"selectionRange":{"end":{"character":24,"line":71},"start":{"character":14,"line":71}}},{"children":[],"detail":"","kind":12,"name":"toInt","range":{"end":{"character":13,"line":74},"start":{"character":8,"line":74}},"selectionRange":{"end":{"character":13,"line":74},"start":{"character":8,"line":74}}},{"children":[],"detail":"","kind":12,"name":"toDouble","range":{"end":{"character":19,"line":77},"start":{"character":11,"line":77}},"selectionRange":{"end":{"character":19,"line":77},"start":{"character":11,"line":77}}},{"children":[],"detail":"","kind":12,"name":"toFloat","range":{"end":{"character":17,"line":80},"start":{"character":10,"line":80}},"selectionRange":{"end":{"character":17,"line":80},"start":{"character":10,"line":80}}}],"detail":"","kind":12,"name":"Float","range":{"end":{"character":11,"line":66},"start":{"character":6,"line":66}},"selectionRange":{"end":{"character":11,"line":66},"start":{"character":6,"line":66}}},{"children":[{"children":[],"detail":"","kind":12,"name":"value","range":{"end":{"character":16,"line":85},"start":{"character":11,"line":85}},"selectionRange":{"end":{"character":16,"line":85},"start":{"character":11,"line":85}}},{"children":[],"detail":"","kind":12,"name":"toString","range":{"end":{"character":20,"line":86},"start":{"character":12,"line":86}},"selectionRange":{"end":{"character":20,"line":86},"start":{"character":12,"line":86}}},{"children":[],"detail":"","kind":12,"name":"toLongLong","range":{"end":{"character":24,"line":89},"start":{"character":14,"line":89}},"selectionRange":{"end":{"character":24,"line":89},"start":{"character":14,"line":89}}},{"children":[],"detail":"","kind":12,"name":"toInt","range":{"end":{"character":13,"line":92},"start":{"character":8,"line":92}},"selectionRange":{"end":{"character":13,"line":92},"start":{"character":8,"line":92}}},{"children":[],"detail":"","kind":12,"name":"toDouble","range":{"end":{"character":19,"line":95},"start":{"character":11,"line":95}},"selectionRange":{"end":{"character":19,"line":95},"start":{"character":11,"line":95}}},{"children":[],"detail":"","kind":12,"name":"toFloat","range":{"end":{"character":17,"line":98},"start":{"character":10,"line":98}},"selectionRange":{"end":{"character":17,"line":98},"start":{"character":10,"line":98}}}],"detail":"","kind":12,"name":"Double","range":{"end":{"character":12,"line":84},"start":{"character":6,"line":84}},"selectionRange":{"end":{"character":12,"line":84},"start":{"character":6,"line":84}}},{"children":[{"children":[],"detail":"","kind":12,"name":"pStruct","range":{"end":{"character":17,"line":103},"start":{"character":10,"line":103}},"selectionRange":{"end":{"character":17,"line":103},"start":{"character":10,"line":103}}},{"children":[],"detail":"","kind":12,"name":"metaStruct","range":{"end":{"character":26,"line":104},"start":{"character":16,"line":104}},"selectionRange":{"end":{"character":26,"line":104},"start":{"character":16,"line":104}}},{"children":[],"detail":"","kind":12,"name":"dtor","range":{"end":{"character":13,"line":105},"start":{"character":9,"line":105}},"selectionRange":{"end":{"character":13,"line":105},"start":{"character":9,"line":105}}},{"children":[],"detail":"","kind":12,"name":"copyTo","range":{"end":{"character":15,"line":111},"start":{"character":9,"line":111}},"selectionRange":{"end":{"character":15,"line":111},"start":{"character":9,"line":111}}}],"detail":"","kind":12,"name":"StructObj","range":{"end":{"character":15,"line":102},"start":{"character":6,"line":102}},"selectionRange":{"end":{"character":15,"line":102},"start":{"character":6,"line":102}}},{"children":[],"detail":"","kind":12,"name":"mkStructObj","range":{"end":{"character":22,"line":117},"start":{"character":11,"line":117}},"selectionRange":{"end":{"character":22,"line":117},"start":{"character":11,"line":117}}},{"children":[],"detail":"","kind":12,"name":"mkInteger","range":{"end":{"character":18,"line":124},"start":{"character":9,"line":124}},"selectionRange":{"end":{"character":18,"line":124},"start":{"character":9,"line":124}}},{"children":[],"detail":"","kind":12,"name":"mkBoolean","range":{"end":{"character":18,"line":129},"start":{"character":9,"line":129}},"selectionRange":{"end":{"character":18,"line":129},"start":{"character":9,"line":129}}},{"children":[],"detail":"","kind":12,"name":"mkDouble","range":{"end":{"character":16,"line":134},"start":{"character":8,"line":134}},"selectionRange":{"end":{"character":16,"line":134},"start":{"character":8,"line":134}}},{"children":[],"detail":"","kind":12,"name":"mkFloat","range":{"end":{"character":14,"line":139},"start":{"character":7,"line":139}},"selectionRange":{"end":{"character":14,"line":139},"start":{"character":7,"line":139}}},{"children":[],"detail":"","kind":12,"name":"Orc_setField","range":{"end":{"character":17,"line":146},"start":{"character":5,"line":146}},"selectionRange":{"end":{"character":17,"line":146},"start":{"character":5,"line":146}}}]}
route. id:135, method:textDocument/documentSymbol, params:{
    "textDocument": {
        "uri": "file:///d%3A/ws/Sui/orc-linux/src/Orc/Number.orc"
    }
}
ent:file:///d:/ws/Sui/orc-linux/src/Orc/Number.orc 
buildDocumentSymbols. start
buildSymbolInfomations_bySymbols. start
buildSymbolInfomations_bySymbols. sym.name:Number ret:0
buildSymbolInfomations_bySymbols. sym.name:toString ret:0
buildSymbolInfomations_bySymbols. sym.name:toLongLong ret:1
buildSymbolInfomations_bySymbols. sym.name:toInt ret:2
buildSymbolInfomations_bySymbols. sym.name:toDouble ret:3
buildSymbolInfomations_bySymbols. sym.name:toFloat ret:4
buildSymbolInfomations_bySymbols. sym.name:Integer ret:1
buildSymbolInfomations_bySymbols. sym.name:value ret:0
buildSymbolInfomations_bySymbols. sym.name:toString ret:1
buildSymbolInfomations_bySymbols. sym.name:toLongLong ret:2
buildSymbolInfomations_bySymbols. sym.name:toInt ret:3
buildSymbolInfomations_bySymbols. sym.name:toDouble ret:4
buildSymbolInfomations_bySymbols. sym.name:toFloat ret:5
buildSymbolInfomations_bySymbols. sym.name:Boolean ret:2
buildSymbolInfomations_bySymbols. sym.name:value ret:0
buildSymbolInfomations_bySymbols. sym.name:toString ret:1
buildSymbolInfomations_bySymbols. sym.name:toLongLong ret:2
buildSymbolInfomations_bySymbols. sym.name:toInt ret:3
buildSymbolInfomations_bySymbols. sym.name:toDouble ret:4
buildSymbolInfomations_bySymbols. sym.name:toFloat ret:5
buildSymbolInfomations_bySymbols. sym.name:Float ret:3
buildSymbolInfomations_bySymbols. sym.name:value ret:0
buildSymbolInfomations_bySymbols. sym.name:toString ret:1
buildSymbolInfomations_bySymbols. sym.name:toLongLong ret:2
buildSymbolInfomations_bySymbols. sym.name:toInt ret:3
buildSymbolInfomations_bySymbols. sym.name:toDouble ret:4
buildSymbolInfomations_bySymbols. sym.name:toFloat ret:5
buildSymbolInfomations_bySymbols. sym.name:Double ret:4
buildSymbolInfomations_bySymbols. sym.name:value ret:0
buildSymbolInfomations_bySymbols. sym.name:toString ret:1
buildSymbolInfomations_bySymbols. sym.name:toLongLong ret:2
buildSymbolInfomations_bySymbols. sym.name:toInt ret:3
buildSymbolInfomations_bySymbols. sym.name:toDouble ret:4
buildSymbolInfomations_bySymbols. sym.name:toFloat ret:5
buildSymbolInfomations_bySymbols. sym.name:StructObj ret:5
buildSymbolInfomations_bySymbols. sym.name:pStruct ret:0
buildSymbolInfomations_bySymbols. sym.name:metaStruct ret:1
buildSymbolInfomations_bySymbols. sym.name:dtor ret:2
buildSymbolInfomations_bySymbols. sym.name:copyTo ret:3
buildSymbolInfomations_bySymbols. sym.name:mkStructObj ret:6
buildSymbolInfomations_bySymbols. sym.name:mkInteger ret:7
buildSymbolInfomations_bySymbols. sym.name:mkBoolean ret:8
buildSymbolInfomations_bySymbols. sym.name:mkDouble ret:9
buildSymbolInfomations_bySymbols. sym.name:mkFloat ret:10
buildSymbolInfomations_bySymbols. sym.name:Orc_setField ret:11
buildDocumentSymbols. cnt:12

response:Content-Length: 9951

{"id":135,"jsonrpc":"2.0","result":[{"children":[{"children":[],"detail":"","kind":12,"name":"toString","range":{"end":{"character":20,"line":14},"start":{"character":12,"line":14}},"selectionRange":{"end":{"character":20,"line":14},"start":{"character":12,"line":14}}},{"children":[],"detail":"","kind":12,"name":"toLongLong","range":{"end":{"character":24,"line":17},"start":{"character":14,"line":17}},"selectionRange":{"end":{"character":24,"line":17},"start":{"character":14,"line":17}}},{"children":[],"detail":"","kind":12,"name":"toInt","range":{"end":{"character":13,"line":20},"start":{"character":8,"line":20}},"selectionRange":{"end":{"character":13,"line":20},"start":{"character":8,"line":20}}},{"children":[],"detail":"","kind":12,"name":"toDouble","range":{"end":{"character":19,"line":23},"start":{"character":11,"line":23}},"selectionRange":{"end":{"character":19,"line":23},"start":{"character":11,"line":23}}},{"children":[],"detail":"","kind":12,"name":"toFloat","range":{"end":{"character":17,"line":26},"start":{"character":10,"line":26}},"selectionRange":{"end":{"character":17,"line":26},"start":{"character":10,"line":26}}}],"detail":"","kind":12,"name":"Number","range":{"end":{"character":12,"line":13},"start":{"character":6,"line":13}},"selectionRange":{"end":{"character":12,"line":13},"start":{"character":6,"line":13}}},{"children":[{"children":[],"detail":"","kind":12,"name":"value","range":{"end":{"character":13,"line":31},"start":{"character":8,"line":31}},"selectionRange":{"end":{"character":13,"line":31},"start":{"character":8,"line":31}}},{"children":[],"detail":"","kind":12,"name":"toString","range":{"end":{"character":20,"line":32},"start":{"character":12,"line":32}},"selectionRange":{"end":{"character":20,"line":32},"start":{"character":12,"line":32}}},{"children":[],"detail":"","kind":12,"name":"toLongLong","range":{"end":{"character":18,"line":35},"start":{"character":8,"line":35}},"selectionRange":{"end":{"character":18,"line":35},"start":{"character":8,"line":35}}},{"children":[],"detail":"","kind":12,"name":"toInt","range":{"end":{"character":13,"line":38},"start":{"character":8,"line":38}},"selectionRange":{"end":{"character":13,"line":38},"start":{"character":8,"line":38}}},{"children":[],"detail":"","kind":12,"name":"toDouble","range":{"end":{"character":19,"line":41},"start":{"character":11,"line":41}},"selectionRange":{"end":{"character":19,"line":41},"start":{"character":11,"line":41}}},{"children":[],"detail":"","kind":12,"name":"toFloat","range":{"end":{"character":17,"line":44},"start":{"character":10,"line":44}},"selectionRange":{"end":{"character":17,"line":44},"start":{"character":10,"line":44}}}],"detail":"","kind":12,"name":"Integer","range":{"end":{"character":13,"line":30},"start":{"character":6,"line":30}},"selectionRange":{"end":{"character":13,"line":30},"start":{"character":6,"line":30}}},{"children":[{"children":[],"detail":"","kind":12,"name":"value","range":{"end":{"character":14,"line":49},"start":{"character":9,"line":49}},"selectionRange":{"end":{"character":14,"line":49},"start":{"character":9,"line":49}}},{"children":[],"detail":"","kind":12,"name":"toString","range":{"end":{"character":20,"line":50},"start":{"character":12,"line":50}},"selectionRange":{"end":{"character":20,"line":50},"start":{"character":12,"line":50}}},{"children":[],"detail":"","kind":12,"name":"toLongLong","range":{"end":{"character":24,"line":53},"start":{"character":14,"line":53}},"selectionRange":{"end":{"character":24,"line":53},"start":{"character":14,"line":53}}},{"children":[],"detail":"","kind":12,"name":"toInt","range":{"end":{"character":13,"line":56},"start":{"character":8,"line":56}},"selectionRange":{"end":{"character":13,"line":56},"start":{"character":8,"line":56}}},{"children":[],"detail":"","kind":12,"name":"toDouble","range":{"end":{"character":19,"line":59},"start":{"character":11,"line":59}},"selectionRange":{"end":{"character":19,"line":59},"start":{"character":11,"line":59}}},{"children":[],"detail":"","kind":12,"name":"toFloat","range":{"end":{"character":17,"line":62},"start":{"character":10,"line":62}},"selectionRange":{"end":{"character":17,"line":62},"start":{"character":10,"line":62}}}],"detail":"","kind":12,"name":"Boolean","range":{"end":{"character":13,"line":48},"start":{"character":6,"line":48}},"selectionRange":{"end":{"character":13,"line":48},"start":{"character":6,"line":48}}},{"children":[{"children":[],"detail":"","kind":12,"name":"value","range":{"end":{"character":15,"line":67},"start":{"character":10,"line":67}},"selectionRange":{"end":{"character":15,"line":67},"start":{"character":10,"line":67}}},{"children":[],"detail":"","kind":12,"name":"toString","range":{"end":{"character":20,"line":68},"start":{"character":12,"line":68}},"selectionRange":{"end":{"character":20,"line":68},"start":{"character":12,"line":68}}},{"children":[],"detail":"","kind":12,"name":"toLongLong","range":{"end":{"character":24,"line":71},"start":{"character":14,"line":71}},"selectionRange":{"end":{"character":24,"line":71},"start":{"character":14,"line":71}}},{"children":[],"detail":"","kind":12,"name":"toInt","range":{"end":{"character":13,"line":74},"start":{"character":8,"line":74}},"selectionRange":{"end":{"character":13,"line":74},"start":{"character":8,"line":74}}},{"children":[],"detail":"","kind":12,"name":"toDouble","range":{"end":{"character":19,"line":77},"start":{"character":11,"line":77}},"selectionRange":{"end":{"character":19,"line":77},"start":{"character":11,"line":77}}},{"children":[],"detail":"","kind":12,"name":"toFloat","range":{"end":{"character":17,"line":80},"start":{"character":10,"line":80}},"selectionRange":{"end":{"character":17,"line":80},"start":{"character":10,"line":80}}}],"detail":"","kind":12,"name":"Float","range":{"end":{"character":11,"line":66},"start":{"character":6,"line":66}},"selectionRange":{"end":{"character":11,"line":66},"start":{"character":6,"line":66}}},{"children":[{"children":[],"detail":"","kind":12,"name":"value","range":{"end":{"character":16,"line":85},"start":{"character":11,"line":85}},"selectionRange":{"end":{"character":16,"line":85},"start":{"character":11,"line":85}}},{"children":[],"detail":"","kind":12,"name":"toString","range":{"end":{"character":20,"line":86},"start":{"character":12,"line":86}},"selectionRange":{"end":{"character":20,"line":86},"start":{"character":12,"line":86}}},{"children":[],"detail":"","kind":12,"name":"toLongLong","range":{"end":{"character":24,"line":89},"start":{"character":14,"line":89}},"selectionRange":{"end":{"character":24,"line":89},"start":{"character":14,"line":89}}},{"children":[],"detail":"","kind":12,"name":"toInt","range":{"end":{"character":13,"line":92},"start":{"character":8,"line":92}},"selectionRange":{"end":{"character":13,"line":92},"start":{"character":8,"line":92}}},{"children":[],"detail":"","kind":12,"name":"toDouble","range":{"end":{"character":19,"line":95},"start":{"character":11,"line":95}},"selectionRange":{"end":{"character":19,"line":95},"start":{"character":11,"line":95}}},{"children":[],"detail":"","kind":12,"name":"toFloat","range":{"end":{"character":17,"line":98},"start":{"character":10,"line":98}},"selectionRange":{"end":{"character":17,"line":98},"start":{"character":10,"line":98}}}],"detail":"","kind":12,"name":"Double","range":{"end":{"character":12,"line":84},"start":{"character":6,"line":84}},"selectionRange":{"end":{"character":12,"line":84},"start":{"character":6,"line":84}}},{"children":[{"children":[],"detail":"","kind":12,"name":"pStruct","range":{"end":{"character":17,"line":103},"start":{"character":10,"line":103}},"selectionRange":{"end":{"character":17,"line":103},"start":{"character":10,"line":103}}},{"children":[],"detail":"","kind":12,"name":"metaStruct","range":{"end":{"character":26,"line":104},"start":{"character":16,"line":104}},"selectionRange":{"end":{"character":26,"line":104},"start":{"character":16,"line":104}}},{"children":[],"detail":"","kind":12,"name":"dtor","range":{"end":{"character":13,"line":105},"start":{"character":9,"line":105}},"selectionRange":{"end":{"character":13,"line":105},"start":{"character":9,"line":105}}},{"children":[],"detail":"","kind":12,"name":"copyTo","range":{"end":{"character":15,"line":111},"start":{"character":9,"line":111}},"selectionRange":{"end":{"character":15,"line":111},"start":{"character":9,"line":111}}}],"detail":"","kind":12,"name":"StructObj","range":{"end":{"character":15,"line":102},"start":{"character":6,"line":102}},"selectionRange":{"end":{"character":15,"line":102},"start":{"character":6,"line":102}}},{"children":[],"detail":"","kind":12,"name":"mkStructObj","range":{"end":{"character":22,"line":117},"start":{"character":11,"line":117}},"selectionRange":{"end":{"character":22,"line":117},"start":{"character":11,"line":117}}},{"children":[],"detail":"","kind":12,"name":"mkInteger","range":{"end":{"character":18,"line":124},"start":{"character":9,"line":124}},"selectionRange":{"end":{"character":18,"line":124},"start":{"character":9,"line":124}}},{"children":[],"detail":"","kind":12,"name":"mkBoolean","range":{"end":{"character":18,"line":129},"start":{"character":9,"line":129}},"selectionRange":{"end":{"character":18,"line":129},"start":{"character":9,"line":129}}},{"children":[],"detail":"","kind":12,"name":"mkDouble","range":{"end":{"character":16,"line":134},"start":{"character":8,"line":134}},"selectionRange":{"end":{"character":16,"line":134},"start":{"character":8,"line":134}}},{"children":[],"detail":"","kind":12,"name":"mkFloat","range":{"end":{"character":14,"line":139},"start":{"character":7,"line":139}},"selectionRange":{"end":{"character":14,"line":139},"start":{"character":7,"line":139}}},{"children":[],"detail":"","kind":12,"name":"Orc_setField","range":{"end":{"character":17,"line":146},"start":{"character":5,"line":146}},"selectionRange":{"end":{"character":17,"line":146},"start":{"character":5,"line":146}}}]}

server=>client notification:Content-Length: 155

{"jsonrpc":"2.0","method":"textDocument/publishDiagnostics","params":{"diagnostics":[],"uri":"file:///d:/ws/Sui/orc-linux/src/Orc/Number.orc","version":8}}
route. id:0, method:textDocument/didClose, params:{
    "textDocument": {
        "uri": "file:///d%3A/ws/Sui/orc-linux/src/Orc/Number.orc"
    }
}

response:Content-Length: 36

{"id":0,"jsonrpc":"2.0","result":{}}
route. id:136, method:textDocument/documentColor, params:{
    "textDocument": {
        "uri": "file:///d%3A/ws/Sui/orc-linux/src/Main.orc"
    }
}

response:Content-Length: 38

{"id":136,"jsonrpc":"2.0","result":{}}
route. id:137, method:textDocument/codeAction, params:{
    "context": {
        "diagnostics": []
    },
    "range": {
        "end": {
            "character": 0,
            "line": 0
        },
        "start": {
            "character": 0,
            "line": 0
        }
    },
    "textDocument": {
        "uri": "file:///d%3A/ws/Sui/orc-linux/src/Main.orc"
    }
}
codeAction succ

response:Content-Length: 382

{"id":137,"jsonrpc":"2.0","result":[{"command":{"arguments":[{"context":{"diagnostics":[],"only":[],"triggerKind":0},"range":{"end":{"character":0,"line":0},"start":{"character":0,"line":0}},"textDocument":{"uri":"file:///d:/ws/Sui/orc-linux/src/Main.orc"}}],"command":"orclsp.import","title":"orclsp.import"},"diagnostics":[],"isPrefered":true,"kind":"refactor","title":"import"}]}
route. id:138, method:textDocument/documentLink, params:{
    "textDocument": {
        "uri": "file:///d%3A/ws/Sui/orc-linux/src/Main.orc"
    }
}

response:Content-Length: 38

{"id":138,"jsonrpc":"2.0","result":{}}
route. id:139, method:textDocument/documentSymbol, params:{
    "textDocument": {
        "uri": "file:///d%3A/ws/Sui/orc-linux/src/Main.orc"
    }
}
ent:file:///d:/ws/Sui/orc-linux/src/Main.orc 
buildDocumentSymbols. start
buildSymbolInfomations_bySymbols. start
buildSymbolInfomations_bySymbols. sym.name:initMain ret:0
buildSymbolInfomations_bySymbols. sym.name:main ret:1
buildDocumentSymbols. cnt:2

response:Content-Length: 469

{"id":139,"jsonrpc":"2.0","result":[{"children":[],"detail":"","kind":12,"name":"initMain","range":{"end":{"character":13,"line":11},"start":{"character":5,"line":11}},"selectionRange":{"end":{"character":13,"line":11},"start":{"character":5,"line":11}}},{"children":[],"detail":"","kind":12,"name":"main","range":{"end":{"character":8,"line":16},"start":{"character":4,"line":16}},"selectionRange":{"end":{"character":8,"line":16},"start":{"character":4,"line":16}}}]}
route. id:140, method:textDocument/documentColor, params:{
    "textDocument": {
        "uri": "file:///d%3A/ws/Sui/orc-linux/src/Main.orc"
    }
}

response:Content-Length: 38

{"id":140,"jsonrpc":"2.0","result":{}}
route. id:141, method:textDocument/codeAction, params:{
    "context": {
        "diagnostics": []
    },
    "range": {
        "end": {
            "character": 0,
            "line": 0
        },
        "start": {
            "character": 0,
            "line": 0
        }
    },
    "textDocument": {
        "uri": "file:///d%3A/ws/Sui/orc-linux/src/Main.orc"
    }
}
codeAction succ

response:Content-Length: 382

{"id":141,"jsonrpc":"2.0","result":[{"command":{"arguments":[{"context":{"diagnostics":[],"only":[],"triggerKind":0},"range":{"end":{"character":0,"line":0},"start":{"character":0,"line":0}},"textDocument":{"uri":"file:///d:/ws/Sui/orc-linux/src/Main.orc"}}],"command":"orclsp.import","title":"orclsp.import"},"diagnostics":[],"isPrefered":true,"kind":"refactor","title":"import"}]}
route. id:142, method:textDocument/documentLink, params:{
    "textDocument": {
        "uri": "file:///d%3A/ws/Sui/orc-linux/src/Main.orc"
    }
}

response:Content-Length: 38

{"id":142,"jsonrpc":"2.0","result":{}}
route. id:143, method:textDocument/documentSymbol, params:{
    "textDocument": {
        "uri": "file:///d%3A/ws/Sui/orc-linux/src/Main.orc"
    }
}
ent:file:///d:/ws/Sui/orc-linux/src/Main.orc 
buildDocumentSymbols. start
buildSymbolInfomations_bySymbols. start
buildSymbolInfomations_bySymbols. sym.name:initMain ret:0
buildSymbolInfomations_bySymbols. sym.name:main ret:1
buildDocumentSymbols. cnt:2

response:Content-Length: 469

{"id":143,"jsonrpc":"2.0","result":[{"children":[],"detail":"","kind":12,"name":"initMain","range":{"end":{"character":13,"line":11},"start":{"character":5,"line":11}},"selectionRange":{"end":{"character":13,"line":11},"start":{"character":5,"line":11}}},{"children":[],"detail":"","kind":12,"name":"main","range":{"end":{"character":8,"line":16},"start":{"character":4,"line":16}},"selectionRange":{"end":{"character":8,"line":16},"start":{"character":4,"line":16}}}]}
route. id:144, method:textDocument/codeAction, params:{
    "context": {
        "diagnostics": []
    },
    "range": {
        "end": {
            "character": 30,
            "line": 21
        },
        "start": {
            "character": 30,
            "line": 21
        }
    },
    "textDocument": {
        "uri": "file:///d%3A/ws/Sui/orc-linux/src/Main.orc"
    }
}
codeAction succ

response:Content-Length: 386

{"id":144,"jsonrpc":"2.0","result":[{"command":{"arguments":[{"context":{"diagnostics":[],"only":[],"triggerKind":0},"range":{"end":{"character":30,"line":21},"start":{"character":30,"line":21}},"textDocument":{"uri":"file:///d:/ws/Sui/orc-linux/src/Main.orc"}}],"command":"orclsp.import","title":"orclsp.import"},"diagnostics":[],"isPrefered":true,"kind":"refactor","title":"import"}]}
route. id:145, method:textDocument/codeAction, params:{
    "context": {
        "diagnostics": []
    },
    "range": {
        "end": {
            "character": 24,
            "line": 19
        },
        "start": {
            "character": 24,
            "line": 19
        }
    },
    "textDocument": {
        "uri": "file:///d%3A/ws/Sui/orc-linux/src/Main.orc"
    }
}
codeAction succ

response:Content-Length: 386

{"id":145,"jsonrpc":"2.0","result":[{"command":{"arguments":[{"context":{"diagnostics":[],"only":[],"triggerKind":0},"range":{"end":{"character":24,"line":19},"start":{"character":24,"line":19}},"textDocument":{"uri":"file:///d:/ws/Sui/orc-linux/src/Main.orc"}}],"command":"orclsp.import","title":"orclsp.import"},"diagnostics":[],"isPrefered":true,"kind":"refactor","title":"import"}]}
route. id:146, method:textDocument/documentHighlight, params:{
    "position": {
        "character": 24,
        "line": 21
    },
    "textDocument": {
        "uri": "file:///d%3A/ws/Sui/orc-linux/src/Main.orc"
    }
}

response:Content-Length: 38

{"id":146,"jsonrpc":"2.0","result":{}}
route. id:147, method:textDocument/codeAction, params:{
    "context": {
        "diagnostics": []
    },
    "range": {
        "end": {
            "character": 24,
            "line": 21
        },
        "start": {
            "character": 24,
            "line": 21
        }
    },
    "textDocument": {
        "uri": "file:///d%3A/ws/Sui/orc-linux/src/Main.orc"
    }
}
codeAction succ

response:Content-Length: 386

{"id":147,"jsonrpc":"2.0","result":[{"command":{"arguments":[{"context":{"diagnostics":[],"only":[],"triggerKind":0},"range":{"end":{"character":24,"line":21},"start":{"character":24,"line":21}},"textDocument":{"uri":"file:///d:/ws/Sui/orc-linux/src/Main.orc"}}],"command":"orclsp.import","title":"orclsp.import"},"diagnostics":[],"isPrefered":true,"kind":"refactor","title":"import"}]}
route. id:0, method:textDocument/didChange, params:{
    "contentChanges": [
        {
            "text": "#include <stdio.h>\r\n\r\n// #include \"./NanovgEntry.h\"\r\n\r\n#include \"../UrgcDll/urgc_api.h\"\r\n#include \"Orc/Orc.h\"\r\n\r\nimport * from \"./Orc/String.orc\"\r\n\r\n \r\n\r\nvoid initMain(){\r\n    // urgc_start_process_thread();\r\n}\r\n\r\n\r\nint main(){\r\n    initMain()\r\n\r\n    printf(\"app used0\\n\")\r\n\r\n    getchar();\r\n    return 0\r\n}\r\n\r\n"
        }
    ],
    "textDocument": {
        "uri": "file:///d%3A/ws/Sui/orc-linux/src/Main.orc",
        "version": 273
    }
}
didChange:file:///d:/ws/Sui/orc-linux/src/Main.orc 311 273 
buildSymbolSpace_byTextDocument. uri:file:///d:/ws/Sui/orc-linux/src/Main.orc, absPath:d:/ws/Sui/orc-linux/src/Main.orc
buildSymbolSpace_byTextDocument. mk parser
buildSymbolSpace_byTextDocument. program
buildSymbolSpace_byTextDocument. mkSpace
buildSymbolSpace_byTextDocument. init symbol builder v isitor
buildSymbolSpace_byTextDocument. SymbolBuilderVisitor.visit
buildSymbolSpace_byTextDocument  for uri file:///d:/ws/Sui/orc-linux/src/Main.orc. version:%d 
didChange succ

server=>client notification:Content-Length: 149

{"jsonrpc":"2.0","method":"textDocument/publishDiagnostics","params":{"diagnostics":[],"uri":"file:///d:/ws/Sui/orc-linux/src/Main.orc","version":8}}
route. id:148, method:textDocument/documentHighlight, params:{
    "position": {
        "character": 4,
        "line": 19
    },
    "textDocument": {
        "uri": "file:///d%3A/ws/Sui/orc-linux/src/Main.orc"
    }
}

response:Content-Length: 38

{"id":148,"jsonrpc":"2.0","result":{}}
route. id:149, method:textDocument/documentSymbol, params:{
    "textDocument": {
        "uri": "file:///d%3A/ws/Sui/orc-linux/src/Main.orc"
    }
}
ent:file:///d:/ws/Sui/orc-linux/src/Main.orc 
route. id:150, method:textDocument/documentSymbol, params:{
    "textDocument": {
        "uri": "file:///d%3A/ws/Sui/orc-linux/src/Main.orc"
    }
}
ent:file:///d:/ws/Sui/orc-linux/src/Main.orc 
buildDocumentSymbols. start
buildSymbolInfomations_bySymbols. start
buildSymbolInfomations_bySymbols. sym.name:initMain ret:0
buildSymbolInfomations_bySymbols. sym.name:main ret:1
buildDocumentSymbols. cnt:2

response:Content-Length: 469

{"id":149,"jsonrpc":"2.0","result":[{"children":[],"detail":"","kind":12,"name":"initMain","range":{"end":{"character":13,"line":11},"start":{"character":5,"line":11}},"selectionRange":{"end":{"character":13,"line":11},"start":{"character":5,"line":11}}},{"children":[],"detail":"","kind":12,"name":"main","range":{"end":{"character":8,"line":16},"start":{"character":4,"line":16}},"selectionRange":{"end":{"character":8,"line":16},"start":{"character":4,"line":16}}}]}
buildDocumentSymbols. start
buildSymbolInfomations_bySymbols. start
buildSymbolInfomations_bySymbols. sym.name:initMain ret:0
buildSymbolInfomations_bySymbols. sym.name:main ret:1
buildDocumentSymbols. cnt:2

response:Content-Length: 469

{"id":150,"jsonrpc":"2.0","result":[{"children":[],"detail":"","kind":12,"name":"initMain","range":{"end":{"character":13,"line":11},"start":{"character":5,"line":11}},"selectionRange":{"end":{"character":13,"line":11},"start":{"character":5,"line":11}}},{"children":[],"detail":"","kind":12,"name":"main","range":{"end":{"character":8,"line":16},"start":{"character":4,"line":16}},"selectionRange":{"end":{"character":8,"line":16},"start":{"character":4,"line":16}}}]}
route. id:151, method:textDocument/codeAction, params:{
    "context": {
        "diagnostics": []
    },
    "range": {
        "end": {
            "character": 4,
            "line": 19
        },
        "start": {
            "character": 4,
            "line": 19
        }
    },
    "textDocument": {
        "uri": "file:///d%3A/ws/Sui/orc-linux/src/Main.orc"
    }
}
codeAction succ

response:Content-Length: 384

{"id":151,"jsonrpc":"2.0","result":[{"command":{"arguments":[{"context":{"diagnostics":[],"only":[],"triggerKind":0},"range":{"end":{"character":4,"line":19},"start":{"character":4,"line":19}},"textDocument":{"uri":"file:///d:/ws/Sui/orc-linux/src/Main.orc"}}],"command":"orclsp.import","title":"orclsp.import"},"diagnostics":[],"isPrefered":true,"kind":"refactor","title":"import"}]}
route. id:0, method:textDocument/didChange, params:{
    "contentChanges": [
        {
            "text": "#include <stdio.h>\r\n\r\n// #include \"./NanovgEntry.h\"\r\n\r\n#include \"../UrgcDll/urgc_api.h\"\r\n#include \"Orc/Orc.h\"\r\n\r\nimport * from \"./Orc/String.orc\"\r\n\r\n \r\n\r\nvoid initMain(){\r\n    // urgc_start_process_thread();\r\n}\r\n\r\n\r\nint main(){\r\n    initMain()\r\n\r\n\r\n    getchar();\r\n    return 0\r\n}\r\n\r\n"
        }
    ],
    "textDocument": {
        "uri": "file:///d%3A/ws/Sui/orc-linux/src/Main.orc",
        "version": 274
    }
}
didChange:file:///d:/ws/Sui/orc-linux/src/Main.orc 284 274 
buildSymbolSpace_byTextDocument. uri:file:///d:/ws/Sui/orc-linux/src/Main.orc, absPath:d:/ws/Sui/orc-linux/src/Main.orc
buildSymbolSpace_byTextDocument. mk parser
buildSymbolSpace_byTextDocument. program
buildSymbolSpace_byTextDocument. mkSpace
buildSymbolSpace_byTextDocument. init symbol builder v isitor
buildSymbolSpace_byTextDocument. SymbolBuilderVisitor.visit
buildSymbolSpace_byTextDocument  for uri file:///d:/ws/Sui/orc-linux/src/Main.orc. version:%d 
didChange succ

server=>client notification:Content-Length: 149

{"jsonrpc":"2.0","method":"textDocument/publishDiagnostics","params":{"diagnostics":[],"uri":"file:///d:/ws/Sui/orc-linux/src/Main.orc","version":8}}
route. id:152, method:textDocument/documentSymbol, params:{
    "textDocument": {
        "uri": "file:///d%3A/ws/Sui/orc-linux/src/Main.orc"
    }
}
ent:file:///d:/ws/Sui/orc-linux/src/Main.orc 
route. id:153, method:textDocument/documentSymbol, params:{
    "textDocument": {
        "uri": "file:///d%3A/ws/Sui/orc-linux/src/Main.orc"
    }
}
ent:file:///d:/ws/Sui/orc-linux/src/Main.orc 
buildDocumentSymbols. start
buildSymbolInfomations_bySymbols. start
buildSymbolInfomations_bySymbols. sym.name:initMain ret:0
buildSymbolInfomations_bySymbols. sym.name:main ret:1
buildDocumentSymbols. cnt:2

response:Content-Length: 469

{"id":152,"jsonrpc":"2.0","result":[{"children":[],"detail":"","kind":12,"name":"initMain","range":{"end":{"character":13,"line":11},"start":{"character":5,"line":11}},"selectionRange":{"end":{"character":13,"line":11},"start":{"character":5,"line":11}}},{"children":[],"detail":"","kind":12,"name":"main","range":{"end":{"character":8,"line":16},"start":{"character":4,"line":16}},"selectionRange":{"end":{"character":8,"line":16},"start":{"character":4,"line":16}}}]}
buildDocumentSymbols. start
buildSymbolInfomations_bySymbols. start
buildSymbolInfomations_bySymbols. sym.name:initMain ret:0
buildSymbolInfomations_bySymbols. sym.name:main ret:1
buildDocumentSymbols. cnt:2

response:Content-Length: 469

{"id":153,"jsonrpc":"2.0","result":[{"children":[],"detail":"","kind":12,"name":"initMain","range":{"end":{"character":13,"line":11},"start":{"character":5,"line":11}},"selectionRange":{"end":{"character":13,"line":11},"start":{"character":5,"line":11}}},{"children":[],"detail":"","kind":12,"name":"main","range":{"end":{"character":8,"line":16},"start":{"character":4,"line":16}},"selectionRange":{"end":{"character":8,"line":16},"start":{"character":4,"line":16}}}]}
route. id:0, method:textDocument/didChange, params:{
    "contentChanges": [
        {
            "text": "#include <stdio.h>\r\n\r\n// #include \"./NanovgEntry.h\"\r\n\r\n#include \"../UrgcDll/urgc_api.h\"\r\n#include \"Orc/Orc.h\"\r\n\r\nimport * from \"./Orc/String.orc\"\r\n\r\n \r\n\r\nvoid initMain(){\r\n    // urgc_start_process_thread();\r\n}\r\n\r\n\r\nint main(){\r\n    initMain()\r\n\r\n    printf(\"app used0\\n\")\r\n\r\n    getchar();\r\n    return 0\r\n}\r\n\r\n"
        }
    ],
    "textDocument": {
        "uri": "file:///d%3A/ws/Sui/orc-linux/src/Main.orc",
        "version": 275
    }
}
didChange:file:///d:/ws/Sui/orc-linux/src/Main.orc 311 275 
route. id:154, method:textDocument/documentColor, params:{
    "textDocument": {
        "uri": "file:///d%3A/ws/Sui/orc-linux/src/Main.orc"
    }
}

response:Content-Length: 38

{"id":154,"jsonrpc":"2.0","result":{}}
route. id:155, method:textDocument/documentHighlight, params:{
    "position": {
        "character": 4,
        "line": 19
    },
    "textDocument": {
        "uri": "file:///d%3A/ws/Sui/orc-linux/src/Main.orc"
    }
}
buildSymbolSpace_byTextDocument. uri:file:///d:/ws/Sui/orc-linux/src/Main.orc, absPath:d:/ws/Sui/orc-linux/src/Main.orc

response:Content-Length: 38

{"id":155,"jsonrpc":"2.0","result":{}}
buildSymbolSpace_byTextDocument. mk parser
buildSymbolSpace_byTextDocument. program
buildSymbolSpace_byTextDocument. mkSpace
buildSymbolSpace_byTextDocument. init symbol builder v isitor
buildSymbolSpace_byTextDocument. SymbolBuilderVisitor.visit
buildSymbolSpace_byTextDocument  for uri file:///d:/ws/Sui/orc-linux/src/Main.orc. version:%d 
didChange succ

server=>client notification:Content-Length: 149

{"jsonrpc":"2.0","method":"textDocument/publishDiagnostics","params":{"diagnostics":[],"uri":"file:///d:/ws/Sui/orc-linux/src/Main.orc","version":8}}
route. id:156, method:textDocument/documentHighlight, params:{
    "position": {
        "character": 10,
        "line": 19
    },
    "textDocument": {
        "uri": "file:///d%3A/ws/Sui/orc-linux/src/Main.orc"
    }
}

response:Content-Length: 38

{"id":156,"jsonrpc":"2.0","result":{}}
route. id:157, method:textDocument/documentSymbol, params:{
    "textDocument": {
        "uri": "file:///d%3A/ws/Sui/orc-linux/src/Main.orc"
    }
}
ent:file:///d:/ws/Sui/orc-linux/src/Main.orc 
buildDocumentSymbols. start
route. id:158, method:textDocument/documentSymbol, params:{
    "textDocument": {
        "uri": "file:///d%3A/ws/Sui/orc-linux/src/Main.orc"
    }
}
buildSymbolInfomations_bySymbols. start
buildSymbolInfomations_bySymbols. sym.name:initMain ret:0
ent:file:///d:/ws/Sui/orc-linux/src/Main.orc 
buildSymbolInfomations_bySymbols. sym.name:main ret:1
buildDocumentSymbols. cnt:2

response:Content-Length: 469

{"id":157,"jsonrpc":"2.0","result":[{"children":[],"detail":"","kind":12,"name":"initMain","range":{"end":{"character":13,"line":11},"start":{"character":5,"line":11}},"selectionRange":{"end":{"character":13,"line":11},"start":{"character":5,"line":11}}},{"children":[],"detail":"","kind":12,"name":"main","range":{"end":{"character":8,"line":16},"start":{"character":4,"line":16}},"selectionRange":{"end":{"character":8,"line":16},"start":{"character":4,"line":16}}}]}
buildDocumentSymbols. start
buildSymbolInfomations_bySymbols. start
buildSymbolInfomations_bySymbols. sym.name:initMain ret:0
buildSymbolInfomations_bySymbols. sym.name:main ret:1
buildDocumentSymbols. cnt:2

response:Content-Length: 469

{"id":158,"jsonrpc":"2.0","result":[{"children":[],"detail":"","kind":12,"name":"initMain","range":{"end":{"character":13,"line":11},"start":{"character":5,"line":11}},"selectionRange":{"end":{"character":13,"line":11},"start":{"character":5,"line":11}}},{"children":[],"detail":"","kind":12,"name":"main","range":{"end":{"character":8,"line":16},"start":{"character":4,"line":16}},"selectionRange":{"end":{"character":8,"line":16},"start":{"character":4,"line":16}}}]}
route. id:159, method:textDocument/documentHighlight, params:{
    "position": {
        "character": 12,
        "line": 19
    },
    "textDocument": {
        "uri": "file:///d%3A/ws/Sui/orc-linux/src/Main.orc"
    }
}

response:Content-Length: 38

{"id":159,"jsonrpc":"2.0","result":{}}
route. id:160, method:textDocument/codeAction, params:{
    "context": {
        "diagnostics": []
    },
    "range": {
        "end": {
            "character": 12,
            "line": 19
        },
        "start": {
            "character": 12,
            "line": 19
        }
    },
    "textDocument": {
        "uri": "file:///d%3A/ws/Sui/orc-linux/src/Main.orc"
    }
}
codeAction succ

response:Content-Length: 386

{"id":160,"jsonrpc":"2.0","result":[{"command":{"arguments":[{"context":{"diagnostics":[],"only":[],"triggerKind":0},"range":{"end":{"character":12,"line":19},"start":{"character":12,"line":19}},"textDocument":{"uri":"file:///d:/ws/Sui/orc-linux/src/Main.orc"}}],"command":"orclsp.import","title":"orclsp.import"},"diagnostics":[],"isPrefered":true,"kind":"refactor","title":"import"}]}
route. id:161, method:textDocument/documentLink, params:{
    "textDocument": {
        "uri": "file:///d%3A/ws/Sui/orc-linux/src/Main.orc"
    }
}

response:Content-Length: 38

{"id":161,"jsonrpc":"2.0","result":{}}
route. id:0, method:textDocument/didChange, params:{
    "contentChanges": [
        {
            "text": "#include <stdio.h>\r\n\r\n// #include \"./NanovgEntry.h\"\r\n\r\n#include \"../UrgcDll/urgc_api.h\"\r\n#include \"Orc/Orc.h\"\r\n\r\nimport * from \"./Orc/String.orc\"\r\n\r\n \r\n\r\nvoid initMain(){\r\n    // urgc_start_process_thread();\r\n}\r\n\r\n\r\nint main(){\r\n    initMain()\r\n\r\n    printf(\"\\n\")\r\n\r\n    getchar();\r\n    return 0\r\n}\r\n\r\n"
        }
    ],
    "textDocument": {
        "uri": "file:///d%3A/ws/Sui/orc-linux/src/Main.orc",
        "version": 276
    }
}
didChange:file:///d:/ws/Sui/orc-linux/src/Main.orc 302 276 
buildSymbolSpace_byTextDocument. uri:file:///d:/ws/Sui/orc-linux/src/Main.orc, absPath:d:/ws/Sui/orc-linux/src/Main.orc
buildSymbolSpace_byTextDocument. mk parser
buildSymbolSpace_byTextDocument. program
buildSymbolSpace_byTextDocument. mkSpace
buildSymbolSpace_byTextDocument. init symbol builder v isitor
buildSymbolSpace_byTextDocument. SymbolBuilderVisitor.visit
buildSymbolSpace_byTextDocument  for uri file:///d:/ws/Sui/orc-linux/src/Main.orc. version:%d 
didChange succ

server=>client notification:Content-Length: 149

{"jsonrpc":"2.0","method":"textDocument/publishDiagnostics","params":{"diagnostics":[],"uri":"file:///d:/ws/Sui/orc-linux/src/Main.orc","version":8}}
route. id:162, method:textDocument/documentSymbol, params:{
    "textDocument": {
        "uri": "file:///d%3A/ws/Sui/orc-linux/src/Main.orc"
    }
}
ent:file:///d:/ws/Sui/orc-linux/src/Main.orc 
route. id:163, method:textDocument/documentSymbol, params:{
    "textDocument": {
        "uri": "file:///d%3A/ws/Sui/orc-linux/src/Main.orc"
    }
}
ent:file:///d:/ws/Sui/orc-linux/src/Main.orc 
buildDocumentSymbols. start
buildSymbolInfomations_bySymbols. start
buildSymbolInfomations_bySymbols. sym.name:initMain ret:0
buildSymbolInfomations_bySymbols. sym.name:main ret:1
buildDocumentSymbols. cnt:2

response:Content-Length: 469

{"id":162,"jsonrpc":"2.0","result":[{"children":[],"detail":"","kind":12,"name":"initMain","range":{"end":{"character":13,"line":11},"start":{"character":5,"line":11}},"selectionRange":{"end":{"character":13,"line":11},"start":{"character":5,"line":11}}},{"children":[],"detail":"","kind":12,"name":"main","range":{"end":{"character":8,"line":16},"start":{"character":4,"line":16}},"selectionRange":{"end":{"character":8,"line":16},"start":{"character":4,"line":16}}}]}
buildDocumentSymbols. start
buildSymbolInfomations_bySymbols. start
buildSymbolInfomations_bySymbols. sym.name:initMain ret:0
buildSymbolInfomations_bySymbols. sym.name:main ret:1
buildDocumentSymbols. cnt:2

response:Content-Length: 469

{"id":163,"jsonrpc":"2.0","result":[{"children":[],"detail":"","kind":12,"name":"initMain","range":{"end":{"character":13,"line":11},"start":{"character":5,"line":11}},"selectionRange":{"end":{"character":13,"line":11},"start":{"character":5,"line":11}}},{"children":[],"detail":"","kind":12,"name":"main","range":{"end":{"character":8,"line":16},"start":{"character":4,"line":16}},"selectionRange":{"end":{"character":8,"line":16},"start":{"character":4,"line":16}}}]}
route. id:0, method:textDocument/didChange, params:{
    "contentChanges": [
        {
            "text": "#include <stdio.h>\r\n\r\n// #include \"./NanovgEntry.h\"\r\n\r\n#include \"../UrgcDll/urgc_api.h\"\r\n#include \"Orc/Orc.h\"\r\n\r\nimport * from \"./Orc/String.orc\"\r\n\r\n \r\n\r\nvoid initMain(){\r\n    // urgc_start_process_thread();\r\n}\r\n\r\n\r\nint main(){\r\n    initMain()\r\n\r\n    printf(\"i\\n\")\r\n\r\n    getchar();\r\n    return 0\r\n}\r\n\r\n"
        }
    ],
    "textDocument": {
        "uri": "file:///d%3A/ws/Sui/orc-linux/src/Main.orc",
        "version": 277
    }
}
didChange:file:///d:/ws/Sui/orc-linux/src/Main.orc 303 277 
route. id:164, method:textDocument/documentHighlight, params:{
    "position": {
        "character": 13,
        "line": 19
    },
    "textDocument": {
        "uri": "file:///d%3A/ws/Sui/orc-linux/src/Main.orc"
    }
}

response:Content-Length: 38

{"id":164,"jsonrpc":"2.0","result":{}}
buildSymbolSpace_byTextDocument. uri:file:///d:/ws/Sui/orc-linux/src/Main.orc, absPath:d:/ws/Sui/orc-linux/src/Main.orc
buildSymbolSpace_byTextDocument. mk parser
buildSymbolSpace_byTextDocument. program
buildSymbolSpace_byTextDocument. mkSpace
buildSymbolSpace_byTextDocument. init symbol builder v isitor
buildSymbolSpace_byTextDocument. SymbolBuilderVisitor.visit
buildSymbolSpace_byTextDocument  for uri file:///d:/ws/Sui/orc-linux/src/Main.orc. version:%d 
didChange succ

server=>client notification:Content-Length: 149

{"jsonrpc":"2.0","method":"textDocument/publishDiagnostics","params":{"diagnostics":[],"uri":"file:///d:/ws/Sui/orc-linux/src/Main.orc","version":8}}
route. id:165, method:textDocument/documentColor, params:{
    "textDocument": {
        "uri": "file:///d%3A/ws/Sui/orc-linux/src/Main.orc"
    }
}

response:Content-Length: 38

{"id":165,"jsonrpc":"2.0","result":{}}
route. id:166, method:textDocument/codeAction, params:{
    "context": {
        "diagnostics": []
    },
    "range": {
        "end": {
            "character": 13,
            "line": 19
        },
        "start": {
            "character": 13,
            "line": 19
        }
    },
    "textDocument": {
        "uri": "file:///d%3A/ws/Sui/orc-linux/src/Main.orc"
    }
}
codeAction succ

response:Content-Length: 386

{"id":166,"jsonrpc":"2.0","result":[{"command":{"arguments":[{"context":{"diagnostics":[],"only":[],"triggerKind":0},"range":{"end":{"character":13,"line":19},"start":{"character":13,"line":19}},"textDocument":{"uri":"file:///d:/ws/Sui/orc-linux/src/Main.orc"}}],"command":"orclsp.import","title":"orclsp.import"},"diagnostics":[],"isPrefered":true,"kind":"refactor","title":"import"}]}
route. id:0, method:textDocument/didChange, params:{
    "contentChanges": [
        {
            "text": "#include <stdio.h>\r\n\r\n// #include \"./NanovgEntry.h\"\r\n\r\n#include \"../UrgcDll/urgc_api.h\"\r\n#include \"Orc/Orc.h\"\r\n\r\nimport * from \"./Orc/String.orc\"\r\n\r\n \r\n\r\nvoid initMain(){\r\n    // urgc_start_process_thread();\r\n}\r\n\r\n\r\nint main(){\r\n    initMain()\r\n\r\n    printf(\"\\n\")\r\n\r\n    getchar();\r\n    return 0\r\n}\r\n\r\n"
        }
    ],
    "textDocument": {
        "uri": "file:///d%3A/ws/Sui/orc-linux/src/Main.orc",
        "version": 278
    }
}
didChange:file:///d:/ws/Sui/orc-linux/src/Main.orc 302 278 
route. id:167, method:textDocument/documentSymbol, params:{
    "textDocument": {
        "uri": "file:///d%3A/ws/Sui/orc-linux/src/Main.orc"
    }
}
ent:file:///d:/ws/Sui/orc-linux/src/Main.orc 
route. id:0, method:$/cancelRequest, params:{
    "id": 167
}

response:Content-Length: 36

{"id":0,"jsonrpc":"2.0","result":{}}
buildSymbolSpace_byTextDocument. uri:file:///d:/ws/Sui/orc-linux/src/Main.orc, absPath:d:/ws/Sui/orc-linux/src/Main.orc
buildSymbolSpace_byTextDocument. mk parser
buildSymbolSpace_byTextDocument. program
buildSymbolSpace_byTextDocument. mkSpace
buildSymbolSpace_byTextDocument. init symbol builder v isitor
buildSymbolSpace_byTextDocument. SymbolBuilderVisitor.visit
buildSymbolSpace_byTextDocument  for uri file:///d:/ws/Sui/orc-linux/src/Main.orc. version:%d 
didChange succ
buildDocumentSymbols. start
buildSymbolInfomations_bySymbols. start
buildSymbolInfomations_bySymbols. sym.name:initMain ret:0
buildSymbolInfomations_bySymbols. sym.name:main ret:1
buildDocumentSymbols. cnt:2

response:Content-Length: 469

{"id":167,"jsonrpc":"2.0","result":[{"children":[],"detail":"","kind":12,"name":"initMain","range":{"end":{"character":13,"line":11},"start":{"character":5,"line":11}},"selectionRange":{"end":{"character":13,"line":11},"start":{"character":5,"line":11}}},{"children":[],"detail":"","kind":12,"name":"main","range":{"end":{"character":8,"line":16},"start":{"character":4,"line":16}},"selectionRange":{"end":{"character":8,"line":16},"start":{"character":4,"line":16}}}]}

server=>client notification:Content-Length: 149

{"jsonrpc":"2.0","method":"textDocument/publishDiagnostics","params":{"diagnostics":[],"uri":"file:///d:/ws/Sui/orc-linux/src/Main.orc","version":8}}
route. id:0, method:textDocument/didChange, params:{
    "contentChanges": [
        {
            "text": "#include <stdio.h>\r\n\r\n// #include \"./NanovgEntry.h\"\r\n\r\n#include \"../UrgcDll/urgc_api.h\"\r\n#include \"Orc/Orc.h\"\r\n\r\nimport * from \"./Orc/String.orc\"\r\n\r\n \r\n\r\nvoid initMain(){\r\n    // urgc_start_process_thread();\r\n}\r\n\r\n\r\nint main(){\r\n    initMain()\r\n\r\n    printf(\"m\\n\")\r\n\r\n    getchar();\r\n    return 0\r\n}\r\n\r\n"
        }
    ],
    "textDocument": {
        "uri": "file:///d%3A/ws/Sui/orc-linux/src/Main.orc",
        "version": 279
    }
}
didChange:file:///d:/ws/Sui/orc-linux/src/Main.orc 303 279 
route. id:168, method:textDocument/documentHighlight, params:{
    "position": {
        "character": 13,
        "line": 19
    },
    "textDocument": {
        "uri": "file:///d%3A/ws/Sui/orc-linux/src/Main.orc"
    }
}

response:Content-Length: 38

{"id":168,"jsonrpc":"2.0","result":{}}
buildSymbolSpace_byTextDocument. uri:file:///d:/ws/Sui/orc-linux/src/Main.orc, absPath:d:/ws/Sui/orc-linux/src/Main.orc
buildSymbolSpace_byTextDocument. mk parser
buildSymbolSpace_byTextDocument. program
buildSymbolSpace_byTextDocument. mkSpace
buildSymbolSpace_byTextDocument. init symbol builder v isitor
buildSymbolSpace_byTextDocument. SymbolBuilderVisitor.visit
buildSymbolSpace_byTextDocument  for uri file:///d:/ws/Sui/orc-linux/src/Main.orc. version:%d 
didChange succ

server=>client notification:Content-Length: 149

{"jsonrpc":"2.0","method":"textDocument/publishDiagnostics","params":{"diagnostics":[],"uri":"file:///d:/ws/Sui/orc-linux/src/Main.orc","version":8}}
route. id:0, method:textDocument/didChange, params:{
    "contentChanges": [
        {
            "text": "#include <stdio.h>\r\n\r\n// #include \"./NanovgEntry.h\"\r\n\r\n#include \"../UrgcDll/urgc_api.h\"\r\n#include \"Orc/Orc.h\"\r\n\r\nimport * from \"./Orc/String.orc\"\r\n\r\n \r\n\r\nvoid initMain(){\r\n    // urgc_start_process_thread();\r\n}\r\n\r\n\r\nint main(){\r\n    initMain()\r\n\r\n    printf(\"mai\\n\")\r\n\r\n    getchar();\r\n    return 0\r\n}\r\n\r\n"
        }
    ],
    "textDocument": {
        "uri": "file:///d%3A/ws/Sui/orc-linux/src/Main.orc",
        "version": 281
    }
}
didChange:file:///d:/ws/Sui/orc-linux/src/Main.orc 305 281 
route. id:169, method:textDocument/documentHighlight, params:{
    "position": {
        "character": 15,
        "line": 19
    },
    "textDocument": {
        "uri": "file:///d%3A/ws/Sui/orc-linux/src/Main.orc"
    }
}

response:Content-Length: 38

{"id":169,"jsonrpc":"2.0","result":{}}
buildSymbolSpace_byTextDocument. uri:file:///d:/ws/Sui/orc-linux/src/Main.orc, absPath:d:/ws/Sui/orc-linux/src/Main.orc
buildSymbolSpace_byTextDocument. mk parser
buildSymbolSpace_byTextDocument. program
buildSymbolSpace_byTextDocument. mkSpace
buildSymbolSpace_byTextDocument. init symbol builder v isitor
buildSymbolSpace_byTextDocument. SymbolBuilderVisitor.visit
buildSymbolSpace_byTextDocument  for uri file:///d:/ws/Sui/orc-linux/src/Main.orc. version:%d 
didChange succ

server=>client notification:Content-Length: 149

{"jsonrpc":"2.0","method":"textDocument/publishDiagnostics","params":{"diagnostics":[],"uri":"file:///d:/ws/Sui/orc-linux/src/Main.orc","version":8}}
route. id:0, method:textDocument/didChange, params:{
    "contentChanges": [
        {
            "text": "#include <stdio.h>\r\n\r\n// #include \"./NanovgEntry.h\"\r\n\r\n#include \"../UrgcDll/urgc_api.h\"\r\n#include \"Orc/Orc.h\"\r\n\r\nimport * from \"./Orc/String.orc\"\r\n\r\n \r\n\r\nvoid initMain(){\r\n    // urgc_start_process_thread();\r\n}\r\n\r\n\r\nint main(){\r\n    initMain()\r\n\r\n    printf(\"main\\n\")\r\n\r\n    getchar();\r\n    return 0\r\n}\r\n\r\n"
        }
    ],
    "textDocument": {
        "uri": "file:///d%3A/ws/Sui/orc-linux/src/Main.orc",
        "version": 282
    }
}
didChange:file:///d:/ws/Sui/orc-linux/src/Main.orc 306 282 
route. id:170, method:textDocument/documentHighlight, params:{
    "position": {
        "character": 16,
        "line": 19
    },
    "textDocument": {
        "uri": "file:///d%3A/ws/Sui/orc-linux/src/Main.orc"
    }
}

response:Content-Length: 38

{"id":170,"jsonrpc":"2.0","result":{}}
buildSymbolSpace_byTextDocument. uri:file:///d:/ws/Sui/orc-linux/src/Main.orc, absPath:d:/ws/Sui/orc-linux/src/Main.orc
buildSymbolSpace_byTextDocument. mk parser
buildSymbolSpace_byTextDocument. program
buildSymbolSpace_byTextDocument. mkSpace
buildSymbolSpace_byTextDocument. init symbol builder v isitor
buildSymbolSpace_byTextDocument. SymbolBuilderVisitor.visit
buildSymbolSpace_byTextDocument  for uri file:///d:/ws/Sui/orc-linux/src/Main.orc. version:%d 
didChange succ

server=>client notification:Content-Length: 149

{"jsonrpc":"2.0","method":"textDocument/publishDiagnostics","params":{"diagnostics":[],"uri":"file:///d:/ws/Sui/orc-linux/src/Main.orc","version":8}}
route. id:171, method:textDocument/documentHighlight, params:{
    "position": {
        "character": 15,
        "line": 19
    },
    "textDocument": {
        "uri": "file:///d%3A/ws/Sui/orc-linux/src/Main.orc"
    }
}

response:Content-Length: 38

{"id":171,"jsonrpc":"2.0","result":{}}
route. id:172, method:textDocument/documentSymbol, params:{
    "textDocument": {
        "uri": "file:///d%3A/ws/Sui/orc-linux/src/Main.orc"
    }
}
ent:file:///d:/ws/Sui/orc-linux/src/Main.orc 
route. id:173, method:textDocument/documentSymbol, params:{
    "textDocument": {
        "uri": "file:///d%3A/ws/Sui/orc-linux/src/Main.orc"
    }
}
ent:file:///d:/ws/Sui/orc-linux/src/Main.orc 
buildDocumentSymbols. start
buildSymbolInfomations_bySymbols. start
buildSymbolInfomations_bySymbols. sym.name:initMain ret:0
buildSymbolInfomations_bySymbols. sym.name:main ret:1
buildDocumentSymbols. cnt:2

response:Content-Length: 469

{"id":172,"jsonrpc":"2.0","result":[{"children":[],"detail":"","kind":12,"name":"initMain","range":{"end":{"character":13,"line":11},"start":{"character":5,"line":11}},"selectionRange":{"end":{"character":13,"line":11},"start":{"character":5,"line":11}}},{"children":[],"detail":"","kind":12,"name":"main","range":{"end":{"character":8,"line":16},"start":{"character":4,"line":16}},"selectionRange":{"end":{"character":8,"line":16},"start":{"character":4,"line":16}}}]}
buildDocumentSymbols. start
buildSymbolInfomations_bySymbols. start
buildSymbolInfomations_bySymbols. sym.name:initMain ret:0
buildSymbolInfomations_bySymbols. sym.name:main ret:1
buildDocumentSymbols. cnt:2

response:Content-Length: 469

{"id":173,"jsonrpc":"2.0","result":[{"children":[],"detail":"","kind":12,"name":"initMain","range":{"end":{"character":13,"line":11},"start":{"character":5,"line":11}},"selectionRange":{"end":{"character":13,"line":11},"start":{"character":5,"line":11}}},{"children":[],"detail":"","kind":12,"name":"main","range":{"end":{"character":8,"line":16},"start":{"character":4,"line":16}},"selectionRange":{"end":{"character":8,"line":16},"start":{"character":4,"line":16}}}]}
route. id:174, method:textDocument/codeAction, params:{
    "context": {
        "diagnostics": []
    },
    "range": {
        "end": {
            "character": 15,
            "line": 19
        },
        "start": {
            "character": 15,
            "line": 19
        }
    },
    "textDocument": {
        "uri": "file:///d%3A/ws/Sui/orc-linux/src/Main.orc"
    }
}
codeAction succ

response:Content-Length: 386

{"id":174,"jsonrpc":"2.0","result":[{"command":{"arguments":[{"context":{"diagnostics":[],"only":[],"triggerKind":0},"range":{"end":{"character":15,"line":19},"start":{"character":15,"line":19}},"textDocument":{"uri":"file:///d:/ws/Sui/orc-linux/src/Main.orc"}}],"command":"orclsp.import","title":"orclsp.import"},"diagnostics":[],"isPrefered":true,"kind":"refactor","title":"import"}]}
route. id:175, method:textDocument/documentColor, params:{
    "textDocument": {
        "uri": "file:///d%3A/ws/Sui/orc-linux/src/Main.orc"
    }
}

response:Content-Length: 38

{"id":175,"jsonrpc":"2.0","result":{}}
route. id:0, method:textDocument/willSave, params:{
    "reason": 1,
    "textDocument": {
        "uri": "file:///d%3A/ws/Sui/orc-linux/src/Main.orc"
    }
}

response:Content-Length: 36

{"id":0,"jsonrpc":"2.0","result":{}}
route. id:0, method:textDocument/didSave, params:{
    "textDocument": {
        "uri": "file:///d%3A/ws/Sui/orc-linux/src/Main.orc"
    }
}

response:Content-Length: 36

{"id":0,"jsonrpc":"2.0","result":{}}
route. id:176, method:textDocument/documentLink, params:{
    "textDocument": {
        "uri": "file:///d%3A/ws/Sui/orc-linux/src/Main.orc"
    }
}

response:Content-Length: 38

{"id":176,"jsonrpc":"2.0","result":{}}
route. id:177, method:textDocument/codeAction, params:{
    "context": {
        "diagnostics": []
    },
    "range": {
        "end": {
            "character": 0,
            "line": 25
        },
        "start": {
            "character": 32,
            "line": 7
        }
    },
    "textDocument": {
        "uri": "file:///d%3A/ws/Sui/orc-linux/src/Main.orc"
    }
}
codeAction succ

response:Content-Length: 384

{"id":177,"jsonrpc":"2.0","result":[{"command":{"arguments":[{"context":{"diagnostics":[],"only":[],"triggerKind":0},"range":{"end":{"character":0,"line":25},"start":{"character":32,"line":7}},"textDocument":{"uri":"file:///d:/ws/Sui/orc-linux/src/Main.orc"}}],"command":"orclsp.import","title":"orclsp.import"},"diagnostics":[],"isPrefered":true,"kind":"refactor","title":"import"}]}
route. id:0, method:textDocument/willSave, params:{
    "reason": 1,
    "textDocument": {
        "uri": "file:///d%3A/ws/Sui/orc-linux/src/Main.orc"
    }
}

response:Content-Length: 36

{"id":0,"jsonrpc":"2.0","result":{}}
route. id:0, method:textDocument/didSave, params:{
    "textDocument": {
        "uri": "file:///d%3A/ws/Sui/orc-linux/src/Main.orc"
    }
}

response:Content-Length: 36

{"id":0,"jsonrpc":"2.0","result":{}}
route. id:0, method:textDocument/willSave, params:{
    "reason": 1,
    "textDocument": {
        "uri": "file:///d%3A/ws/Sui/orc-linux/src/Main.orc"
    }
}

response:Content-Length: 36

{"id":0,"jsonrpc":"2.0","result":{}}
route. id:0, method:textDocument/didSave, params:{
    "textDocument": {
        "uri": "file:///d%3A/ws/Sui/orc-linux/src/Main.orc"
    }
}

response:Content-Length: 36

{"id":0,"jsonrpc":"2.0","result":{}}
route. id:0, method:textDocument/willSave, params:{
    "reason": 1,
    "textDocument": {
        "uri": "file:///d%3A/ws/Sui/orc-linux/src/Main.orc"
    }
}

response:Content-Length: 36

{"id":0,"jsonrpc":"2.0","result":{}}
route. id:0, method:textDocument/didSave, params:{
    "textDocument": {
        "uri": "file:///d%3A/ws/Sui/orc-linux/src/Main.orc"
    }
}

response:Content-Length: 36

{"id":0,"jsonrpc":"2.0","result":{}}
route. id:0, method:textDocument/willSave, params:{
    "reason": 1,
    "textDocument": {
        "uri": "file:///d%3A/ws/Sui/orc-linux/src/Main.orc"
    }
}

response:Content-Length: 36

{"id":0,"jsonrpc":"2.0","result":{}}
route. id:0, method:textDocument/didSave, params:{
    "textDocument": {
        "uri": "file:///d%3A/ws/Sui/orc-linux/src/Main.orc"
    }
}

response:Content-Length: 36

{"id":0,"jsonrpc":"2.0","result":{}}
route. id:178, method:textDocument/documentColor, params:{
    "textDocument": {
        "uri": "file:///d%3A/ws/Sui/orc-linux/src/Main.orc"
    }
}

response:Content-Length: 38

{"id":178,"jsonrpc":"2.0","result":{}}
route. id:179, method:textDocument/codeAction, params:{
    "context": {
        "diagnostics": []
    },
    "range": {
        "end": {
            "character": 0,
            "line": 0
        },
        "start": {
            "character": 0,
            "line": 0
        }
    },
    "textDocument": {
        "uri": "file:///d%3A/ws/Sui/orc-linux/src/Main.orc"
    }
}
codeAction succ

response:Content-Length: 382

{"id":179,"jsonrpc":"2.0","result":[{"command":{"arguments":[{"context":{"diagnostics":[],"only":[],"triggerKind":0},"range":{"end":{"character":0,"line":0},"start":{"character":0,"line":0}},"textDocument":{"uri":"file:///d:/ws/Sui/orc-linux/src/Main.orc"}}],"command":"orclsp.import","title":"orclsp.import"},"diagnostics":[],"isPrefered":true,"kind":"refactor","title":"import"}]}
route. id:180, method:textDocument/documentLink, params:{
    "textDocument": {
        "uri": "file:///d%3A/ws/Sui/orc-linux/src/Main.orc"
    }
}

response:Content-Length: 38

{"id":180,"jsonrpc":"2.0","result":{}}
route. id:181, method:textDocument/documentSymbol, params:{
    "textDocument": {
        "uri": "file:///d%3A/ws/Sui/orc-linux/src/Main.orc"
    }
}
ent:file:///d:/ws/Sui/orc-linux/src/Main.orc 
buildDocumentSymbols. start
buildSymbolInfomations_bySymbols. start
buildSymbolInfomations_bySymbols. sym.name:initMain ret:0
buildSymbolInfomations_bySymbols. sym.name:main ret:1
buildDocumentSymbols. cnt:2

response:Content-Length: 469

{"id":181,"jsonrpc":"2.0","result":[{"children":[],"detail":"","kind":12,"name":"initMain","range":{"end":{"character":13,"line":11},"start":{"character":5,"line":11}},"selectionRange":{"end":{"character":13,"line":11},"start":{"character":5,"line":11}}},{"children":[],"detail":"","kind":12,"name":"main","range":{"end":{"character":8,"line":16},"start":{"character":4,"line":16}},"selectionRange":{"end":{"character":8,"line":16},"start":{"character":4,"line":16}}}]}
route. id:182, method:shutdown, params:{}

response:Content-Length: 38

{"id":182,"jsonrpc":"2.0","result":{}}
